file,treeID,source,source_id,license,photographer,url
golden-shower_whole_INAT-350188746_000.jpg,INAT-350188746,inaturalist,350188746,cc-by,"(c) Srinivasan Kasinathan, some rights reserved (CC BY)",https://www.inaturalist.org/observations/350188746
golden-shower_whole_INAT-335369313_001.jpg,INAT-335369313,inaturalist,335369313,cc0,no rights reserved,https://www.inaturalist.org/observations/335369313
golden-shower_whole_INAT-279927374_002.jpg,INAT-279927374,inaturalist,279927374,cc-by-sa,"(c) Divya Mudappa, some rights reserved (CC BY-SA)",https://www.inaturalist.org/observations/279927374
golden-shower_whole_INAT-205191574_003.jpg,INAT-205191574,inaturalist,205191574,cc-by,"(c) T R Shankar Raman, some rights reserved (CC BY)",https://www.inaturalist.org/observations/205191574
golden-shower_whole_INAT-113698043_004.jpg,INAT-113698043,inaturalist,113698043,cc-by,"(c) T R Shankar Raman, some rights reserved (CC BY)",https://www.inaturalist.org/observations/113698043
golden-shower_whole_INAT-31328961_005.jpg,INAT-31328961,inaturalist,31328961,cc-by-nc,"(c) Selvaganesh K, some rights reserved (CC BY-NC)",https://www.inaturalist.org/observations/31328961
golden-shower_whole_INAT-25264918_006.jpg,INAT-25264918,inaturalist,25264918,cc-by-nc,"(c) Mahesh A, some rights reserved (CC BY-NC)",https://www.inaturalist.org/observations/25264918
golden-shower_whole_INAT-13634557_007.jpg,INAT-13634557,inaturalist,13634557,cc-by-nc,"(c) Selvaganesh K, some rights reserved (CC BY-NC)",https://www.inaturalist.org/observations/13634557
golden-shower_whole_INAT-247873246_008.jpg,INAT-247873246,inaturalist,247873246,cc-by,"(c) Paulmathi Vinod, some rights reserved (CC BY)",https://www.inaturalist.org/observations/247873246
golden-shower_whole_INAT-247708072_009.jpg,INAT-247708072,inaturalist,247708072,cc-by,"(c) Paulmathi Vinod, some rights reserved (CC BY)",https://www.inaturalist.org/observations/247708072
jackfruit_whole_INAT-350188973_000.jpg,INAT-350188973,inaturalist,350188973,cc-by,"(c) Srinivasan Kasinathan, some rights reserved (CC BY)",https://www.inaturalist.org/observations/350188973
jackfruit_whole_INAT-225421106_001.jpg,INAT-225421106,inaturalist,225421106,cc-by,"(c) mandanna, some rights reserved (CC BY)",https://www.inaturalist.org/observations/225421106
jackfruit_whole_INAT-158536218_002.jpg,INAT-158536218,inaturalist,158536218,cc-by,"(c) T R Shankar Raman, some rights reserved (CC BY)",https://www.inaturalist.org/observations/158536218
jackfruit_whole_INAT-147178131_003.jpg,INAT-147178131,inaturalist,147178131,cc-by,"(c) rajesh rocky, some rights reserved (CC BY)",https://www.inaturalist.org/observations/147178131
jackfruit_whole_INAT-147094952_004.jpg,INAT-147094952,inaturalist,147094952,cc-by,"(c) T R Shankar Raman, some rights reserved (CC BY)",https://www.inaturalist.org/observations/147094952
jackfruit_whole_INAT-147018934_005.jpg,INAT-147018934,inaturalist,147018934,cc-by-sa,"(c) Divya Mudappa, some rights reserved (CC BY-SA)",https://www.inaturalist.org/observations/147018934
jackfruit_whole_INAT-122744692_006.jpg,INAT-122744692,inaturalist,122744692,cc-by,"(c) T R Shankar Raman, some rights reserved (CC BY)",https://www.inaturalist.org/observations/122744692
jackfruit_whole_INAT-105206846_007.jpg,INAT-105206846,inaturalist,105206846,cc-by-nc,"(c) Karthik, some rights reserved (CC BY-NC)",https://www.inaturalist.org/observations/105206846
jackfruit_whole_INAT-48096433_008.jpg,INAT-48096433,inaturalist,48096433,cc-by-nc,"(c) Mahesh A, some rights reserved (CC BY-NC)",https://www.inaturalist.org/observations/48096433
jackfruit_whole_INAT-41588491_009.jpg,INAT-41588491,inaturalist,41588491,cc-by,"(c) Siddarth Machado, some rights reserved (CC BY)",https://www.inaturalist.org/observations/41588491
jackfruit_whole_INAT-334230517_010.jpg,INAT-334230517,inaturalist,334230517,cc-by-nc,"(c) P. S. Sivaprasad, some rights reserved (CC BY-NC)",https://www.inaturalist.org/observations/334230517
silk-cotton_whole_INAT-379069764_000.jpg,INAT-379069764,inaturalist,379069764,cc-by,"(c) rajesh rocky, some rights reserved (CC BY)",https://www.inaturalist.org/observations/379069764
silk-cotton_whole_INAT-297868585_001.jpg,INAT-297868585,inaturalist,297868585,cc-by,"(c) P Jeganathan, some rights reserved (CC BY)",https://www.inaturalist.org/observations/297868585
silk-cotton_whole_INAT-260511305_002.jpg,INAT-260511305,inaturalist,260511305,cc-by,"(c) Karthik Thrikkadeeri, some rights reserved (CC BY)",https://www.inaturalist.org/observations/260511305
silk-cotton_whole_INAT-196916394_003.jpg,INAT-196916394,inaturalist,196916394,cc-by,"(c) T R Shankar Raman, some rights reserved (CC BY)",https://www.inaturalist.org/observations/196916394
silk-cotton_whole_INAT-196096095_004.jpg,INAT-196096095,inaturalist,196096095,cc-by,"(c) T R Shankar Raman, some rights reserved (CC BY)",https://www.inaturalist.org/observations/196096095
silk-cotton_whole_INAT-191914621_005.jpg,INAT-191914621,inaturalist,191914621,cc-by,"(c) madhavan a.p, some rights reserved (CC BY)",https://www.inaturalist.org/observations/191914621
silk-cotton_whole_INAT-147012091_006.jpg,INAT-147012091,inaturalist,147012091,cc-by,"(c) rajesh rocky, some rights reserved (CC BY)",https://www.inaturalist.org/observations/147012091
silk-cotton_whole_INAT-147382973_007.jpg,INAT-147382973,inaturalist,147382973,cc-by,"(c) madhavan a.p, some rights reserved (CC BY)",https://www.inaturalist.org/observations/147382973
silk-cotton_whole_INAT-147382972_008.jpg,INAT-147382972,inaturalist,147382972,cc-by,"(c) madhavan a.p, some rights reserved (CC BY)",https://www.inaturalist.org/observations/147382972
silk-cotton_whole_INAT-148382458_009.jpg,INAT-148382458,inaturalist,148382458,cc-by,"(c) rajesh rocky, some rights reserved (CC BY)",https://www.inaturalist.org/observations/148382458
silk-cotton_whole_INAT-110178802_010.jpg,INAT-110178802,inaturalist,110178802,cc-by,"(c) P Jeganathan, some rights reserved (CC BY)",https://www.inaturalist.org/observations/110178802
silk-cotton_whole_INAT-101525308_011.jpg,INAT-101525308,inaturalist,101525308,cc-by,"(c) T R Shankar Raman, some rights reserved (CC BY)",https://www.inaturalist.org/observations/101525308
silk-cotton_whole_INAT-94905600_012.jpg,INAT-94905600,inaturalist,94905600,cc-by,"(c) T R Shankar Raman, some rights reserved (CC BY)",https://www.inaturalist.org/observations/94905600
silk-cotton_whole_INAT-21196260_013.jpg,INAT-21196260,inaturalist,21196260,cc-by-nc,"(c) Mahesh A, some rights reserved (CC BY-NC)",https://www.inaturalist.org/observations/21196260
silk-cotton_whole_INAT-248404444_014.jpg,INAT-248404444,inaturalist,248404444,cc-by,"(c) Paulmathi Vinod, some rights reserved (CC BY)",https://www.inaturalist.org/observations/248404444
