file,species,split,treeID
validation/golden-shower/golden-shower_whole_INAT-113698043_004.jpg,golden-shower,validation,INAT-113698043
test/golden-shower/golden-shower_whole_INAT-13634557_007.jpg,golden-shower,test,INAT-13634557
train/golden-shower/golden-shower_whole_INAT-205191574_003.jpg,golden-shower,train,INAT-205191574
train/golden-shower/golden-shower_whole_INAT-247708072_009.jpg,golden-shower,train,INAT-247708072
train/golden-shower/golden-shower_whole_INAT-247873246_008.jpg,golden-shower,train,INAT-247873246
train/golden-shower/golden-shower_whole_INAT-25264918_006.jpg,golden-shower,train,INAT-25264918
train/golden-shower/golden-shower_whole_INAT-279927374_002.jpg,golden-shower,train,INAT-279927374
train/golden-shower/golden-shower_whole_INAT-31328961_005.jpg,golden-shower,train,INAT-31328961
train/golden-shower/golden-shower_whole_INAT-335369313_001.jpg,golden-shower,train,INAT-335369313
train/golden-shower/golden-shower_whole_INAT-350188746_000.jpg,golden-shower,train,INAT-350188746
train/jackfruit/jackfruit_whole_INAT-105206846_007.jpg,jackfruit,train,INAT-105206846
train/jackfruit/jackfruit_whole_INAT-122744692_006.jpg,jackfruit,train,INAT-122744692
train/jackfruit/jackfruit_whole_INAT-147018934_005.jpg,jackfruit,train,INAT-147018934
train/jackfruit/jackfruit_whole_INAT-147094952_004.jpg,jackfruit,train,INAT-147094952
train/jackfruit/jackfruit_whole_INAT-147178131_003.jpg,jackfruit,train,INAT-147178131
train/jackfruit/jackfruit_whole_INAT-158536218_002.jpg,jackfruit,train,INAT-158536218
validation/jackfruit/jackfruit_whole_INAT-225421106_001.jpg,jackfruit,validation,INAT-225421106
train/jackfruit/jackfruit_whole_INAT-334230517_010.jpg,jackfruit,train,INAT-334230517
train/jackfruit/jackfruit_whole_INAT-350188973_000.jpg,jackfruit,train,INAT-350188973
test/jackfruit/jackfruit_whole_INAT-41588491_009.jpg,jackfruit,test,INAT-41588491
train/jackfruit/jackfruit_whole_INAT-48096433_008.jpg,jackfruit,train,INAT-48096433
train/silk-cotton/silk-cotton_whole_INAT-101525308_011.jpg,silk-cotton,train,INAT-101525308
train/silk-cotton/silk-cotton_whole_INAT-110178802_010.jpg,silk-cotton,train,INAT-110178802
train/silk-cotton/silk-cotton_whole_INAT-147012091_006.jpg,silk-cotton,train,INAT-147012091
train/silk-cotton/silk-cotton_whole_INAT-147382972_008.jpg,silk-cotton,train,INAT-147382972
train/silk-cotton/silk-cotton_whole_INAT-147382973_007.jpg,silk-cotton,train,INAT-147382973
train/silk-cotton/silk-cotton_whole_INAT-148382458_009.jpg,silk-cotton,train,INAT-148382458
train/silk-cotton/silk-cotton_whole_INAT-191914621_005.jpg,silk-cotton,train,INAT-191914621
train/silk-cotton/silk-cotton_whole_INAT-196096095_004.jpg,silk-cotton,train,INAT-196096095
validation/silk-cotton/silk-cotton_whole_INAT-196916394_003.jpg,silk-cotton,validation,INAT-196916394
train/silk-cotton/silk-cotton_whole_INAT-21196260_013.jpg,silk-cotton,train,INAT-21196260
test/silk-cotton/silk-cotton_whole_INAT-248404444_014.jpg,silk-cotton,test,INAT-248404444
test/silk-cotton/silk-cotton_whole_INAT-260511305_002.jpg,silk-cotton,test,INAT-260511305
train/silk-cotton/silk-cotton_whole_INAT-297868585_001.jpg,silk-cotton,train,INAT-297868585
train/silk-cotton/silk-cotton_whole_INAT-379069764_000.jpg,silk-cotton,train,INAT-379069764
validation/silk-cotton/silk-cotton_whole_INAT-94905600_012.jpg,silk-cotton,validation,INAT-94905600
