siteID,date20x20,season,canopyCover,rock,soil,litter,grass,wedelia,herbs,coffee,remarks
IPTO_04R,2016-10-04,S1,65,Low,Low,Med,Med,Absent,Low,Absent,
IPTO_04U,2016-10-05,S1,35,Low,Low,Low,Low,Absent,Low,Absent,
IPTO_05R,2016-10-05,S1,65,Low,Low,Med,Low,Absent,Low,Absent,
IPTO_05U,2016-10-05,S1,35,Low,Low,Low,Med,Absent,Med,Absent,
VAR2_10R,2016-10-06,S1,75,Med,Low,High,Low,Absent,Med,Absent,
VAR3_10R,2016-10-06,S1,75,Low,Low,High,Absent,Absent,Low,Absent,
SEL2_07R,2016-10-08,S1,50,Absent,Low,Med,Med,Absent,Med,Absent,
SEL1_07R,2016-10-10,S1,65,Absent,Low,High,Med,Absent,Low,Absent,
SEL1_07U,2016-10-10,S1,40,Absent,Low,Low,High,Absent,Low,Absent,
SEL2_07U,2016-10-13,S1,88.5,NA,NA,NA,NA,NA,NA,NA,Canopy cover from 5x5 data
VAR4_10R,2016-10-10,S1,80,Absent,Low,Med,Low,Absent,Low,Absent,
HP40_05R,2016-10-11,S1,65,Med,Low,Low,Med,Absent,Med,Absent,
HP40_08R,2016-10-11,S1,50,Low,Low,Med,Med,Absent,Low,Absent,
HP40_05U,2016-10-12,S1,20,Med,Low,Low,Med,Absent,Low,Absent,
HP40_08U,2016-10-12,S1,25,Low,Low,Med,Low,Absent,Low,Absent,
OLV1_10R,2016-10-13,S1,50,Med,Low,Low,Low,Absent,Med,Absent,
OLV2_08R,2016-10-13,S1,60,Low,Low,Med,Low,Absent,Low,Absent,
OLV2_08U,2016-10-15,S1,40,Low,Low,Low,Low,Absent,Med,Absent,
OLV1_10U,2016-10-15,S1,20,Low,Low,Low,Med,Absent,Med,Absent,
VAR2_10U,2016-10-24,S1,20,Low,Med,Med,Med,Absent,Med,Absent,
VAR3_10U,2016-10-24,S1,20,Low,Med,Med,Med,Absent,Med,Absent,
VAR4_10U,2016-10-24,S1,75,Low,Low,High,Low,Absent,Low,Absent,
IPCO_07R,2016-11-07,S1,5,Med,Low,Low,Med,Absent,Low,Absent,
IPCO_08R,2016-11-07,S1,25,Med,Low,Low,Low,Absent,Low,Absent,
IPCO_07U,2016-11-09,S1,0,Med,Low,Med,Low,Absent,High,Absent,
IPCO_08U,2016-11-09,S1,0,High,Low,Med,Low,Absent,Med,Absent,
IPTO_07R,2016-11-09,S1,50,Med,Low,Med,Low,Absent,Low,Absent,
IPTO_06R,2016-11-12,S1,65,Low,Low,Med,Med,Absent,Low,Absent,
IPTO_06U,2016-11-12,S1,0,Med,Med,Low,Med,Absent,High,Absent,
IPTO_07U,2016-11-12,S1,0,Med,Med,Low,Low,Absent,Med,Absent,
THEN_10R,2016-11-17,S1,30,Low,Low,Med,Med,Absent,Med,Absent,
THEN_10U,2016-11-17,S1,0,Med,Low,Med,Med,Absent,High,Absent,
H06,2016-12-22,S1,50,Med,Low,Low,Low,Absent,Med,Absent,site ID changed from CH06_09R to H06
H05,2016-12-22,S1,65,Low,Low,Med,Low,Low,Low,Absent,site ID changed from CH05_08R to H05
J06,2016-12-23,S1,50,Low,Low,Low,Med,Absent,Low,Absent,site ID changed from CH05_08U to J06
K06,2016-12-23,S1,75,Low,Low,Med,Low,Absent,Low,Absent,site ID changed from CH05_09U to K06
HP37_P1B,2016-12-28,S1,85,Med,Low,Med,Absent,Absent,Low,Absent,
HP37_P2B,2016-12-28,S1,60,Low,Low,Low,Absent,Absent,Low,Absent,
HP37_P3B,2016-12-29,S1,80,Low,Low,Med,Absent,Absent,Absent,Absent,
HP37_P4B,2016-12-29,S1,75,Low,Low,Med,Absent,Absent,Low,Absent,
HP36_P1B,2016-12-30,S1,80,Low,Low,High,Absent,Absent,Low,Absent,
HP36_P2B,2016-12-30,S1,75,Low,Low,Med,Low,Absent,Low,Absent,
HP36_P3B,2016-12-30,S1,65,Med,Low,Low,Low,Absent,Med,Absent,
HP36_P4B,2016-12-30,S1,70,Med,Low,Med,Low,Absent,Low,Absent,
OLCA_P1B,2017-01-03,S1,70,Low,Low,Med,Absent,Absent,Low,Absent,
OLCA_P2B,2017-01-03,S1,55,High,Med,Low,Absent,Absent,Med,Absent,
UPMA_P1B,2017-02-14,S1,75,Med,Low,High,Absent,Absent,Low,Absent,
UPMA_P2B,2017-02-14,S1,70,Low,Low,High,Absent,Absent,Low,Absent,
UPMA_P3B,2017-02-14,S1,80,Low,Low,High,Absent,Absent,Low,Absent,
UPMA_P4B,2017-02-15,S1,80,Med,Low,High,Absent,Absent,Low,Absent,
UPMA_P5B,2017-02-15,S1,75,Low,Low,High,Absent,Absent,Low,Absent,
INME_03R,2017-03-24,S1,50,Absent,Low,Med,Low,Absent,Low,Absent,
INDS_03R,2017-03-24,S1,65,Low,Low,Med,Low,Absent,Low,Absent,
INBS_04R,2017-03-24,S1,70,Absent,Low,Med,Med,Absent,Low,Absent,
INOA_03R,2017-03-24,S1,70,Absent,Low,Med,Med,Absent,Low,Absent,
STM1_02R,2017-03-25,S1,70,Absent,Low,Med,Absent,Absent,Low,Absent,
STM2_04R,2017-03-25,S1,65,Low,Low,Med,Low,Absent,Low,Absent,
STIN_02R,2017-03-28,S1,70,Low,Low,Med,Low,Absent,Low,Absent,
STM2_04U,2017-03-28,S1,5,Low,Med,Low,Absent,Absent,Low,Absent,
STM1_02U,2017-03-28,S1,5,Low,Low,Low,High,Absent,Low,Absent,
STIN_02U,2017-05-11,S1,10,Absent,Low,Med,Low,Absent,Low,Absent,
INOA_03U,2017-05-11,S1,20,Absent,Low,Low,Med,Absent,Low,Absent,
INBS_04U,2017-05-11,S1,5,Absent,Low,Low,High,Absent,Low,Absent,
INDS_03U,2017-05-11,S1,85,Absent,Low,High,Low,Absent,Low,Absent,
INME_03U,2017-05-17,S1,45,Absent,Low,Low,Med,Absent,Low,Absent,
PANM_P1B,2017-05-12,S1,95,Low,Low,High,Low,Absent,Low,Absent,
PANM_P2B,2017-05-12,S1,85,Absent,Low,High,Absent,Absent,Low,Absent,
PANM_P3B,2020-04-27,S1,100,Low,Low,High,Absent,Absent,Low,Absent,
PANM_P4B,2020-04-27,S1,38,Absent,Low,High,High,Absent,Low,Absent,
UPMA_P6B,2020-03-24,S1,100,High,Low,High,Absent,Absent,Absent,Absent,
PTTM_P1D,2018-11-12,S1,75,Absent,Low,High,Low,Absent,Low,High,Fragment extra
PTTM_P2D,2018-11-12,S1,90,Low,Low,High,Low,Absent,Low,High,Fragment extra
SIRK_P1D,2018-11-12,S1,100,Absent,Low,High,Med,Absent,Low,Absent,Fragment extra
SIRK_P2D,2018-11-12,S1,95,Absent,Low,High,Low,Absent,Low,Absent,Fragment extra
SIRK_P3D,2018-11-12,S1,100,Absent,Low,High,Low,Absent,Low,Absent,Fragment extra
OLCA_P3B,2020-04-28,S1,99,Low,Low,High,Absent,Absent,Absent,Absent,
OLCA_P4B,2020-04-28,S1,97,High,Med,Med,Absent,Absent,Absent,Absent,
OLCA_P5B,2020-04-28,S1,66,Low,Med,High,Low,Absent,Low,Absent,
I07,2016-12-22,S1,10,Low,Low,Low,High,Absent,Low,Absent,
J07,2016-12-23,S1,35,Low,Absent,Low,Absent,High,Absent,Absent,
I17,2017-02-16,S1,95,Low,Low,High,Absent,Absent,Absent,High,
J17,2017-02-16,S1,80,Low,Low,High,Low,Absent,Low,Absent,
K17,2017-02-16,S1,70,Med,Low,High,Low,Absent,Low,Absent,
L17,2017-02-16,S1,85,Med,Low,Med,Low,Absent,Low,Absent,
K16,2017-02-17,S1,90,Low,Low,High,Low,Absent,Low,Absent,
L16,2017-02-17,S1,95,Absent,Low,High,Low,Absent,Low,Absent,
M16,2017-02-17,S1,65,Low,Low,High,Low,Absent,Low,Absent,
N16,2017-02-17,S1,90,Med,Low,High,Low,Absent,Low,Absent,
M17,2017-02-17,S1,95,Low,Low,High,Low,Absent,Low,Absent,
N14,2017-02-18,S1,95,Med,Low,High,Low,Absent,Med,Absent,
K13,2017-02-18,S1,90,High,Low,High,Low,Absent,Low,Absent,
K15,2017-02-18,S1,85,Low,Low,High,Low,Absent,Low,Absent,
J16,2017-02-18,S1,90,Low,Low,High,Low,Absent,Low,Absent,
K11,2017-02-22,S1,85,High,Low,High,Low,Absent,Low,Absent,
N10,2017-02-22,S1,95,Med,Med,Med,Low,Absent,Low,Absent,
L12,2017-02-22,S1,80,Absent,Low,High,Low,Absent,Low,Absent,
L09,2017-02-23,S1,100,Low,Low,Med,Absent,High,Absent,Absent,
K08,2017-02-23,S1,90,Med,Low,High,Low,Absent,Low,Absent,
L07,2017-02-23,S1,90,Med,Low,High,Low,Absent,Low,Absent,
J06,2017-02-23,S2,60,Med,Low,High,Low,Absent,Low,Absent,
F03,2017-02-23,S1,75,Absent,Low,High,Med,Low,Low,Absent,
L05,2017-02-24,S1,60,Absent,Low,High,Low,Absent,Low,Absent,
E04,2017-02-24,S1,65,Low,Low,High,Low,Low,Low,Absent,
D02,2017-02-24,S1,65,Absent,Low,High,Med,Absent,Low,Absent,
L15,2018-05-09,S1,90,Low,Med,High,Med,Absent,Low,Low,
M15,2018-05-09,S1,85,High,Low,Med,High,Absent,Low,Med,
N15,2018-05-10,S1,100,High,Low,High,Med,Absent,Low,High,
J12,2018-09-13,S1,80,Low,Low,High,Med,Med,Med,Low,
N12,2018-09-13,S1,100,Low,Low,High,Low,Absent,Low,Med,
M12,2018-09-13,S1,80,Med,Med,High,Med,Absent,Med,High,
K12,2018-09-13,S1,75,Low,Low,High,High,Absent,Med,Low,
N13,2018-09-13,S1,100,Low,Low,High,Low,Absent,Med,Med,
L14,2018-09-12,S1,70,Low,Low,Med,High,Absent,Med,Absent,
K14,2018-09-12,S1,90,Med,Med,Med,Low,Absent,Low,Absent,
M14,2018-09-12,S1,100,High,Med,High,Low,Absent,Low,Absent,
M13,2018-09-12,S1,100,High,Med,Med,Med,Absent,Med,Absent,
L13,2018-09-12,S1,80,Low,Low,Med,Low,High,Low,Absent,
N11,2018-09-14,S1,65,Low,Low,High,High,Absent,Low,Low,
M11,2018-09-14,S1,95,High,Low,High,High,Absent,Med,High,
L11,2018-09-14,S1,100,Med,Low,High,High,Absent,Med,High,
J11,2018-09-14,S1,75,Med,Low,Med,Low,High,Low,Med,
B02,2018-10-15,S1,70,Low,Low,High,High,High,Med,Absent,
C02,2018-10-15,S1,95,Med,Low,High,Med,Absent,Low,Absent,
E02,2018-10-15,S1,100,Med,Med,High,Med,Low,Low,Absent,
F02,2018-10-15,S1,90,Low,Low,High,Low,High,Low,Absent,
C01,2018-10-15,S1,85,High,Med,High,High,Absent,Med,Absent,
B01,2018-10-15,S1,90,Med,Med,High,High,Absent,Med,Absent,
A01,2018-10-15,S1,100,Low,Low,High,High,Absent,Med,Absent,
H03,2018-10-13,S1,75,Absent,Low,Med,High,Absent,Med,Absent,
G03,2018-10-13,S1,75,Absent,Med,High,Med,Low,Med,Absent,
E03,2018-10-13,S1,65,High,Low,High,Med,Med,Med,Low,
D03,2018-10-12,S1,25,Low,Low,Low,High,Absent,Low,Absent,
C03,2018-10-13,S1,50,Med,Low,Med,High,Absent,Med,Absent,
I03,2018-10-13,S1,100,Absent,Med,High,Med,Absent,Med,Absent,
H04,2018-10-13,S1,90,Low,Low,High,Med,Absent,Med,Absent,
G04,2018-10-13,S1,90,High,Low,High,High,Absent,Med,Absent,
F04,2018-10-11,S1,55,Med,Low,Low,Low,High,Low,Absent,
G07,2018-10-11,S1,100,High,Med,High,Med,Absent,Med,Low,
F05,2018-10-11,S1,60,Med,Med,Med,High,Absent,Med,Absent,
J09,2018-10-09,S1,80,Low,Low,Med,Low,High,Med,Absent,
J10,2018-10-08,S1,30,Low,Low,Low,Low,High,Low,Absent,
I08,2018-10-10,S1,25,Med,Low,Med,Low,Absent,Med,Absent,
G05,2018-10-12,S1,90,High,Med,High,High,Absent,Med,Absent,
G06,2018-10-11,S1,50,Low,Med,High,Low,Absent,Low,Absent,
L06,2018-10-11,S1,65,Low,Low,Med,Med,Absent,Low,Absent,
H07,2018-10-11,S1,70,Med,Low,Med,Low,High,Low,Absent,
I06,2018-10-11,S1,100,Med,Low,Med,Med,Absent,Low,Absent,
L04,2018-10-12,S1,100,Med,Med,High,Med,Med,Med,Absent,
K05,2018-10-12,S1,100,High,Med,High,Med,High,Low,Absent,
J05,2018-10-12,S1,90,Absent,Low,Med,High,Absent,Low,Absent,
K04,2018-10-12,S1,100,Low,Med,High,Med,High,Med,Low,
J04,2018-10-12,S1,95,Low,Med,High,Low,High,Low,Absent,
I05,2018-10-12,S1,95,Med,Low,High,Med,Med,Low,Absent,
H08,2018-10-10,S1,100,Med,Low,High,High,Absent,Med,Low,
J08,2018-10-10,S1,100,High,Low,High,Med,High,Med,Low,
M08,2018-10-09,S1,55,Med,Low,Med,High,Absent,Med,Absent,
M07,2018-10-10,S1,85,Med,Low,High,Med,Absent,Med,Low,
L08,2018-10-10,S1,75,Med,Med,High,Med,Absent,Med,Absent,
K07,2018-10-10,S1,100,High,Med,High,Med,Absent,Med,Absent,
N08,2018-10-09,S1,95,Low,Low,High,High,Absent,Med,Low,
A02,2018-10-15,S1,25,Low,Low,Med,High,Absent,Med,Absent,
M10,2018-10-08,S1,100,Med,Med,High,Low,Absent,Low,Med,
L10,2018-10-08,S1,100,High,Med,Med,Med,Absent,Med,Low,
K10,2018-10-08,S1,100,Absent,Low,Low,Low,High,Low,Low,
I09,2018-10-09,S1,80,Absent,Low,High,Med,Med,Low,Absent,
K09,2018-10-09,S1,80,Med,Low,Med,Low,High,Low,Absent,
M09,2018-10-09,S1,75,Absent,Low,Med,Med,Absent,Med,Absent,
N09,2018-10-09,S1,100,Low,Low,High,Low,Absent,Low,Absent,
O08,2018-10-09,S1,65,Med,Low,Med,High,Absent,Med,Absent,
AGO_01R,2022-12-24,S1,15,Absent,Low,Low,High,Absent,Low,Absent,
AGO_02R,2022-12-24,S1,24,Low,Low,Low,High,Absent,Low,Absent,
AGO_03R,2022-12-24,S1,5,Low,Low,High,High,Absent,Low,Absent,
OLCA_P1B,2022-11-22,S2,99,Low,Med,High,Low,Absent,High,Absent,
OLCA_P2B,2022-11-23,S2,100,High,Med,Med,Low,Absent,Low,Absent,
OLCA_P3B,2022-11-23,S2,99,Low,Med,High,Absent,Absent,Low,Absent,
OLCA_P4B,2022-11-23,S2,99,Low,Med,Med,Low,Absent,High,Absent,
OLCA_P5B,2022-11-23,S2,89,Low,Med,Low,Low,Absent,Low,Absent,
HP36_P1B,2022-11-25,S2,99,Low,Low,High,Absent,Absent,Low,Absent,
HP36_P2B,2022-11-25,S2,100,Low,Low,High,Low,Absent,Absent,Absent,
HP36_P3B,2022-11-25,S2,99,Low,Low,High,Low,Absent,Low,Absent,
HP36_P4B,2022-11-25,S2,95,High,Low,High,Low,Absent,Low,Absent,
HP37_P1B,2022-11-23,S2,98,High,Med,High,Absent,Absent,Low,Absent,
HP37_P2B,2022-11-23,S2,94,Low,Med,Med,Absent,Absent,Low,Absent,
HP37_P3B,2022-11-24,S2,99,Med,Low,High,Absent,Absent,Low,Absent,
HP37_P4B,2022-11-24,S2,95,Low,Low,High,Low,Absent,Low,Absent,
UPMA_P1B,2022-12-20,S2,100,High,Med,Med,Absent,Absent,Low,Absent,
UPMA_P2B,2022-12-20,S2,99,Med,Med,High,Absent,Absent,Low,Absent,
UPMA_P3B,2022-12-20,S2,100,Low,Med,Med,Absent,Absent,Low,Absent,
UPMA_P4B,2022-12-20,S2,98,High,Med,High,Absent,Absent,Low,Absent,
UPMA_P5B,2022-12-20,S2,100,Low,Med,Med,Absent,Absent,Low,Absent,
UPMA_P6B,2022-12-20,S2,85,Med,Med,High,Low,Absent,Low,Absent,
PANM_P1B,2022-12-05,S2,100,Low,Low,High,Absent,Absent,Low,Absent,
PANM_P2B,2022-12-05,S2,99,Low,Low,High,Med,Absent,Absent,Absent,
PANM_P3B,2022-12-05,S2,99,Low,Low,High,Absent,Absent,Low,Absent,
PANM_P4B,2022-12-05,S2,100,Low,Low,High,Low,Absent,Low,Absent,
INME_03R,2022-11-29,S2,100,Absent,Med,High,Low,Absent,Med,Absent,
INME_03U,2022-11-30,S2,97,Absent,Low,High,High,Absent,Med,Absent,
INDS_03R,2022-11-29,S2,87,Low,Med,Low,Med,Absent,Low,Absent,
INDS_03U,2022-11-29,S2,100,Absent,Low,High,High,Absent,Med,Absent,
INBS_04R,2022-11-28,S2,98,Absent,Med,Med,High,Absent,Low,Absent,
INBS_04U,2022-11-30,S2,52,Absent,Absent,Med,High,Absent,Low,Absent,
INOA_03R,2022-11-29,S2,80,Absent,Low,Low,High,Absent,Med,Absent,
INOA_03U,2022-11-30,S2,74,Absent,Absent,Absent,High,Absent,Low,Absent,
STM1_02R,2022-11-28,S2,100,Absent,Low,High,Low,Absent,Low,Absent,
STM1_02U,2022-11-28,S2,0,Absent,Absent,Low,High,Absent,High,Absent,
STM2_04R,2022-11-28,S2,98,Low,Med,Med,Med,Absent,Med,Absent,
STM2_04U,2022-11-28,S2,92,Absent,Low,Low,High,Absent,High,Absent,
STIN_02R,2022-11-28,S2,98,Low,Low,Med,High,Absent,High,Absent,
STIN_02U,2022-11-28,S2,98,Absent,Low,Low,High,Absent,High,Absent,
SIRK_P1D,2022-11-30,S2,99,Low,Low,High,Low,Absent,Low,Absent,
SIRK_P2D,2022-11-30,S2,100,Low,Low,High,High,Absent,Low,Absent,
SIRK_P3D,2022-11-30,S2,96,Low,Low,High,High,Absent,Low,Absent,
PTTM_P1D,2022-11-30,S2,86,Low,Med,Med,Med,Absent,Low,Absent,
PTTM_P2D,2022-11-29,S2,86,Low,Med,High,Low,Absent,Low,Absent,
IPCO_07R,2022-11-24,S2,8,Low,Med,Med,Low,Absent,Low,Absent,
IPCO_07U,2022-11-24,S2,8,Low,Low,High,Absent,Absent,Low,Absent,
IPCO_08R,2022-11-24,S2,100,Low,Low,High,Low,Absent,Low,Absent,
IPCO_08U,2022-11-24,S2,77,Med,Low,Med,Low,Absent,Low,Absent,
HP40_05R,2022-11-22,S2,95,High,Low,High,Low,Absent,Low,Absent,
HP40_05U,2022-11-22,S2,86,High,Med,Med,High,Absent,Med,Absent,
HP40_08R,2022-11-22,S2,88,High,Low,High,Low,Absent,Low,Absent,
HP40_08U,2022-11-22,S2,39,Absent,Med,Med,High,Absent,Med,Absent,
IPTO_04R,2022-11-21,S2,91,Low,Med,High,Med,Absent,Low,Absent,
IPTO_04U,2022-11-25,S2,91,Low,Med,Med,Med,Absent,Low,Absent,
IPTO_05R,2022-11-21,S2,94,Med,Med,High,Low,Absent,Low,Absent,In Akhil’s notebook
IPTO_05U,2022-11-25,S2,98,Low,Med,High,Low,Absent,Low,Absent,
IPTO_06R,2022-11-21,S2,91,Low,High,Med,Low,Absent,Low,Absent,In Akhil’s notebook
IPTO_06U,2022-11-25,S2,88,Low,High,Med,Med,Absent,Low,Absent,
IPTO_07R,2022-11-21,S2,97,Med,Med,Med,Med,Absent,Med,Absent,
IPTO_07U,2022-11-25,S2,9,Absent,Low,Low,Med,Absent,Low,Absent,
SEL1_07R,2022-11-26,S2,78,Absent,Med,Med,Low,Absent,Low,Absent,
SEL1_07U,2022-11-26,S2,65,Absent,Low,High,Med,Absent,Med,Absent,
SEL2_07R,2022-11-26,S2,79,Absent,Low,Med,High,Absent,Med,Absent,
SEL2_07U,2022-11-26,S2,26,Absent,Low,High,High,Absent,Low,Absent,
THEN_10R,2022-11-26,S2,92,Low,Med,Med,Low,Absent,Low,Absent,
THEN_10U,2022-11-26,S2,65,High,Low,Med,High,Absent,Med,Absent,
VAR2_10R,2022-11-28,S2,84,Med,Med,High,Low,Absent,Low,Absent,
VAR2_10U,2022-11-28,S2,13,Low,Low,Low,High,Absent,Med,Absent,
VAR3_10R,2022-11-28,S2,90,Absent,Med,Med,Absent,Absent,Low,Absent,
VAR3_10U,2022-11-28,S2,100,Med,Med,Med,High,Absent,Low,Absent,
VAR4_10R,2022-11-28,S2,90,Absent,Med,Med,Low,Absent,Low,Absent,
VAR4_10U,2022-11-28,S2,80,Absent,Med,Med,Low,Absent,Low,Absent,
OLV1_10R,2022-11-29,S2,62,Med,Med,Med,Med,Absent,Med,Absent,
OLV1_10U,2022-11-29,S2,56,High,Med,Med,Low,Absent,Low,Absent,
OLV2_08R,2022-11-29,S2,82,Med,Med,Med,Low,Absent,Low,Absent,
OLV2_08U,2022-11-29,S2,91,High,Med,Med,Low,Absent,Low,Absent,
H05,2022-12-19,S2,95,Low,Low,Med,High,Absent,Med,Absent,site ID changed from CH05_08R to H05
J06,2022-12-19,S3,86,Low,Low,Low,High,Med,Low,Absent,site ID changed from CH06_08U to J06
H06,2022-12-19,S2,100,Low,Med,Med,Med,Absent,Low,Absent,site ID changed from CH06_09R to H06
K06,2022-12-19,S2,94,Low,Low,Med,High,Low,Med,Absent,site ID changed from CH06_09U to K06
Anali_01R,2023-04-20,S1,99,Med,Low,High,Absent,Absent,Absent,Med,WP 201
Anali_02R,2023-04-20,S1,100,Low,Low,High,Low,Absent,Low,Med,WP 202
Anali_03R,2023-04-20,S1,100,Med,Low,High,Absent,Absent,Low,Med,WP 203
VAR1_01R,2023-04-20,S1,95,Low,Low,High,Absent,Absent,Absent,High,WP 204
AGO_01U,2023-04-21,S1,62,Med,Med,High,Low,Absent,Med,Absent,
AGO_02U,2023-04-21,S1,44,Absent,Low,Low,High,Absent,Low,Absent,
AGO_03U,2023-04-21,S1,86,Absent,Low,Med,High,Absent,Low,Absent,
TANTEA_CIN_01R,2023-07-21,S1,76,Low,Low,Med,High,Absent,Med,Absent,Canopy cover taken away from centroid 8m away open
TANTEA_CIN_02R,2023-07-21,S1,55,Absent,Low,Med,High,Absent,Med,Absent,Canopy cover taken away from centroid 8m away open
A01,2023-04-29,S2,83,Med,Med,Med,High,Absent,Med,High,
A02,2023-04-27,S2,83,High,Low,High,High,Absent,Med,Absent,
B01,2023-04-29,S2,87,Low,Low,Low,High,High,Med,Low,
B02,2023-04-27,S2,80,High,Low,High,High,Low,Med,Absent,
C01,2023-04-29,S2,85,Med,Med,Med,High,Low,Low,Absent,
C02,2023-04-27,S2,87,High,Low,High,High,Absent,Low,Absent,
C03,2023-04-27,S2,99,Low,Low,High,High,Med,Med,Med,
D02,2023-04-29,S2,83,Low,Med,Low,High,Absent,Med,Absent,
D03,2023-04-27,S2,69,Low,Low,Med,High,Low,Med,Low,
E02,2023-04-29,S2,90,Low,Low,Med,High,Med,Low,Absent,
E03,2023-04-30,S2,72,High,Low,Low,High,Med,High,Absent,
E04,2023-04-30,S2,70,Low,Low,Low,Low,High,Low,Absent,
F02,2023-04-29,S2,70,Low,Low,Low,Low,High,Low,Absent,
F03,2023-04-29,S2,84,Low,Med,High,Med,Med,Low,Absent,
F04,2023-04-30,S2,69,Low,Low,Med,Low,High,Absent,Low,
F05,2023-04-30,S2,91,High,Low,Med,Med,Absent,Low,Low,
G03,2023-04-30,S2,82,Low,Med,Med,High,Med,Low,Absent,
G04,2023-04-30,S2,68,Low,Med,Low,High,Absent,Med,Absent,
G05,2023-04-30,S2,95,Low,Med,Med,Med,Absent,Low,High,
G06,2023-05-08,S2,96,Low,Med,Med,High,Low,Low,Absent,
G07,2023-09-19,S2,89,Low,Med,Low,Med,Absent,Med,High,
G08,2023-08-18,S1,91,Med,Low,Med,Med,Low,Low,High,
H03,2023-04-30,S2,88,Low,Low,Med,High,Absent,Med,Absent,
H04,2023-04-30,S2,99,Med,Low,High,Low,Absent,Low,Absent,
H07,2023-08-18,S2,97,Low,Low,Med,Low,High,Low,Med,
H08,2023-08-18,S2,94,Med,Low,Med,Med,Absent,Low,Low,
I03,2023-04-30,S2,78,Absent,Low,Med,Med,Absent,Low,Absent,
I05,2023-05-08,S2,91,Low,Med,Med,Med,High,Low,Absent,
I06,2023-05-09,S2,78,Med,Low,Med,High,Med,Low,Low,
I07,2023-05-09,S2,62,Low,Low,Med,Med,High,Low,Absent,
I08,2023-05-09,S2,44,Low,Low,Low,Low,High,Low,Absent,
I09,2023-05-09,S2,97,Low,Low,High,High,High,Low,Absent,
I13,2023-07-06,S1,90,Med,Low,Med,High,Low,Med,Med,
I17,2023-09-19,S2,96,Low,Low,Med,Med,Absent,Low,High,
J04,2023-05-08,S2,73,Low,Med,Low,Med,High,Low,Absent,
J05,2023-05-08,S2,74,Low,Low,Med,High,Low,Med,Absent,
J07,2023-05-09,S2,65,Low,Low,Low,Med,High,Low,Absent,
J08,2023-08-18,S2,92,Med,Low,Med,Med,High,Low,Low,
J09,2023-08-18,S2,70,Low,Low,Low,Low,High,Low,Absent,
J10,2023-08-14,S2,4,Absent,Absent,Absent,Low,High,Low,Absent,
J11,2023-08-21,S2,83,Low,Low,Low,Low,High,Low,High,
J12,2023-08-21,S2,90,Low,Med,Med,Med,Med,Low,High,
J16,2023-09-19,S2,61,Low,Med,Med,High,Absent,Med,High,
J17,2023-09-19,S2,67,Absent,Low,Med,Med,Absent,Med,High,
K04,2023-05-08,S2,91,Low,Med,Med,Med,Med,Low,Low,
K05,2023-05-08,S2,85,Low,Low,Med,Low,High,Low,Absent,
K07,2023-05-09,S2,83,Med,Med,Med,Med,Low,Med,Low,
K08,2023-08-18,S2,89,Low,Med,Low,Low,Low,Med,Absent,
K09,2023-08-18,S2,66,Low,Low,Low,Low,High,Low,Absent,
K10,2023-08-14,S2,60,Absent,Absent,Absent,Low,High,Low,Absent,
K11,2023-08-21,S2,95,Low,Med,Med,Med,Absent,Med,High,
K12,2023-08-21,S2,95,Med,Med,Med,Med,High,Low,Med,
K13,2023-08-21,S2,26,High,Low,Low,Med,High,Low,Low,
K14,2023-08-21,S2,97,High,Med,Low,Med,Low,Med,High,
K15,2023-08-22,S2,88,Med,Low,Med,High,Low,Med,Med,
K16,2023-08-22,S2,79,Absent,Low,Med,High,Absent,Low,Low,
K17,2023-09-19,S2,83,Low,Low,Med,Low,Absent,Med,High,
L04,2023-05-08,S2,97,Low,Med,Med,Low,High,Low,Absent,
L05,2023-05-08,S2,91,Low,Low,High,Low,Med,Low,Absent,
L06,2023-05-09,S2,96,Low,Med,Med,High,Absent,Low,Absent,
L07,2023-05-09,S2,71,Med,Low,Med,High,Med,Med,Absent,
L08,2023-08-18,S2,94,Low,Med,Low,High,Absent,Low,Absent,
L09,2023-08-18,S2,72,Low,Low,Med,High,High,Low,Absent,
L10,2023-08-14,S2,92,Med,Low,Med,Low,Absent,Low,High,
L11,2023-08-21,S2,99,Low,Med,Med,Low,Absent,Low,High,
L15,2023-08-22,S2,83,Absent,Med,Med,Med,Absent,High,Med,
L16,2023-08-22,S2,98,Absent,Med,Med,Med,Absent,Low,High,
L17,2023-08-22,S2,97,Low,Low,Med,Med,Low,Med,Med,
M07,2023-05-09,S2,83,Med,Med,Med,Med,Absent,Low,Low,
M08,2023-08-14,S2,86,Low,Med,Med,High,Absent,High,Absent,
M09,2023-08-18,S2,54,Low,Low,Med,Med,Low,Med,Absent,
M10,2023-08-14,S2,92,Low,Med,Low,Med,Absent,Low,High,
M11,2023-08-21,S2,95,Med,Med,Med,Med,Low,Med,High,
M15,2023-08-22,S2,80,Low,Low,Med,Med,Absent,Med,High,
M16,2023-08-22,S2,87,Med,Low,High,Low,Absent,Low,High,
M17,2023-08-22,S2,91,Absent,Med,Med,High,Absent,Low,Med,
N08,2023-08-14,S2,82,Absent,Med,Med,High,Absent,Med,Low,
N09,2023-08-14,S2,87,Low,Med,Med,Low,Absent,Low,Med,
N10,2023-08-14,S2,81,Low,Med,Absent,Low,Absent,Med,Med,
N11,2023-08-21,S2,44,Absent,Med,Med,High,Absent,High,High,
N15,2023-08-22,S2,99,Low,Low,High,Low,Absent,Low,High,
N16,2023-08-22,S2,98,Med,Med,Med,Med,Absent,Med,High,
O08,2023-08-14,S2,92,Low,Med,Med,High,Absent,Med,Low,
P08,2023-08-14,S1,79,Low,Low,Low,High,Absent,Med,Absent,
E15,2023-10-26,S1,42,Absent,Low,Low,High,Absent,Med,Absent,
F14,2023-10-26,S1,49,Low,Low,Low,High,Absent,Low,Med,
F15,2023-10-26,S1,22,Absent,Low,Low,High,Absent,Med,Absent,
F16,2023-10-26,S1,45,Absent,Low,Low,High,Absent,Med,Absent,
G13,2023-10-26,S1,84,Low,Low,Med,High,Absent,High,High,
G14,2023-10-26,S1,47,Low,Low,Low,High,Absent,Med,High,
G15,2023-10-26,S1,45,Low,Low,Low,High,Absent,Med,High,
G16,2023-10-26,S1,47,Absent,Low,Low,High,Absent,Low,High,
H13,2023-10-26,S1,97,High,Low,Med,Med,Absent,Med,High,
H14,2023-10-26,S1,53,Low,Low,High,High,Absent,Low,Med,
H15,2023-10-26,S1,28,Absent,Low,Low,High,Absent,Low,Med,
H16,2023-10-26,S1,55,Med,Low,Low,High,Absent,Low,Med,
H17,2023-10-26,S1,38,Absent,Low,Low,High,Absent,Low,Med,
I14,2023-10-26,S1,72,Low,Low,High,High,Absent,Low,High,
I15,2023-10-26,S1,60,Low,Low,High,High,Absent,Low,High,
I16,2023-10-26,S1,100,Absent,Low,Med,High,Absent,Low,Med,
J13,2023-10-26,S1,70,Low,Low,High,High,Low,Low,Low,
J14,2023-10-26,S1,100,High,High,Low,Low,Absent,Low,High,
J15,2023-10-26,S1,40,Absent,Absent,Med,High,Absent,Low,High,
L12,2023-10-27,S2,83,Low,Med,Med,Med,Med,Low,High,
L13,2023-10-27,S2,47,Low,Low,Low,High,High,Med,Med,
L14,2023-10-27,S2,80,Low,Low,Med,Med,Med,Low,Med,
M12-SE(3),2023-12-14,S1,84,Med,Med,Med,Low,Absent,Low,Absent,
M13-NE(4),2023-12-13,S1,73,Low,Med,Med,Low,Absent,Med,Absent,
M14-SE(1),2023-12-14,S1,76,Low,Low,Med,High,Absent,Med,High,
N12-SE(2),2023-12-11,S1,99,Low,Low,Med,Absent,Absent,Low,Absent,
N13-SE(1),2023-12-13,S1,74,Absent,Med,Med,Low,Absent,Med,Absent,
N14-NE(1),2023-12-13,S1,78,Med,Low,Med,Low,Absent,Med,Med,
RK-24 R01,2024-01-24,S1,0,Med,Med,Absent,Low,Absent,Low,Absent,date changed from 11th march to 24th jan to join with other sheets
RK-24 R02,2024-01-24,S1,0,Med,Med,Absent,Med,Absent,Low,Absent,date changed from 11th march to 24th jan to join with other sheets
IYP2024R1,2024-04-22,S1,85,Med,Low,High,Med,Absent,Low,Absent,
IYP2024R2,2024-04-22,S1,93,Med,Low,High,Low,Absent,Low,Absent,
G13,2025-12-17,S2,60,Absent,Low,Med,med,Absent,High,Med,Canopy cover taken away from centroid the distance is around 5m.
G14,2025-12-17,S2,44,Low,Low,Low,High,Absent,Low,Med,
H14,2025-12-17,S2,41,Low,Low,High,High,Absent,Med,Med,Canopy cover taken away from centroid the distance is around 7m.
TANTEA_CIN_03R,2025-12-18,S1,35,Low,Low,Low,High,Absent,High,Absent,
TANTEA_CIN_04R,2025-12-18,S1,89,Low,Low,Med,High,Absent,High,Absent,
RK-25 R,2025-12-18,S1,0,Low,Med,Med,High,Absent,Low,Low,
IyT-GLI-25 R,2025-12-18,S1,98,Low,High,Med,Low,Absent,Absent,Absent,
