siteID,date5x5,season,verbatimSpecies,species
STM1_02R,2018-02-09,S1,Artocarpus heterophyllus,Artocarpus heterophyllus
STM1_02R,2018-02-09,S1,Maesopsis eminii,Maesopsis eminii
STM1_02R,2018-02-09,S1,Heynea trijuga,Heynea trijuga
STM1_02R,2018-02-09,S1,Dimocarpus longan,Dimocarpus longan
STM1_02R,2018-02-09,S1,Actinodaphne malabaricum,Actinodaphne malabarica
STM2_04R,2018-02-09,S1,Actinodaphne malabaricum,Actinodaphne malabarica
STM2_04R,2018-02-09,S1,Ficus hispida,Ficus hispida
STM2_04R,2018-02-09,S1,Ficus exasperata,Ficus exasperata
STM2_04R,2018-02-09,S1,Maesopsis eminii,Maesopsis eminii
STM2_04R,2018-02-09,S1,Acronychia pedunculata,Acronychia pedunculata
STIN_02R,2018-02-09,S1,Litsea floribunda,Litsea floribunda
STIN_02R,2018-02-09,S1,Actinodaphne malabaricum,Actinodaphne malabarica
STIN_02R,2018-02-09,S1,Maesa indica,Maesa indica
STIN_02R,2018-02-09,S1,Mallotus tetracoccus,Mallotus tetracoccus
STIN_02R,2018-02-09,S1,Canarium strictum,Canarium strictum
STIN_02R,2018-02-09,S1,Heynea trijuga,Heynea trijuga
STIN_02R,2018-02-09,S1,Clerodendrum viscosum,Clerodendrum infortunatum
STM1_02U,2018-02-09,S1,Artocarpus heterophyllus,Artocarpus heterophyllus
STM1_02U,2018-02-09,S1,Actinodaphne malabaricum,Actinodaphne malabarica
STM1_02U,2018-02-09,S1,Melicope lunu-ankenda,Melicope lunu-ankenda
STM1_02U,2018-02-09,S1,Michelia champaca,Michelia champaca
STM2_04U,2018-02-09,S1,Eucalyptus sp,Eucalyptus sp.
STM2_04U,2018-02-09,S1,Vernonia arborea,Vernonia arborea
STIN_02U,2018-02-09,S1,Eucalyptus sp,Eucalyptus sp.
STIN_02U,2018-02-09,S1,Macaranga indica,Macaranga indica
STIN_02U,2018-02-09,S1,Clerodendrum viscosum,Clerodendrum infortunatum
STIN_02U,2018-02-09,S1,Maesopsis eminii,Maesopsis eminii
STIN_02U,2018-02-09,S1,Guava fruit,Psidium guajava
INME_03R,2018-02-20,S1,Elaeocarpus munronii,Elaeocarpus munronii
INME_03R,2018-02-20,S1,Actinodaphne malabaricum,Actinodaphne malabarica
INME_03R,2018-02-20,S1,Maesopsis eminii,Maesopsis eminii
INME_03R,2018-02-20,S1,Melicope lunu-ankenda,Melicope lunu-ankenda
INME_03R,2018-02-20,S1,Ormosia travancorica,Ormosia travancorica
INBS_04R,2018-02-20,S1,Spathodea campanulata,Spathodea campanulata
INBS_04R,2018-02-20,S1,Litsea floribunda,Litsea floribunda
INBS_04R,2018-02-20,S1,Acronychia pedunculata,Acronychia pedunculata
INBS_04R,2018-02-20,S1,Vernonia arborea,Vernonia arborea
INDS_03R,2018-02-20,S1,Bhesa indica,Bhesa indica
INDS_03R,2018-02-20,S1,Litsea oleiodes,Litsea nigrescens
INDS_03R,2018-02-20,S1,Dimocarpus longan,Dimocarpus longan
INDS_03R,2018-02-20,S1,Spathodea campanulata,Spathodea campanulata
INDS_03U,2018-02-20,S1,Eucalyptus sp,Eucalyptus sp.
INDS_03U,2018-02-20,S1,Spathodea campanulata,Spathodea campanulata
INDS_03U,2018-02-20,S1,Acronychia pedunculata,Acronychia pedunculata
INDS_03U,2018-02-20,S1,Litsea floribunda,Litsea floribunda
INDS_03U,2018-02-20,S1,Dimocarpus longan,Dimocarpus longan
INDS_03U,2018-02-20,S1,Maesa indica,Maesa indica
INME_03U,2018-02-20,S1,Eucalyptus sp,Eucalyptus sp.
INME_03U,2018-02-20,S1,Spathodea campanulata,Spathodea campanulata
INME_03U,2018-02-20,S1,Melicope lunu-ankenda,Melicope lunu-ankenda
INME_03U,2018-02-20,S1,Maesa indica,Maesa indica
INME_03U,2018-02-20,S1,Clerodendrum viscosum,Clerodendrum infortunatum
INOA_03R,2018-03-09,S1,Maesopsis eminii,Maesopsis eminii
INOA_03R,2018-03-09,S1,Erythrina sp,Erythrina sp.
INOA_03R,2018-03-09,S1,Vernonia arborea,Vernonia arborea
INOA_03R,2018-03-09,S1,Actinodaphne malabaricum,Actinodaphne malabarica
INOA_03R,2018-03-09,S1,Spathodea campanulata,Spathodea campanulata
INOA_03R,2018-03-09,S1,Litsea coriacea,Litsea coriacea
INOA_03U,2018-03-09,S1,Eucalyptus sp,Eucalyptus sp.
INBS_04U,2018-03-09,S1,Eucalyptus sp,Eucalyptus sp.
INBS_04U,2018-03-09,S1,Vernonia arborea,Vernonia arborea
SEL1_07R,2018-03-08,S1,Litsea floribunda,Litsea floribunda
SEL1_07R,2018-03-08,S1,Clerodendrum viscosum,Clerodendrum infortunatum
SEL1_07R,2018-03-08,S1,Litsea bourdillonii,Litsea bourdillonii
SEL1_07R,2018-03-08,S1,Eucalyptus sp,Eucalyptus sp.
SEL1_07R,2018-03-08,S1,Mallotus tetracoccus,Mallotus tetracoccus
SEL1_07R,2018-03-08,S1,Dimocarpus longan,Dimocarpus longan
SEL1_07R,2018-03-08,S1,Macaranga indica,Macaranga indica
SEL1_07R,2018-03-08,S1,Actinodaphne malabaricum,Actinodaphne malabarica
SEL1_07R,2018-03-08,S1,Semecarpus travancorica,Semecarpus travancoricus
SEL1_07R,2018-03-08,S1,Persea macarantha,Persea macrantha
SEL2_07R,2018-03-08,S1,Maesa indica,Maesa indica
SEL2_07R,2018-03-08,S1,Macaranga indica,Macaranga indica
SEL2_07R,2018-03-08,S1,Dimocarpus longan,Dimocarpus longan
SEL2_07R,2018-03-08,S1,Mesua ferrea,Mesua ferrea
SEL2_07R,2018-03-08,S1,Persea macarantha,Persea macrantha
SEL2_07R,2018-03-08,S1,Eucalyptus sp,Eucalyptus sp.
SEL2_07R,2018-03-08,S1,Cinnamomum malabathrum,Cinnamomum malabatrum
SEL2_07R,2018-03-08,S1,Clerodendrum viscosum,Clerodendrum infortunatum
SEL2_07R,2018-03-08,S1,Artocarpus heterophyllus,Artocarpus heterophyllus
SEL1_07U,2018-03-08,S1,Eucalyptus sp,Eucalyptus sp.
SEL1_07U,2018-03-08,S1,Spathodea campanulata,Spathodea campanulata
SEL1_07U,2018-03-08,S1,Actinodaphne malabaricum,Actinodaphne malabarica
SEL1_07U,2018-03-08,S1,Litsea floribunda,Litsea floribunda
SEL1_07U,2018-03-08,S1,Tea,Camellia sinensis
SEL2_07U,2018-03-08,S1,Eucalyptus sp,Eucalyptus sp.
OLV1_10R,2018-03-08,S1,Maesa indica,Maesa indica
OLV1_10R,2018-03-08,S1,Cinnamomum malabathrum,Cinnamomum malabatrum
OLV1_10R,2018-03-08,S1,Clerodendrum viscosum,Clerodendrum infortunatum
OLV1_10R,2018-03-08,S1,Actinodaphne malabaricum,Actinodaphne malabarica
OLV1_10R,2018-03-08,S1,Maesopsis eminii,Maesopsis eminii
OLV1_10U,2018-03-08,S1,Eucalyptus sp,Eucalyptus sp.
OLV1_10U,2018-03-08,S1,Litsea coriacea,Litsea coriacea
OLV1_10U,2018-03-08,S1,Semecarpus travancorica,Semecarpus travancoricus
OLV1_10U,2018-03-08,S1,Meliosma pinneta,Meliosma pinnata
OLV1_10U,2018-03-08,S1,Persea macarantha,Persea macrantha
OLV1_10U,2018-03-08,S1,Sterculia guttata,Sterculia guttata
HP40_05R,2018-03-14,S1,Mallotus tetracoccus,Mallotus tetracoccus
HP40_05U,2018-03-17,S1,Mallotus tetracoccus,Mallotus tetracoccus
HP40_05U,2018-03-17,S1,Ficus microcarpa,Ficus microcarpa
HP40_05U,2018-03-17,S1,Cinnamomum malabathrum,Cinnamomum malabatrum
HP40_05U,2018-03-17,S1,Sterculia guttata,Sterculia guttata
IPTO_04R,2018-03-17,S1,Litsea floribunda,Litsea floribunda
IPTO_04R,2018-03-17,S1,Artocarpus heterophyllus,Artocarpus heterophyllus
IPTO_04R,2018-03-17,S1,Clerodendrum viscosum,Clerodendrum infortunatum
IPTO_04R,2018-03-17,S1,Actinodaphne malabaricum,Actinodaphne malabarica
IPTO_04R,2018-03-17,S1,Olea dioica,Olea dioica
IPTO_04R,2018-03-17,S1,Persea macarantha,Persea macrantha
IPTO_04R,2018-03-17,S1,Mallotus tetracoccus,Mallotus tetracoccus
IPTO_04R,2018-03-17,S1,Maesa indica,Maesa indica
IPTO_05R,2018-03-17,S1,Cinnamomum malabathrum,Cinnamomum malabatrum
IPTO_05R,2018-03-17,S1,Acronychia pedunculata,Acronychia pedunculata
IPTO_05R,2018-03-17,S1,Macaranga indica,Macaranga indica
IPTO_05R,2018-03-17,S1,Maesa indica,Maesa indica
IPTO_05R,2018-03-17,S1,Scolopia crenata,Scolopia crenata
IPTO_06R,2018-03-17,S1,Acronychia pedunculata,Acronychia pedunculata
IPTO_06R,2018-03-17,S1,Syzygium densiflorum,Syzygium densiflorum
IPTO_06R,2018-03-17,S1,Macaranga indica,Macaranga indica
IPTO_06R,2018-03-17,S1,Litsea floribunda,Litsea floribunda
IPCO_07R,2018-03-17,S1,Callicarpa tomentosa,Callicarpa tomentosa
IPCO_07R,2018-03-17,S1,Clerodendrum viscosum,Clerodendrum infortunatum
IPCO_07R,2018-03-17,S1,Mallotus tetracoccus,Mallotus tetracoccus
IPCO_07R,2018-03-17,S1,Cane,Calamus sp.
IPCO_07R,2018-03-17,S1,Syzygium densiflorum,Syzygium densiflorum
IPCO_07U,2018-03-17,S1,Vernonia arborea,Vernonia arborea
IPCO_07U,2018-03-17,S1,Persea macarantha,Persea macrantha
IPCO_07U,2018-03-17,S1,Clerodendrum viscosum,Clerodendrum infortunatum
IPCO_07U,2018-03-17,S1,Gliricidia.sp,Gliricidia sepium
IPTO_04U,2018-03-19,S1,Clerodendrum viscosum,Clerodendrum infortunatum
IPTO_04U,2018-03-19,S1,Cinnamomum malabathrum,Cinnamomum malabatrum
IPTO_04U,2018-03-19,S1,Spathodea campanulata,Spathodea campanulata
IPTO_04U,2018-03-19,S1,Maesa indica,Maesa indica
IPTO_04U,2018-03-19,S1,Acronychia pedunculata,Acronychia pedunculata
IPTO_05U,2018-03-19,S1,Mallotus tetracoccus,Mallotus tetracoccus
IPTO_05U,2018-03-19,S1,Persea macarantha,Persea macrantha
IPTO_05U,2018-03-19,S1,Mangifera indica,Mangifera indica
IPTO_05U,2018-03-19,S1,Litsea floribunda,Litsea floribunda
IPTO_05U,2018-03-19,S1,Antidesma montanum,Antidesma menasu
IPTO_05U,2018-03-19,S1,Ficus hispida,Ficus hispida
IPTO_05U,2018-03-19,S1,Cinnamomum malabathrum,Cinnamomum malabatrum
IPTO_05U,2018-03-19,S1,Aphanamixis polystachya,Aphanamixis polystachya
IPTO_06U,2018-03-19,S1,Maesa indica,Maesa indica
IPTO_06U,2018-03-19,S1,Eucalyptus sp,Eucalyptus sp.
HP36_P1B,2018-03-14,S1,Palaquium ellipticum,Palaquium ellipticum
HP36_P1B,2018-03-14,S1,Litsea stocksii,Litsea stocksii
HP36_P1B,2018-03-14,S1,Cinnamomum malabathrum,Cinnamomum malabatrum
HP36_P1B,2018-03-14,S1,Dimocarpus longan,Dimocarpus longan
HP36_P1B,2018-03-14,S1,Myristica dactyloides,Myristica beddomei
HP36_P1B,2018-03-14,S1,Mastixia arborea,Mastixia arborea
HP36_P2B,2018-03-14,S1,Cullenia exarillata,Cullenia exarillata
HP36_P2B,2018-03-14,S1,Bhesa indica,Bhesa indica
HP36_P2B,2018-03-14,S1,Palaquium ellipticum,Palaquium ellipticum
HP36_P2B,2018-03-14,S1,Mesua ferrea,Mesua ferrea
HP36_P2B,2018-03-14,S1,Diospyros sylvatica,Diospyros sylvatica
HP36_P2B,2018-03-14,S1,Holigarna nigra,Holigarna nigra
HP36_P3B,2018-03-15,S1,Myristica dactyloides,Myristica beddomei
HP36_P3B,2018-03-15,S1,Cullenia exarillata,Cullenia exarillata
HP36_P3B,2018-03-15,S1,Bhesa indica,Bhesa indica
HP36_P3B,2018-03-15,S1,Palaquium ellipticum,Palaquium ellipticum
HP36_P3B,2018-03-15,S1,Ardisia pauciflora,Ardisia pauciflora
HP36_P3B,2018-03-15,S1,Macaranga indica,Macaranga indica
HP36_P3B,2018-03-15,S1,Litsea stocksii,Litsea stocksii
HP36_P3B,2018-03-15,S1,Psychotria anamallayana,Psychotria anamallayana
HP36_P4B,2018-03-15,S1,Diospyros sylvatica,Diospyros sylvatica
HP36_P4B,2018-03-15,S1,Cryptocarya wightii,Cryptocarya wightiana
HP36_P4B,2018-03-15,S1,Myristica dactyloides,Myristica beddomei
HP36_P4B,2018-03-15,S1,Litsea stocksii,Litsea stocksii
HP36_P4B,2018-03-15,S1,Mesua ferrea,Mesua ferrea
HP36_P4B,2018-03-15,S1,Heritiera papilio,Heritiera papilio
HP37_P1B,2018-03-16,S1,Antidesma montanum,Antidesma menasu
HP37_P1B,2018-03-16,S1,Mesua ferrea,Mesua ferrea
HP37_P1B,2018-03-16,S1,Bhesa indica,Bhesa indica
HP37_P1B,2018-03-16,S1,Persea macarantha,Persea macrantha
HP37_P1B,2018-03-16,S1,Gomphandra coriacea,Gomphandra coriacea
HP37_P1B,2018-03-16,S1,Pseudoglochidion anamalayanum,Pseudoglochidion anamalayanum
HP37_P1B,2018-03-16,S1,Litsea floribunda,Litsea floribunda
HP37_P1B,2018-03-16,S1,Villebrunea integrifolia,Villebrunea integrifolia
HP37_P1B,2018-03-16,S1,Syzygium densiflorum,Syzygium densiflorum
HP37_P1B,2018-03-16,S1,Clerodendrum viscosum,Clerodendrum infortunatum
HP37_P2B,2018-03-16,S1,Pseudoglochidion anamalayanum,Pseudoglochidion anamalayanum
HP37_P2B,2018-03-16,S1,Antidesma montanum,Antidesma menasu
HP37_P2B,2018-03-16,S1,Villebrunea integrifolia,Villebrunea integrifolia
HP37_P2B,2018-03-16,S1,Hydnocarpus alpina,Hydnocarpus alpinus
HP37_P2B,2018-03-16,S1,Myristica dactyloides,Myristica beddomei
HP37_P2B,2018-03-16,S1,Cullenia exarillata,Cullenia exarillata
HP37_P2B,2018-03-16,S1,Dimocarpus longan,Dimocarpus longan
HP37_P2B,2018-03-16,S1,Lepisanthes deficiens,Lepisanthes deficiens
HP37_P3B,2018-03-16,S1,Ardisia pauciflora,Ardisia pauciflora
HP37_P3B,2018-03-16,S1,Mesua ferrea,Mesua ferrea
HP37_P3B,2018-03-16,S1,Cullenia exarillata,Cullenia exarillata
HP37_P3B,2018-03-16,S1,Myristica dactyloides,Myristica beddomei
HP37_P3B,2018-03-16,S1,Litsea oleiodes,Litsea nigrescens
HP37_P3B,2018-03-16,S1,Villebrunea integrifolia,Villebrunea integrifolia
HP37_P3B,2018-03-16,S1,Bhesa indica,Bhesa indica
HP37_P4B,2018-03-16,S1,Litsea floribunda,Litsea floribunda
HP37_P4B,2018-03-16,S1,Macaranga indica,Macaranga indica
HP37_P4B,2018-03-16,S1,Glochidion malabarica,Glochidion malabaricum
HP37_P4B,2018-03-16,S1,Litsea udayanii,Litsea udayanii
HP37_P4B,2018-03-16,S1,Villebrunea integrifolia,Villebrunea integrifolia
HP37_P4B,2018-03-16,S1,Litsea oleiodes,Litsea nigrescens
HP37_P4B,2018-03-16,S1,Calophyllum austroindicum,Calophyllum austroindicum
HP37_P4B,2018-03-16,S1,Acronychia pedunculata,Acronychia pedunculata
OLCA_P1B,2018-03-19,S1,Cullenia exarillata,Cullenia exarillata
OLCA_P1B,2018-03-19,S1,Palaquium ellipticum,Palaquium ellipticum
OLCA_P1B,2018-03-19,S1,Drypetes wightii,Drypetes wightii
OLCA_P1B,2018-03-19,S1,Neolitsea.sp,Neolitsea sp.
OLCA_P1B,2018-03-19,S1,Actinodaphne bourdillonii,Actinodaphne bourdillonii
OLCA_P1B,2018-03-19,S1,Villebrunea integrifolia,Villebrunea integrifolia
OLCA_P1B,2018-03-19,S1,Gomphandra coriacea,Gomphandra coriacea
OLCA_P1B,2018-03-19,S1,Mangifera indica,Mangifera indica
OLCA_P1B,2018-03-19,S1,Dimocarpus longan,Dimocarpus longan
OLCA_P2B,2018-03-19,S1,Villebrunea integrifolia,Villebrunea integrifolia
OLCA_P2B,2018-03-19,S1,Phoebe lanceolata,Phoebe lanceolata
OLCA_P2B,2018-03-19,S1,Dendrocnide sinuata,Dendrocnide sinuata
OLCA_P2B,2018-03-19,S1,Dimocarpus longan,Dimocarpus longan
OLCA_P2B,2018-03-19,S1,Cullenia exarillata,Cullenia exarillata
OLCA_P2B,2018-03-19,S1,Litsea floribunda,Litsea floribunda
OLCA_P2B,2018-03-19,S1,Mesua ferrea,Mesua ferrea
OLCA_P2B,2018-03-19,S1,Aglaia extipulata,Aglaia exstipulata
OLCA_P2B,2018-03-19,S1,Agrostistachys indica,Agrostistachys indica
OLCA_P2B,2018-03-19,S1,Dysoxylum malabaricum,Dysoxylum malabaricum
UPMA_P1B,2018-03-20,S1,Drypetes wightii,Drypetes wightii
UPMA_P1B,2018-03-20,S1,Drypetes malabarica,Drypetes malabarica
UPMA_P1B,2018-03-20,S1,Phoebe lanceolata,Phoebe lanceolata
UPMA_P1B,2018-03-20,S1,Epiprinus mallotiformis,Epiprinus mallotiformis
UPMA_P1B,2018-03-20,S1,Nothopegia beddomei,Nothopegia beddomei
UPMA_P1B,2018-03-20,S1,Hydnocarpus alpina,Hydnocarpus alpinus
UPMA_P2B,2018-03-20,S1,Drypetes malabarica,Drypetes malabarica
UPMA_P2B,2018-03-20,S1,Dendrocnide sinuata,Dendrocnide sinuata
UPMA_P2B,2018-03-20,S1,Prunus ceylanica,Prunus ceylanica
UPMA_P2B,2018-03-20,S1,Cryptocarya wightii,Cryptocarya wightiana
UPMA_P2B,2018-03-20,S1,Dimocarpus longan,Dimocarpus longan
UPMA_P2B,2018-03-20,S1,Vateria indica,Vateria indica
UPMA_P2B,2018-03-20,S1,Myristica dactyloides,Myristica beddomei
UPMA_P2B,2018-03-20,S1,Cullenia exarillata,Cullenia exarillata
UPMA_P2B,2018-03-20,S1,Palaquium ellipticum,Palaquium ellipticum
UPMA_P2B,2018-03-20,S1,Antidesma montanum,Antidesma menasu
UPMA_P2B,2018-03-20,S1,Villebrunea integrifolia,Villebrunea integrifolia
UPMA_P2B,2018-03-20,S1,Orophea.sp,Orophea sp.
UPMA_P3B,2018-03-20,S1,Aglaia extipulata,Aglaia exstipulata
UPMA_P3B,2018-03-20,S1,Diospyros sylvatica,Diospyros sylvatica
UPMA_P3B,2018-03-20,S1,Vateria indica,Vateria indica
UPMA_P3B,2018-03-20,S1,Palaquium ellipticum,Palaquium ellipticum
UPMA_P3B,2018-03-20,S1,Paracroton pendulus,Paracroton pendulus
UPMA_P3B,2018-03-20,S1,Cullenia exarillata,Cullenia exarillata
UPMA_P3B,2018-03-20,S1,Dysoxylum.sp,Dysoxylum sp.
UPMA_P3B,2018-03-20,S1,Litsea floribunda,Litsea floribunda
UPMA_P4B,2018-03-20,S1,Reinwardtiodendron anaimalaiense,Reinwardtiodendron anaimalaiense
UPMA_P4B,2018-03-20,S1,Harpulia arborea,Harpullia arborea
UPMA_P4B,2018-03-20,S1,Syzygium laetum,Syzygium laetum
UPMA_P4B,2018-03-20,S1,Garcinia morella,Garcinia morella
UPMA_P4B,2018-03-20,S1,Cullenia exarillata,Cullenia exarillata
UPMA_P4B,2018-03-20,S1,Mesua ferrea,Mesua ferrea
UPMA_P4B,2018-03-20,S1,Vateria indica,Vateria indica
UPMA_P4B,2018-03-20,S1,Calophyllum austroindicum,Calophyllum austroindicum
UPMA_P4B,2018-03-20,S1,Drypetes wightii,Drypetes wightii
UPMA_P4B,2018-03-20,S1,Aglaia elaeagnoidea,Aglaia elaeagnoidea
UPMA_P5B,2018-03-20,S1,Aglaia elaeagnoidea,Aglaia elaeagnoidea
UPMA_P5B,2018-03-20,S1,Agrostistachys indica,Agrostistachys indica
UPMA_P5B,2018-03-20,S1,Paracroton pendulus,Paracroton pendulus
UPMA_P5B,2018-03-20,S1,Harpulia arborea,Harpullia arborea
UPMA_P5B,2018-03-20,S1,Knema attenuata,Knema attenuata
UPMA_P5B,2018-03-20,S1,Drypetes wightii,Drypetes wightii
UPMA_P5B,2018-03-20,S1,Vateria indica,Vateria indica
UPMA_P5B,2018-03-20,S1,Epiprinus mallotiformis,Epiprinus mallotiformis
UPMA_P5B,2018-03-20,S1,Drypetes malabarica,Drypetes malabarica
UPMA_P5B,2018-03-20,S1,Croton malabaricus,Croton malabaricus
IPDI_P1E,2018-03-21,S1,Eucalyptus sp,Eucalyptus sp.
IPDI_P1E,2018-03-21,S1,Maesa indica,Maesa indica
IPEB_P2E,2018-03-21,S1,Eucalyptus sp,Eucalyptus sp.
OVTC_P3E,2018-03-21,S1,Eucalyptus sp,Eucalyptus sp.
OVTC_P3E,2018-03-21,S1,Alstonia scholaris,Alstonia scholaris
VANU_P4E,2018-03-21,S1,Eucalyptus sp,Eucalyptus sp.
VANU_P4E,2018-03-21,S1,Maesopsis eminii,Maesopsis eminii
VANU_P4E,2018-03-21,S1,Melicope lunu-ankenda,Melicope lunu-ankenda
VEOK_P5E,2018-03-21,S1,Eucalyptus sp,Eucalyptus sp.
VETO_P6E,2018-03-21,S1,Eucalyptus sp,Eucalyptus sp.
UKCP_P7E,2018-03-21,S1,Eucalyptus sp,Eucalyptus sp.
UKPN_P8E,2018-03-21,S1,Eucalyptus sp,Eucalyptus sp.
UKPN_P8E,2018-03-21,S1,Clerodendrum viscosum,Clerodendrum infortunatum
PANM_P3B,2020-04-27,S1,Dimocarpus longan,Dimocarpus longan
PANM_P3B,2020-04-27,S1,Beilschmiedia wightii,Beilschmiedia wightii
PANM_P3B,2020-04-27,S1,Villebrunea integrifolia,Villebrunea integrifolia
PANM_P4B,2020-04-27,S1,Litsea floribunda,Litsea floribunda
PANM_P4B,2020-04-27,S1,Dimocarpus longan,Dimocarpus longan
PANM_P4B,2020-04-27,S1,Chionanthus sp.,Chionanthus sp.
PANM_P4B,2020-04-27,S1,Mesua ferrea,Mesua ferrea
PANM_P4B,2020-04-27,S1,Myristica dactyloides,Myristica beddomei
OLCA_P3B,2020-04-28,S1,Cullenia exarillata,Cullenia exarillata
OLCA_P3B,2020-04-28,S1,Villebrunea integrifolia,Villebrunea integrifolia
OLCA_P3B,2020-04-28,S1,Palaquium ellipticum,Palaquium ellipticum
OLCA_P4B,2020-04-28,S1,Villebrunea integrifolia,Villebrunea integrifolia
OLCA_P4B,2020-04-28,S1,Cullenia exarillata,Cullenia exarillata
OLCA_P4B,2020-04-28,S1,Palaquium ellipticum,Palaquium ellipticum
OLCA_P4B,2020-04-28,S1,Actinodaphne bourdillonii,Actinodaphne bourdillonii
OLCA_P4B,2020-04-28,S1,Gomphandra coriacea,Gomphandra coriacea
OLCA_P4B,2020-04-28,S1,Mesua ferrea,Mesua ferrea
OLCA_P5B,2020-04-28,S1,Cullenia exarillata,Cullenia exarillata
OLCA_P5B,2020-04-28,S1,Heritiera papilio,Heritiera papilio
OLCA_P5B,2020-04-28,S1,Mastixia arborea,Mastixia arborea
OLCA_P5B,2020-04-28,S1,Ficus callosa,Ficus callosa
OLCA_P5B,2020-04-28,S1,Ficus exasperata,Ficus exasperata
UPMA_P6B,2020-04-24,S1,Antidesma montanum,Antidesma menasu
UPMA_P6B,2020-04-24,S1,Aglaia elaeagnoidea,Aglaia elaeagnoidea
UPMA_P6B,2020-04-24,S1,Hydnocarpus alpina,Hydnocarpus alpinus
UPMA_P6B,2020-04-24,S1,Litsea oleiodes,Litsea nigrescens
UPMA_P6B,2020-04-24,S1,Myristica dactyloides,Myristica beddomei
UPMA_P6B,2020-04-24,S1,Palaquium ellipticum,Palaquium ellipticum
UPMA_P6B,2020-04-24,S1,Drypetes malabarica,Drypetes malabarica
UPMA_P6B,2020-04-24,S1,Mesua ferrea,Mesua ferrea
UPMA_P6B,2020-04-24,S1,Vateria indica,Vateria indica
UPMA_P6B,2020-04-24,S1,Dimorphocalyx beddomei,Dimorphocalyx beddomei
K15,2018-05-09,S1,Meliosma pinnata,Meliosma pinnata
K15,2018-05-09,S1,Turpinia malabarica,Turpinia malabarica
K15,2018-05-09,S1,Elaeocarpus tuberculatus,Elaeocarpus tuberculatus
K15,2018-05-09,S1,Actinodaphne malabaricum,Actinodaphne malabarica
K15,2018-05-09,S1,Xanthophyllum flavescens,Xanthophyllum flavescens
K15,2018-05-09,S1,Litsea oleiodes,Litsea nigrescens
K15,2018-05-09,S1,Melicope lunu-ankenda,Melicope lunu-ankenda
K15,2018-05-09,S1,Guava,Psidium guajava
K15,2018-05-09,S1,Leea indica,Leea indica
K15,2018-05-09,S1,Citrus,Citrus sp.
K15,2018-05-09,S1,Glochidion malabaricum,Glochidion malabaricum
K15,2018-05-09,S1,Beilschmiedia wightii,Beilschmiedia wightii
L15,2018-05-09,S1,Syzygium laetum,Syzygium laetum
L15,2018-05-09,S1,Elaeocarpus tuberculatus,Elaeocarpus tuberculatus
L15,2018-05-09,S1,Maesopsis eminii,Maesopsis eminii
L15,2018-05-09,S1,Persea macarantha,Persea macrantha
L15,2018-05-09,S1,Glochidion malabaricum,Glochidion malabaricum
L15,2018-05-09,S1,Holigarna nigra,Holigarna nigra
L15,2018-05-09,S1,Citrus,Citrus sp.
L15,2018-05-09,S1,Maesa indica,Maesa indica
L15,2018-05-09,S1,Turpinia malabarica,Turpinia malabarica
L15,2018-05-09,S1,Silver oak,Grevillea robusta
M15,2018-05-09,S1,Actinodaphne malabaricum,Actinodaphne malabarica
M15,2018-05-09,S1,Litsea coriacea,Litsea coriacea
M15,2018-05-09,S1,Litsea floribunda,Litsea floribunda
M15,2018-05-09,S1,Aporosa acuminata,Aporosa indoacuminata
M15,2018-05-09,S1,Coffee robusta,Coffea canephora
M16,2018-05-10,S1,NA,NA
N15,2018-05-10,S1,Tetrameles nudiflora,Tetrameles nudiflora
N15,2018-05-10,S1,Macaranga indica,Macaranga indica
N15,2018-05-10,S1,Coffee robusta,Coffea canephora
N15,2018-05-10,S1,Epiprinus mallotiformis,Epiprinus mallotiformis
N15,2018-05-10,S1,Cullenia exarillata,Cullenia exarillata
N15,2018-05-10,S1,Elaeocarpus tuberculatus,Elaeocarpus tuberculatus
N15,2018-05-10,S1,Maesopsis eminii,Maesopsis eminii
N15,2018-05-10,S1,Aglaia elaeagnoidea,Aglaia elaeagnoidea
N15,2018-05-10,S1,Otonephelium stipulaceum,Otonephelium stipulaceum
N15,2018-05-10,S1,Artocarpus heterophyllus,Artocarpus heterophyllus
K16,2018-05-10,S1,Maesopsis eminii,Maesopsis eminii
K16,2018-05-10,S1,Myristica dactyloides,Myristica beddomei
K16,2018-05-10,S1,Manifera indica,Mangifera indica
K16,2018-05-10,S1,Diospyros sylvatica,Diospyros sylvatica
K16,2018-05-10,S1,Actinodaphne malabaricum,Actinodaphne malabarica
J16,2018-05-10,S1,Litsea floribunda,Litsea floribunda
J16,2018-05-10,S1,Maesopsis eminii,Maesopsis eminii
J16,2018-05-10,S1,Actinodaphne malabaricum,Actinodaphne malabarica
J16,2018-05-10,S1,Vateria indica,Vateria indica
J16,2018-05-10,S1,Bombax ceiba,Bombax ceiba
J16,2018-05-10,S1,Spathodea campanulata,Spathodea campanulata
L16,2018-05-10,S1,Maesopsis eminii,Maesopsis eminii
L16,2018-05-10,S1,Alstonia scholaris,Alstonia scholaris
L16,2018-05-10,S1,Turpinia malabarica,Turpinia malabarica
L16,2018-05-10,S1,Actinodaphne malabaricum,Actinodaphne malabarica
N16,2018-05-10,S1,Drypetes malabarica,Drypetes malabarica
N16,2018-05-10,S1,Coffee robusta,Coffea canephora
N16,2018-05-10,S1,Maesopsis eminii,Maesopsis eminii
N16,2018-05-10,S1,Erythrina sp.,Erythrina sp.
N16,2018-05-10,S1,Turpinia malabarica,Turpinia malabarica
N16,2018-05-10,S1,Litsea floribunda,Litsea floribunda
N16,2018-05-10,S1,Elaeocarpus tuberculatus,Elaeocarpus tuberculatus
N16,2018-05-10,S1,Syzygium laetum,Syzygium laetum
N16,2018-05-10,S1,Melicope lunu-ankenda,Melicope lunu-ankenda
N16,2018-05-10,S1,Litsea oleiodes,Litsea nigrescens
N16,2018-05-10,S1,Meliosma pinnata,Meliosma pinnata
N16,2018-05-10,S1,Coffee robusta,Coffea canephora
N16,2018-05-10,S1,Turpinia malabarica,Turpinia malabarica
N16,2018-05-10,S1,Aphanamixis polystachya,Aphanamixis polystachya
N16,2018-05-10,S1,Dysoxylum malabaricum,Dysoxylum malabaricum
I17,2018-05-11,S1,Actinodaphne malabaricum,Actinodaphne malabarica
I17,2018-05-11,S1,Spathodea campanulata,Spathodea campanulata
I17,2018-05-11,S1,Coffee robusta,Coffea canephora
I17,2018-05-11,S1,Maesa indica,Maesa indica
I17,2018-05-11,S1,Maesopsis eminii,Maesopsis eminii
J17,2018-05-11,S1,Coffee robusta,Coffea canephora
J17,2018-05-11,S1,Actinodaphne malabaricum,Actinodaphne malabarica
J17,2018-05-11,S1,Bhesa indica,Bhesa indica
K17,2018-05-11,S1,Macaranga indica,Macaranga indica
K17,2018-05-11,S1,Erythrina sp.,Erythrina sp.
K17,2018-05-11,S1,Coffee robusta,Coffea canephora
K17,2018-05-11,S1,Persea macarantha,Persea macrantha
K17,2018-05-11,S1,Actinodaphne malabaricum,Actinodaphne malabarica
M17,2018-05-11,S1,Actinodaphne malabaricum,Actinodaphne malabarica
M17,2018-05-11,S1,Maesopsis eminii,Maesopsis eminii
M17,2018-05-11,S1,Coffee robusta,Coffea canephora
M17,2018-05-11,S1,Turpinia malabarica,Turpinia malabarica
L17,2018-05-11,S1,Maesopsis eminii,Maesopsis eminii
L17,2018-05-11,S1,Silver oak,Grevillea robusta
L17,2018-05-11,S1,Semecarpus travancorica,Semecarpus travancoricus
L17,2018-05-11,S1,Melicope lunu-ankenda,Melicope lunu-ankenda
L17,2018-05-11,S1,Actinodaphne malabaricum,Actinodaphne malabarica
L17,2018-05-11,S1,Turpinia malabarica,Turpinia malabarica
L17,2018-05-11,S1,Vateria indica,Vateria indica
L17,2018-05-11,S1,Actinodaphne malabaricum,Actinodaphne malabarica
L13,2018-09-12,S1,Coffee robusta,Coffea canephora
L13,2018-09-12,S1,Maesopsis eminii,Maesopsis eminii
L13,2018-09-12,S1,Spathodea campanulata,Spathodea campanulata
L13,2018-09-12,S1,Macaranga indica,Macaranga indica
L13,2018-09-12,S1,Turpinia malabarica,Turpinia malabarica
L13,2018-09-12,S1,Vateria indica,Vateria indica
K13,2018-09-12,S1,Coffee robusta,Coffea canephora
K13,2018-09-12,S1,Artocarpus heterophyllus,Artocarpus heterophyllus
K13,2018-09-12,S1,Semecarpus travancorica,Semecarpus travancoricus
K13,2018-09-12,S1,Canarium strictum,Canarium strictum
K13,2018-09-12,S1,Macaranga indica,Macaranga indica
M13,2018-09-12,S1,Euodia lunu ankenda,Euodia lunu-ankenda
M13,2018-09-12,S1,Turpinia malabarica,Turpinia malabarica
M13,2018-09-12,S1,Villebrunea integrifolia,Villebrunea integrifolia
M13,2018-09-12,S1,Bhesa indica,Bhesa indica
M13,2018-09-12,S1,Glochidion malabaricum,Glochidion malabaricum
M13,2018-09-12,S1,Elaeocarpus tuberculatus,Elaeocarpus tuberculatus
N14,2018-09-12,S1,Aglaia elaeagnoidea,Aglaia elaeagnoidea
N14,2018-09-12,S1,Otonephelium stipulaceum,Otonephelium stipulaceum
N14,2018-09-12,S1,Coffee robusta,Coffea canephora
N14,2018-09-12,S1,Cullenia exarillata,Cullenia exarillata
M14,2018-09-12,S1,Macaranga indica,Macaranga indica
M14,2018-09-12,S1,Diospyros sylvatica,Diospyros sylvatica
M14,2018-09-12,S1,Actinodaphne malabaricum,Actinodaphne malabarica
M14,2018-09-12,S1,Coffee robusta,Coffea canephora
M14,2018-09-12,S1,Semecarpus travancorica,Semecarpus travancoricus
M14,2018-09-12,S1,Persea macarantha,Persea macrantha
L14,2018-09-12,S1,Bombax ceiba,Bombax ceiba
L14,2018-09-12,S1,Silver oak,Grevillea robusta
L14,2018-09-12,S1,Actinodaphne malabaricum,Actinodaphne malabarica
L14,2018-09-12,S1,Maesopsis eminii,Maesopsis eminii
L14,2018-09-12,S1,Olea dioica,Olea dioica
K14,2018-09-12,S1,Clerodendrum viscosum,Clerodendrum infortunatum
K14,2018-09-12,S1,Actinodaphne malabaricum,Actinodaphne malabarica
K14,2018-09-12,S1,Silver oak,Grevillea robusta
K14,2018-09-12,S1,Tetrameles nudiflora,Tetrameles nudiflora
K14,2018-09-12,S1,Macaranga indica,Macaranga indica
K14,2018-09-12,S1,Meliosma simplicifolia,Meliosma simplicifolia
K14,2018-09-12,S1,Mastixia arborea,Mastixia arborea
J12,2018-09-13,S1,Macaranga indica,Macaranga indica
J12,2018-09-13,S1,Spathodea campanulata,Spathodea campanulata
J12,2018-09-13,S1,Actinodaphne malabaricum,Actinodaphne malabarica
J12,2018-09-13,S1,Maesopsis eminii,Maesopsis eminii
J12,2018-09-13,S1,Persea macarantha,Persea macrantha
J12,2018-09-13,S1,Coffee robusta,Coffea canephora
N13,2018-09-13,S1,Phoebe lanceolata,Phoebe lanceolata
N13,2018-09-13,S1,Vernonia arborea,Vernonia arborea
N13,2018-09-13,S1,Paracroton pendulus,Paracroton pendulus
N13,2018-09-13,S1,Macaranga indica,Macaranga indica
N13,2018-09-13,S1,Cullenia exarillata,Cullenia exarillata
N13,2018-09-13,S1,Agrostistachys borneansis,Agrostistachys borneensis
N13,2018-09-13,S1,Mastixia arborea,Mastixia arborea
N13,2018-09-13,S1,Bhesa indica,Bhesa indica
N13,2018-09-13,S1,Epiprinus mallotiformis,Epiprinus mallotiformis
N12,2018-09-13,S1,Turpinia malabarica,Turpinia malabarica
N12,2018-09-13,S1,Epiprinus mallotiformis,Epiprinus mallotiformis
N12,2018-09-13,S1,Villebrunea integrifolia,Villebrunea integrifolia
N12,2018-09-13,S1,Myristica dactyloides,Myristica beddomei
N12,2018-09-13,S1,Coffee robusta,Coffea canephora
N12,2018-09-13,S1,Cullenia exarillata,Cullenia exarillata
N12,2018-09-13,S1,Antidesma menausa,Antidesma menasu
M12,2018-09-13,S1,Coffee robusta,Coffea canephora
M12,2018-09-13,S1,Clerodendrum viscosum,Clerodendrum infortunatum
M12,2018-09-13,S1,Macaranga indica,Macaranga indica
M12,2018-09-13,S1,Cullenia exarillata,Cullenia exarillata
M12,2018-09-13,S1,Euodia lunu ankenda,Euodia lunu-ankenda
M12,2018-09-13,S1,Myristica dactyloides,Myristica beddomei
M12,2018-09-13,S1,Bhesa indica,Bhesa indica
M12,2018-09-13,S1,Elaeocarpus tuberculatus,Elaeocarpus tuberculatus
L12,2018-09-13,S1,Coffee robusta,Coffea canephora
L12,2018-09-13,S1,Maesopsis eminii,Maesopsis eminii
L12,2018-09-13,S1,Vateria indica,Vateria indica
L12,2018-09-13,S1,Actinodaphne malabaricum,Actinodaphne malabarica
L12,2018-09-13,S1,Semecarpus travancorica,Semecarpus travancoricus
L12,2018-09-13,S1,Toona ciliata,Toona ciliata
K12,2018-09-13,S1,Turpinia malabarica,Turpinia malabarica
K12,2018-09-13,S1,Macaranga indica,Macaranga indica
K12,2018-09-13,S1,Glochidion malabaricum,Glochidion malabaricum
K12,2018-09-13,S1,Actinodaphne malabaricum,Actinodaphne malabarica
K12,2018-09-13,S1,Persea macarantha,Persea macrantha
K12,2018-09-13,S1,Dimocarpus longan,Dimocarpus longan
L11,2018-09-14,S1,Maesopsis eminii,Maesopsis eminii
L11,2018-09-14,S1,Turpinia malabarica,Turpinia malabarica
L11,2018-09-14,S1,Macaranga indica,Macaranga indica
L11,2018-09-14,S1,Elaeocarpus tuberculatus,Elaeocarpus tuberculatus
L11,2018-09-14,S1,Vateria indica,Vateria indica
L11,2018-09-14,S1,Garcinia morella,Garcinia morella
N11,2018-09-14,S1,Antidesma menausa,Antidesma menasu
N11,2018-09-14,S1,Vateria indica,Vateria indica
N11,2018-09-14,S1,Litsea floribunda,Litsea floribunda
N11,2018-09-14,S1,Euodia lunu ankenda,Euodia lunu-ankenda
M11,2018-09-14,S1,Drypetes malabarica,Drypetes malabarica
M11,2018-09-14,S1,Coffee robusta,Coffea canephora
M11,2018-09-14,S1,Turpinia malabarica,Turpinia malabarica
M11,2018-09-14,S1,Paracroton pendulus,Paracroton pendulus
M11,2018-09-14,S1,Actinodaphne malabaricum,Actinodaphne malabarica
J11,2018-09-14,S1,Maesopsis eminii,Maesopsis eminii
J11,2018-09-14,S1,Macaranga indica,Macaranga indica
J11,2018-09-14,S1,Actinodaphne malabaricum,Actinodaphne malabarica
J11,2018-09-14,S1,Coffee robusta,Coffea canephora
J11,2018-09-14,S1,Spathodea campanulata,Spathodea campanulata
K11,2018-09-14,S1,Turpinia malabarica,Turpinia malabarica
K11,2018-09-14,S1,Macaranga indica,Macaranga indica
K11,2018-09-14,S1,Maesopsis eminii,Maesopsis eminii
K11,2018-09-14,S1,Drypetes malabarica,Drypetes malabarica
K11,2018-09-14,S1,Coffee robusta,Coffea canephora
A02,2018-10-15,S1,Spathodea campanulata,Spathodea campanulata
A02,2018-10-15,S1,Macaranga indica,Macaranga indica
A02,2018-10-15,S1,Eucalyptus. Sp,Eucalyptus sp.
B02,2018-10-15,S1,Spathodea campanulata,Spathodea campanulata
B02,2018-10-15,S1,Maesopsis eminii,Maesopsis eminii
B02,2018-10-15,S1,Ficus exasperata,Ficus exasperata
C02,2018-10-15,S1,Spathodea campanulata,Spathodea campanulata
C02,2018-10-15,S1,Elaeocarpus tuberculatus,Elaeocarpus tuberculatus
C02,2018-10-15,S1,Vateria indica,Vateria indica
C02,2018-10-15,S1,Meliosma simplicifolia,Meliosma simplicifolia
D02,2018-10-15,S1,Elaeocarpus tuberculatus,Elaeocarpus tuberculatus
D02,2018-10-15,S1,Ficus.sp,Ficus sp.
D02,2018-10-15,S1,Vateria indica,Vateria indica
D02,2018-10-15,S1,Heynea trijuga,Heynea trijuga
D02,2018-10-15,S1,Cinnamomum malabathrum,Cinnamomum malabatrum
E02,2018-10-15,S1,Actinodaphne malabaricum,Actinodaphne malabarica
E02,2018-10-15,S1,Litsea coriacea,Litsea coriacea
E02,2018-10-15,S1,Spathodea campanulata,Spathodea campanulata
E02,2018-10-15,S1,Maesopsis eminii,Maesopsis eminii
E02,2018-10-15,S1,Vateria indica,Vateria indica
F02,2018-10-15,S1,Macaranga indica,Macaranga indica
F02,2018-10-15,S1,Vateria indica,Vateria indica
F02,2018-10-15,S1,Garcinia morella,Garcinia morella
C01,2018-10-15,S1,Spathodea campanulata,Spathodea campanulata
C01,2018-10-15,S1,Macaranga indica,Macaranga indica
C01,2018-10-15,S1,Alstonia scholaris,Alstonia scholaris
C01,2018-10-15,S1,Lagerstroemia microcarpa,Lagerstroemia microcarpa
C01,2018-10-15,S1,Tetrameles nudiflora,Tetrameles nudiflora
B01,2018-10-15,S1,Vateria indica,Vateria indica
B01,2018-10-15,S1,Spathodea campanulata,Spathodea campanulata
B01,2018-10-15,S1,Maesopsis eminii,Maesopsis eminii
B01,2018-10-15,S1,Vernonia arborea,Vernonia arborea
B01,2018-10-15,S1,Elaeocarpus tuberculatus,Elaeocarpus tuberculatus
A01,2018-10-15,S1,Spathodea campanulata,Spathodea campanulata
A01,2018-10-15,S1,Tetrameles nudiflora,Tetrameles nudiflora
H03,2018-10-13,S1,Vernonia arborea,Vernonia arborea
H03,2018-10-13,S1,Actinodaphne malabaricum,Actinodaphne malabarica
H03,2018-10-13,S1,Turpinia malabarica,Turpinia malabarica
H03,2018-10-13,S1,Macaranga indica,Macaranga indica
H03,2018-10-13,S1,Elaeocarpus tuberculatus,Elaeocarpus tuberculatus
H03,2018-10-13,S1,Garcinia gummi-gutta,Garcinia gummi-gutta
G03,2018-10-13,S1,Vateria indica,Vateria indica
G03,2018-10-13,S1,Macaranga indica,Macaranga indica
G03,2018-10-13,S1,Maesopsis eminii,Maesopsis eminii
G03,2018-10-13,S1,Turpinia malabarica,Turpinia malabarica
G03,2018-10-13,S1,Alstonia scholaris,Alstonia scholaris
F03,2018-10-13,S1,Manifera indica,Mangifera indica
F03,2018-10-13,S1,Vernonia arborea,Vernonia arborea
F03,2018-10-13,S1,Turpinia malabarica,Turpinia malabarica
F03,2018-10-13,S1,Macaranga indica,Macaranga indica
F03,2018-10-13,S1,Meliosma simplicifolia,Meliosma simplicifolia
F03,2018-10-13,S1,Vateria indica,Vateria indica
E03,2018-10-13,S1,Otonephelium stipulaceum,Otonephelium stipulaceum
E03,2018-10-13,S1,Vateria indica,Vateria indica
E03,2018-10-13,S1,Ficus.sp,Ficus sp.
E03,2018-10-13,S1,Elaeocarpus tuberculatus,Elaeocarpus tuberculatus
E03,2018-10-13,S1,Actinodaphne malabaricum,Actinodaphne malabarica
D03,2018-10-13,S1,Macaranga indica,Macaranga indica
D03,2018-10-13,S1,Manifera indica,Mangifera indica
D03,2018-10-13,S1,Maesopsis eminii,Maesopsis eminii
D03,2018-10-13,S1,Vateria indica,Vateria indica
C03,2018-10-13,S1,Vateria indica,Vateria indica
C03,2018-10-13,S1,Macaranga indica,Macaranga indica
C03,2018-10-13,S1,Ficus exasperata,Ficus exasperata
I03,2018-10-13,S1,Macaranga indica,Macaranga indica
I03,2018-10-13,S1,Vernonia arborea,Vernonia arborea
I03,2018-10-13,S1,Melicope lunu-ankenda,Melicope lunu-ankenda
I03,2018-10-13,S1,Phoebe lanceolata,Phoebe lanceolata
I03,2018-10-13,S1,Drypetes malabarica,Drypetes malabarica
I03,2018-10-13,S1,Vateria indica,Vateria indica
H04,2018-10-13,S1,Macaranga indica,Macaranga indica
H04,2018-10-13,S1,Vernonia arborea,Vernonia arborea
H04,2018-10-13,S1,Holigarna nigra,Holigarna nigra
H04,2018-10-13,S1,Aglaia canarana,Aglaia canarana
G04,2018-10-13,S1,Elaeocarpus tuberculatus,Elaeocarpus tuberculatus
G04,2018-10-13,S1,Vateria indica,Vateria indica
G04,2018-10-13,S1,Actinodaphne malabaricum,Actinodaphne malabarica
G04,2018-10-13,S1,Turpinia malabarica,Turpinia malabarica
G04,2018-10-13,S1,Maesopsis eminii,Maesopsis eminii
G04,2018-10-13,S1,Holigarna nigra,Holigarna nigra
F04,2018-10-11,S1,Macaranga indica,Macaranga indica
F04,2018-10-11,S1,Turpinia malabarica,Turpinia malabarica
F04,2018-10-11,S1,Alstonia scholaris,Alstonia scholaris
F04,2018-10-11,S1,Actinodaphne malabaricum,Actinodaphne malabarica
F04,2018-10-11,S1,Diospyros sylvatica,Diospyros sylvatica
E04,2018-10-11,S1,Vateria indica,Vateria indica
E04,2018-10-11,S1,Vernonia arborea,Vernonia arborea
E04,2018-10-11,S1,Macaranga indica,Macaranga indica
E04,2018-10-11,S1,Lagerstroemia microcarpa,Lagerstroemia microcarpa
G06,2018-10-11,S1,Macaranga indica,Macaranga indica
G06,2018-10-11,S1,Mallotus tetracoccus,Mallotus tetracoccus
G06,2018-10-11,S1,Actinodaphne malabaricum,Actinodaphne malabarica
G06,2018-10-11,S1,Silver oak,Grevillea robusta
G06,2018-10-11,S1,Aphanamixis polystachya,Aphanamixis polystachya
F05,2018-10-11,S1,Vernonia arborea,Vernonia arborea
F05,2018-10-11,S1,Turpinia malabarica,Turpinia malabarica
F05,2018-10-11,S1,Actinodaphne malabaricum,Actinodaphne malabarica
F05,2018-10-11,S1,Spathodea campanulata,Spathodea campanulata
F05,2018-10-11,S1,Vateria indica,Vateria indica
H06,2018-10-11,S1,Gliricidia sepium,Gliricidia sepium
H06,2018-10-11,S1,Vernonia arborea,Vernonia arborea
H06,2018-10-11,S1,Spathodea campanulata,Spathodea campanulata
H06,2018-10-11,S1,Alstonia scholaris,Alstonia scholaris
H06,2018-10-11,S1,Vateria indica,Vateria indica
I06,2018-10-11,S1,Spathodea campanulata,Spathodea campanulata
I06,2018-10-11,S1,Vernonia arborea,Vernonia arborea
I06,2018-10-11,S1,Macaranga indica,Macaranga indica
I06,2018-10-11,S1,Phoebe lanceolata,Phoebe lanceolata
J06,2018-10-11,S2,Vernonia arborea,Vernonia arborea
J06,2018-10-11,S2,Macaranga indica,Macaranga indica
J06,2018-10-11,S2,Gliricidia sepium,Gliricidia sepium
J06,2018-10-11,S2,Actinodaphne malabaricum,Actinodaphne malabarica
J06,2018-10-11,S2,Cinnamomum malabathrum,Cinnamomum malabatrum
J10,2018-10-08,S1,Macaranga indica,Macaranga indica
J10,2018-10-08,S1,Spathodea campanulata,Spathodea campanulata
N10,2018-10-08,S1,Maesopsis eminii,Maesopsis eminii
N10,2018-10-08,S1,Actinodaphne malabaricum,Actinodaphne malabarica
N10,2018-10-08,S1,Paracroton pendulus,Paracroton pendulus
N10,2018-10-08,S1,Drypetes malabarica,Drypetes malabarica
N10,2018-10-08,S1,Leea indica,Leea indica
N10,2018-10-08,S1,Turpinia malabarica,Turpinia malabarica
N10,2018-10-08,S1,Macaranga indica,Macaranga indica
K06,2018-10-11,S1,Persea macarantha,Persea macrantha
K06,2018-10-11,S1,Macaranga indica,Macaranga indica
K06,2018-10-11,S1,Glochidion malabaricum,Glochidion malabaricum
K06,2018-10-11,S1,Elaeocarpus tuberculatus,Elaeocarpus tuberculatus
K06,2018-10-11,S1,Vateria indica,Vateria indica
K06,2018-10-11,S1,Maesopsis eminii,Maesopsis eminii
L06,2018-10-11,S1,Vateria indica,Vateria indica
L06,2018-10-11,S1,Diospyros sylvatica,Diospyros sylvatica
L06,2018-10-11,S1,Elaeocarpus tuberculatus,Elaeocarpus tuberculatus
L06,2018-10-11,S1,Actinodaphne malabaricum,Actinodaphne malabarica
H07,2018-10-11,S1,Vateria indica,Vateria indica
H07,2018-10-11,S1,Melicope lunu-ankenda,Melicope lunu-ankenda
H07,2018-10-11,S1,Semecarpus travancorica,Semecarpus travancoricus
H07,2018-10-11,S1,Actinodaphne malabaricum,Actinodaphne malabarica
G07,2018-10-11,S1,Bhesa indica,Bhesa indica
G07,2018-10-11,S1,Elaeocarpus tuberculatus,Elaeocarpus tuberculatus
G07,2018-10-11,S1,Turpinia malabarica,Turpinia malabarica
G07,2018-10-11,S1,Maesopsis eminii,Maesopsis eminii
G07,2018-10-11,S1,Vernonia arborea,Vernonia arborea
G07,2018-10-11,S1,Persea macarantha,Persea macrantha
L04,2018-10-12,S1,Aphanamixis polystachya,Aphanamixis polystachya
L04,2018-10-12,S1,Macaranga indica,Macaranga indica
L04,2018-10-12,S1,Elaeocarpus tuberculatus,Elaeocarpus tuberculatus
L04,2018-10-12,S1,Vateria indica,Vateria indica
L04,2018-10-12,S1,Actinodaphne malabaricum,Actinodaphne malabarica
L04,2018-10-12,S1,Maesopsis eminii,Maesopsis eminii
K05,2018-10-12,S1,Garcinia gummi-gutta,Garcinia gummi-gutta
K05,2018-10-12,S1,Drypetes malabarica,Drypetes malabarica
K05,2018-10-12,S1,Macaranga indica,Macaranga indica
K05,2018-10-12,S1,Aglaia canarana,Aglaia canarana
K05,2018-10-12,S1,Heynea trijuga,Heynea trijuga
K05,2018-10-12,S1,Vateria indica,Vateria indica
J05,2018-10-12,S1,Macaranga indica,Macaranga indica
J05,2018-10-12,S1,Elaeocarpus tuberculatus,Elaeocarpus tuberculatus
J05,2018-10-12,S1,Cinnamomum malabathrum,Cinnamomum malabatrum
J05,2018-10-12,S1,Maesopsis eminii,Maesopsis eminii
J05,2018-10-12,S1,Vernonia arborea,Vernonia arborea
J05,2018-10-12,S1,Meliosma pinnata,Meliosma pinnata
K04,2018-10-12,S1,Vateria indica,Vateria indica
K04,2018-10-12,S1,Meliosma pinnata,Meliosma pinnata
K04,2018-10-12,S1,Macaranga indica,Macaranga indica
K04,2018-10-12,S1,Diospyros paniculata,Diospyros paniculata
K04,2018-10-12,S1,Maesopsis eminii,Maesopsis eminii
K04,2018-10-12,S1,Vernonia arborea,Vernonia arborea
J04,2018-10-12,S1,Mastixia arborea,Mastixia arborea
J04,2018-10-12,S1,Toona ciliata,Toona ciliata
J04,2018-10-12,S1,Elaeocarpus tuberculatus,Elaeocarpus tuberculatus
J04,2018-10-12,S1,Vateria indica,Vateria indica
J04,2018-10-12,S1,Turpinia malabarica,Turpinia malabarica
J04,2018-10-12,S1,Vernonia arborea,Vernonia arborea
I05,2018-10-12,S1,Elaeocarpus tuberculatus,Elaeocarpus tuberculatus
I05,2018-10-12,S1,Antidesma menausa,Antidesma menasu
I05,2018-10-12,S1,Gliricidia sepium,Gliricidia sepium
I05,2018-10-12,S1,Vernonia arborea,Vernonia arborea
I05,2018-10-12,S1,Maesopsis eminii,Maesopsis eminii
I05,2018-10-12,S1,Turpinia malabarica,Turpinia malabarica
I05,2018-10-12,S1,Spathodea campanulata,Spathodea campanulata
G05,2018-10-12,S1,Elaeocarpus tuberculatus,Elaeocarpus tuberculatus
G05,2018-10-12,S1,Ficus. Sp,Ficus sp.
G05,2018-10-12,S1,Actinodaphne malabaricum,Actinodaphne malabarica
G05,2018-10-12,S1,Turpinia malabarica,Turpinia malabarica
G05,2018-10-12,S1,Vateria indica,Vateria indica
G05,2018-10-12,S1,Cinnamomum malabathrum,Cinnamomum malabatrum
H05,2018-10-12,S1,Drypetes malabarica,Drypetes malabarica
H05,2018-10-12,S1,Drypetes wightii,Drypetes wightii
H05,2018-10-12,S1,Epiprinus mallotiformis,Epiprinus mallotiformis
H05,2018-10-12,S1,Macaranga indica,Macaranga indica
H05,2018-10-12,S1,Vateria indica,Vateria indica
H05,2018-10-12,S1,Vernonia arborea,Vernonia arborea
L05,2018-10-12,S1,Elaeocarpus tuberculatus,Elaeocarpus tuberculatus
L05,2018-10-12,S1,Vernonia arborea,Vernonia arborea
L05,2018-10-12,S1,Vateria indica,Vateria indica
L05,2018-10-12,S1,Maesopsis eminii,Maesopsis eminii
L05,2018-10-12,S1,Syzygium densiflorum,Syzygium densiflorum
I08,2018-10-10,S1,Actinodaphne malabaricum,Actinodaphne malabarica
I08,2018-10-10,S1,Artocarpus heterophyllus,Artocarpus heterophyllus
I08,2018-10-10,S1,Prunus ceylanica,Prunus ceylanica
H08,2018-10-10,S1,Macaranga indica,Macaranga indica
H08,2018-10-10,S1,Actinodaphne malabaricum,Actinodaphne malabarica
H08,2018-10-10,S1,Melicope lunu-ankenda,Melicope lunu-ankenda
H08,2018-10-10,S1,Maesopsis eminii,Maesopsis eminii
H08,2018-10-10,S1,Spathodea campanulata,Spathodea campanulata
J08,2018-10-10,S1,Spathodea campanulata,Spathodea campanulata
J08,2018-10-10,S1,Maesopsis eminii,Maesopsis eminii
J08,2018-10-10,S1,Vateria indica,Vateria indica
J08,2018-10-10,S1,Elaeocarpus tuberculatus,Elaeocarpus tuberculatus
J08,2018-10-10,S1,Artocarpus heterophyllus,Artocarpus heterophyllus
L08,2018-10-10,S1,Maesopsis eminii,Maesopsis eminii
L08,2018-10-10,S1,Vernonia arborea,Vernonia arborea
L08,2018-10-10,S1,Turpinia malabarica,Turpinia malabarica
L08,2018-10-10,S1,Actinodaphne malabaricum,Actinodaphne malabarica
L08,2018-10-10,S1,Macaranga indica,Macaranga indica
M07,2018-10-10,S1,Drypetes wightii,Drypetes wightii
M07,2018-10-10,S1,Maesopsis eminii,Maesopsis eminii
M07,2018-10-10,S1,Actinodaphne malabaricum,Actinodaphne malabarica
M07,2018-10-10,S1,Paracroton pendulus,Paracroton pendulus
M07,2018-10-10,S1,Vateria indica,Vateria indica
K07,2018-10-10,S1,Cullenia exarillata,Cullenia exarillata
K07,2018-10-10,S1,Vateria indica,Vateria indica
K07,2018-10-10,S1,Drypetes wightii,Drypetes wightii
K07,2018-10-10,S1,Turpinia malabarica,Turpinia malabarica
K07,2018-10-10,S1,Maesopsis eminii,Maesopsis eminii
K07,2018-10-10,S1,Elaeocarpus tuberculatus,Elaeocarpus tuberculatus
K07,2018-10-10,S1,Vernonia arborea,Vernonia arborea
J07,2018-10-10,S1,Gliricidia sepium,Gliricidia sepium
J07,2018-10-10,S1,Vateria indica,Vateria indica
J07,2018-10-10,S1,Diospyros sylvatica,Diospyros sylvatica
J07,2018-10-10,S1,Actinodaphne malabaricum,Actinodaphne malabarica
J07,2018-10-10,S1,Persea macarantha,Persea macrantha
I07,2018-10-10,S1,Maesopsis eminii,Maesopsis eminii
I07,2018-10-10,S1,Vateria indica,Vateria indica
I07,2018-10-10,S1,Cinnamomum malabathrum,Cinnamomum malabatrum
I07,2018-10-10,S1,Spathodea campanulata,Spathodea campanulata
I07,2018-10-10,S1,Toona ciliata,Toona ciliata
I07,2018-10-10,S1,Artocarpus heterophyllus,Artocarpus heterophyllus
L07,2018-10-10,S1,Turpinia malabarica,Turpinia malabarica
L07,2018-10-10,S1,Litsea oleiodes,Litsea nigrescens
L07,2018-10-10,S1,Drypetes malabarica,Drypetes malabarica
L07,2018-10-10,S1,Maesopsis eminii,Maesopsis eminii
L07,2018-10-10,S1,Vernonia arborea,Vernonia arborea
L07,2018-10-10,S1,Dimocarpus longan,Dimocarpus longan
K08,2018-10-10,S1,Turpinia malabarica,Turpinia malabarica
K08,2018-10-10,S1,Vernonia arborea,Vernonia arborea
K08,2018-10-10,S1,Litsea oleiodes,Litsea nigrescens
K08,2018-10-10,S1,Actinodaphne malabaricum,Actinodaphne malabarica
K08,2018-10-10,S1,Litsea coriacea,Litsea coriacea
K08,2018-10-10,S1,Macaranga indica,Macaranga indica
K08,2018-10-10,S1,Myristica dactyloides,Myristica beddomei
K08,2018-10-10,S1,Syzygium laetum,Syzygium laetum
M08,2018-10-09,S1,Maesopsis eminii,Maesopsis eminii
M08,2018-10-09,S1,Epiprinus mallotiformis,Epiprinus mallotiformis
M08,2018-10-09,S1,Paracroton pendulus,Paracroton pendulus
M08,2018-10-09,S1,Calophyllum polyanthum,Calophyllum polyanthum
M08,2018-10-09,S1,Vateria indica,Vateria indica
N08,2018-10-09,S1,Maesopsis eminii,Maesopsis eminii
N08,2018-10-09,S1,Cullenia exarillata,Cullenia exarillata
N08,2018-10-09,S1,Glochidion malabaricum,Glochidion malabaricum
N08,2018-10-09,S1,Macaranga indica,Macaranga indica
N08,2018-10-09,S1,Drypetes wightii,Drypetes wightii
N08,2018-10-09,S1,Otonephelium stipulaceum,Otonephelium stipulaceum
O08,2018-10-09,S1,Epiprinus mallotiformis,Epiprinus mallotiformis
O08,2018-10-09,S1,Macaranga indica,Macaranga indica
O08,2018-10-09,S1,Maesopsis eminii,Maesopsis eminii
O08,2018-10-09,S1,Drypetes wightii,Drypetes wightii
O08,2018-10-09,S1,Actinodaphne malabaricum,Actinodaphne malabarica
O08,2018-10-09,S1,Maesa indica,Maesa indica
N09,2018-10-09,S1,Drypetes malabarica,Drypetes malabarica
N09,2018-10-09,S1,Epiprinus mallotiformis,Epiprinus mallotiformis
N09,2018-10-09,S1,Vateria indica,Vateria indica
N09,2018-10-09,S1,Otonephelium stipulaceum,Otonephelium stipulaceum
N09,2018-10-09,S1,Drypetes wightii,Drypetes wightii
N09,2018-10-09,S1,Maesopsis eminii,Maesopsis eminii
M09,2018-10-09,S1,Macaranga indica,Macaranga indica
M09,2018-10-09,S1,Actinodaphne malabaricum,Actinodaphne malabarica
M09,2018-10-09,S1,Maesopsis eminii,Maesopsis eminii
M09,2018-10-09,S1,Glochidion malabaricum,Glochidion malabaricum
M09,2018-10-09,S1,Dimocarpus longan,Dimocarpus longan
M09,2018-10-09,S1,Vateria indica,Vateria indica
K09,2018-10-09,S1,Vateria indica,Vateria indica
K09,2018-10-09,S1,Macaranga indica,Macaranga indica
K09,2018-10-09,S1,Turpinia malabarica,Turpinia malabarica
K09,2018-10-09,S1,Glochidion malabaricum,Glochidion malabaricum
K09,2018-10-09,S1,Cinnamomum malabathrum,Cinnamomum malabatrum
K09,2018-10-09,S1,Vernonia arborea,Vernonia arborea
K09,2018-10-09,S1,Elaeocarpus tuberculatus,Elaeocarpus tuberculatus
I09,2018-10-09,S1,Spathodea campanulata,Spathodea campanulata
I09,2018-10-09,S1,Elaeocarpus tuberculatus,Elaeocarpus tuberculatus
I09,2018-10-09,S1,Vateria indica,Vateria indica
I09,2018-10-09,S1,Silver oak,Grevillea robusta
I09,2018-10-09,S1,Bhesa indica,Bhesa indica
J09,2018-10-09,S1,Eucalyptus. Sp,Eucalyptus sp.
J09,2018-10-09,S1,Actinodaphne malabaricum,Actinodaphne malabarica
J09,2018-10-09,S1,Macaranga indica,Macaranga indica
J09,2018-10-09,S1,Maesopsis eminii,Maesopsis eminii
J09,2018-10-09,S1,Vateria indica,Vateria indica
J09,2018-10-09,S1,Myristica dactyloides,Myristica beddomei
L09,2018-10-09,S1,Drypetes malabarica,Drypetes malabarica
L09,2018-10-09,S1,Mesua ferrea,Mesua ferrea
L09,2018-10-09,S1,Epiprinus mallotiformis,Epiprinus mallotiformis
L09,2018-10-09,S1,Melicope lunu-ankenda,Melicope lunu-ankenda
L09,2018-10-09,S1,Vernonia arborea,Vernonia arborea
L09,2018-10-09,S1,Macaranga indica,Macaranga indica
M10,2018-10-08,S1,Antidesma menausa,Antidesma menasu
M10,2018-10-08,S1,Xanthophyllum flavescens,Xanthophyllum flavescens
M10,2018-10-08,S1,Drypetes wightii,Drypetes wightii
M10,2018-10-08,S1,Actinodaphne tadulingamii,Actinodaphne tadulingamii
M10,2018-10-08,S1,Macaranga indica,Macaranga indica
M10,2018-10-08,S1,Maesopsis eminii,Maesopsis eminii
L10,2018-10-08,S1,Melicope lunu-ankenda,Melicope lunu-ankenda
L10,2018-10-08,S1,Turpinia malabarica,Turpinia malabarica
L10,2018-10-08,S1,Drypetes wightii,Drypetes wightii
L10,2018-10-08,S1,Palaquium ellipticum,Palaquium ellipticum
L10,2018-10-08,S1,Epiprinus mallotiformis,Epiprinus mallotiformis
L10,2018-10-08,S1,Maesopsis eminii,Maesopsis eminii
K10,2018-10-08,S1,Drypetes wightii,Drypetes wightii
K10,2018-10-08,S1,Vernonia arborea,Vernonia arborea
K10,2018-10-08,S1,Elaeocarpus tuberculatus,Elaeocarpus tuberculatus
K10,2018-10-08,S1,Semecarpus travancorica,Semecarpus travancoricus
K10,2018-10-08,S1,Myristica dactyloides,Myristica beddomei
K10,2018-10-08,S1,Macaranga indica,Macaranga indica
K10,2018-10-08,S1,Maesopsis eminii,Maesopsis eminii
K10,2018-10-08,S1,Vateria indica,Vateria indica
G04,2018-10-13,S1,Elaeocarpus tuberculatus,Elaeocarpus tuberculatus
G04,2018-10-13,S1,Vateria indica,Vateria indica
G04,2018-10-13,S1,Actinodaphne malabaricum,Actinodaphne malabarica
G04,2018-10-13,S1,Turpinia malabarica,Turpinia malabarica
G04,2018-10-13,S1,Maesopsis eminii,Maesopsis eminii
G04,2018-10-13,S1,Holigarna nigra,Holigarna nigra
THEN-P9E,2019-02-11,S1,Gliricidia sepium,Gliricidia sepium
THEN-P9E,2019-02-11,S1,Eucalyptus sp,Eucalyptus sp.
THEN-P10E,2019-02-11,S1,Eucalyptus sp,Eucalyptus sp.
THEN-P10E,2019-02-11,S1,Gliricidia sepium,Gliricidia sepium
DS-P11E,2019-02-11,S1,Eucalyptus sp,Eucalyptus sp.
UCO-P12E,2019-02-11,S1,Eucalyptus sp,Eucalyptus sp.
UCO-P12E,2019-02-11,S1,Actinodaphne malabaricum,Actinodaphne malabarica
PKT-P13E,2019-02-12,S1,Eucalyptus sp,Eucalyptus sp.
PKT-P14E,2019-02-12,S1,Eucalyptus sp,Eucalyptus sp.
PTTM_P1D,2021-03-06,S1,Cryptocarya anamalayana,Cryptocarya anamalayana
PTTM_P1D,2021-03-06,S1,Maesopsis eminii,Maesopsis eminii
PTTM_P1D,2021-03-06,S1,Litsea oleiodes,Litsea nigrescens
PTTM_P1D,2021-03-06,S1,Olea dioica,Olea dioica
PTTM_P1D,2021-03-06,S1,Cullenia exarillata,Cullenia exarillata
PTTM_P1D,2021-03-06,S1,Myristica dactyloides,Myristica beddomei
PTTM_P1D,2021-03-06,S1,Litsea floribunda,Litsea floribunda
PTTM_P1D,2021-03-06,S1,Persea macarantha,Persea macrantha
PTTM_P2D,2021-03-06,S1,Actinodaphne tadulingamii,Actinodaphne tadulingamii
PTTM_P2D,2021-03-06,S1,Maesopsis eminii,Maesopsis eminii
PTTM_P2D,2021-03-06,S1,Litsea oleiodes,Litsea nigrescens
PTTM_P2D,2021-03-06,S1,Olea dioica,Olea dioica
PTTM_P2D,2021-03-06,S1,Litsea floribunda,Litsea floribunda
PTTM_P2D,2021-03-06,S1,Cullenia exarillata,Cullenia exarillata
PTTM_P2D,2021-03-06,S1,Mesua ferrea,Mesua ferrea
PTTM_P2D,2021-03-06,S1,Myristica dactyloides,Myristica beddomei
PTTM_P2D,2021-03-06,S1,Dimocarpus longan,Dimocarpus longan
SIRK_P1D,2021-03-06,S1,Syzygium cumini,Syzygium cumini
SIRK_P1D,2021-03-06,S1,Macaranga indica,Macaranga indica
SIRK_P1D,2021-03-06,S1,Litsea floribunda,Litsea floribunda
SIRK_P1D,2021-03-06,S1,Eucalyptus sp,Eucalyptus sp.
SIRK_P1D,2021-03-06,S1,Acronychia pedunculata,Acronychia pedunculata
SIRK_P2D,2021-03-06,S1,Litsea floribunda,Litsea floribunda
SIRK_P2D,2021-03-06,S1,Eucalyptus sp,Eucalyptus sp.
SIRK_P3D,2021-03-06,S1,Litsea floribunda,Litsea floribunda
SIRK_P3D,2021-03-06,S1,Glochidion malabarica,Glochidion malabaricum
SIRK_P3D,2021-03-06,S1,Eucalyptus sp,Eucalyptus sp.
SIRK_P3D,2021-03-06,S1,Euodia lunu ankenda,Euodia lunu-ankenda
SIRK_P3D,2021-03-06,S1,Acronychia pedunculata,Acronychia pedunculata
AGO_01R,2022-12-24,S1,Cinnamomum malabathrum,Cinnamomum malabatrum
AGO_02R,2022-12-24,S1,Cinnamomum malabathrum,Cinnamomum malabatrum
AGO_02R,2022-12-24,S1,Clerodendrum viscosum,Clerodendrum infortunatum
AGO_02R,2022-12-24,S1,Trema sp.,Trema orientale
AGO_03R,2022-12-24,S1,Cinnamomum malabathrum,Cinnamomum malabatrum
OLCA_P1B,2022-12-23,S2,Palaquium ellipticum,Palaquium ellipticum
OLCA_P1B,2022-12-23,S2,Cullenia exarillata,Cullenia exarillata
OLCA_P1B,2022-12-23,S2,Dimocarpus longan,Dimocarpus longan
OLCA_P2B,2022-12-23,S2,Dimocarpus longan,Dimocarpus longan
OLCA_P2B,2022-12-23,S2,Agrostistachys borneansis,Agrostistachys borneensis
OLCA_P2B,2022-12-23,S2,Villebrunea integrifolia,Villebrunea integrifolia
OLCA_P2B,2022-12-23,S2,Aglaia canarana,Aglaia canarana
OLCA_P3B,2022-12-23,S2,Villebrunea integrifolia,Villebrunea integrifolia
OLCA_P3B,2022-12-23,S2,Ficus microcarpa,Ficus microcarpa
OLCA_P3B,2022-12-23,S2,Palaquium ellipticum,Palaquium ellipticum
OLCA_P3B,2022-12-23,S2,Flacourtia montana,Flacourtia montana
OLCA_P4B,2022-12-23,S2,Villebrunea integrifolia,Villebrunea integrifolia
OLCA_P4B,2022-12-23,S2,Cullenia exarillata,Cullenia exarillata
OLCA_P4B,2022-12-23,S2,Actinodaphne bourdillonii,Actinodaphne bourdillonii
OLCA_P5B,2022-12-23,S2,Cullenia exarillata,Cullenia exarillata
OLCA_P5B,2022-12-23,S2,Holigarna nigra,Holigarna nigra
OLCA_P5B,2022-12-23,S2,Clerodendrum viscosum,Clerodendrum infortunatum
HP36_P1B,2022-12-23,S2,Myristica dactyloides,Myristica beddomei
HP36_P1B,2022-12-23,S2,Dimocarpus longan,Dimocarpus longan
HP36_P1B,2022-12-23,S2,Palaquium ellipticum,Palaquium ellipticum
HP36_P2B,2022-12-23,S2,Palaquium ellipticum,Palaquium ellipticum
HP36_P2B,2022-12-23,S2,Litsea stocksii,Litsea stocksii
HP36_P2B,2022-12-23,S2,Cullenia exarillata,Cullenia exarillata
HP36_P3B,2022-12-23,S2,Myristica dactyloides,Myristica beddomei
HP36_P3B,2022-12-23,S2,Bhesa indica,Bhesa indica
HP36_P3B,2022-12-23,S2,Macaranga peltata,Macaranga peltata
HP36_P3B,2022-12-23,S2,Cullenia exarillata,Cullenia exarillata
HP36_P4B,2022-12-23,S2,Mesua ferrea,Mesua ferrea
HP36_P4B,2022-12-23,S2,Heritiera papilio,Heritiera papilio
HP36_P4B,2022-12-23,S2,Holigarna nigra,Holigarna nigra
HP36_P4B,2022-12-23,S2,Litsea oleiodes,Litsea nigrescens
HP37_P1B,2022-12-22,S2,Antidesma menausa,Antidesma menasu
HP37_P1B,2022-12-22,S2,Mesua ferrea,Mesua ferrea
HP37_P1B,2022-12-22,S2,Syzygium densiflorum,Syzygium densiflorum
HP37_P2B,2022-12-22,S2,Villebrunea integrifolia,Villebrunea integrifolia
HP37_P2B,2022-12-22,S2,Artocarpus heterophyllus,Artocarpus heterophyllus
HP37_P2B,2022-12-22,S2,Myristica dactyloides,Myristica beddomei
HP37_P2B,2022-12-22,S2,Clerodendrum viscosum,Clerodendrum infortunatum
HP37_P3B,2022-12-22,S2,Myristica dactyloides,Myristica beddomei
HP37_P3B,2022-12-22,S2,Mesua ferrea,Mesua ferrea
HP37_P3B,2022-12-22,S2,Cullenia exarillata,Cullenia exarillata
HP37_P3B,2022-12-22,S2,Holigarna nigra,Holigarna nigra
HP37_P4B,2022-12-22,S2,Macaranga peltata,Macaranga peltata
HP37_P4B,2022-12-22,S2,Litsea oleiodes,Litsea nigrescens
HP37_P4B,2022-12-22,S2,Palaquium ellipticum,Palaquium ellipticum
UPMA_P1B,2022-12-20,S2,Drypetes malabarica,Drypetes malabarica
UPMA_P1B,2022-12-20,S2,Paracroton pendulus,Paracroton pendulus
UPMA_P1B,2022-12-20,S2,Cullenia exarillata,Cullenia exarillata
UPMA_P2B,2022-12-20,S2,Cullenia exarillata,Cullenia exarillata
UPMA_P2B,2022-12-20,S2,Vateria indica,Vateria indica
UPMA_P2B,2022-12-20,S2,Palaquium ellipticum,Palaquium ellipticum
UPMA_P2B,2022-12-20,S2,Drypetes malabarica,Drypetes malabarica
UPMA_P3B,2022-12-20,S2,Vateria indica,Vateria indica
UPMA_P3B,2022-12-20,S2,Palaquium ellipticum,Palaquium ellipticum
UPMA_P3B,2022-12-20,S2,Cryptocarya anamalayana,Cryptocarya anamalayana
UPMA_P3B,2022-12-20,S2,Syzygium gardneri,Syzygium gardneri
UPMA_P4B,2022-12-20,S2,Cullenia exarillata,Cullenia exarillata
UPMA_P4B,2022-12-20,S2,Dimocarpus longan,Dimocarpus longan
UPMA_P4B,2022-12-20,S2,Reinwardtiodendron anaimalaiense,Reinwardtiodendron anaimalaiense
UPMA_P4B,2022-12-20,S2,Gomphandra coriacea,Gomphandra coriacea
UPMA_P5B,2022-12-20,S2,Orophea.sp,Orophea sp.
UPMA_P5B,2022-12-20,S2,Vateria indica,Vateria indica
UPMA_P5B,2022-12-20,S2,Paracroton pendulus,Paracroton pendulus
UPMA_P6B,2022-12-20,S2,Orophea thomsonii,Orophea thomsonii
UPMA_P6B,2022-12-20,S2,Palaquium ellipticum,Palaquium ellipticum
UPMA_P6B,2022-12-20,S2,Drypetes wightii,Drypetes wightii
UPMA_P6B,2022-12-20,S2,Paracroton pendulus,Paracroton pendulus
PANM_P1B,2022-12-23,S2,Cullenia exarillata,Cullenia exarillata
PANM_P1B,2022-12-23,S2,Canarium strictum,Canarium strictum
PANM_P1B,2022-12-23,S2,Dimocarpus longan,Dimocarpus longan
PANM_P1B,2022-12-23,S2,Antidesma menausa,Antidesma menasu
PANM_P2B,2022-12-23,S2,Cullenia exarillata,Cullenia exarillata
PANM_P2B,2022-12-23,S2,Dimocarpus longan,Dimocarpus longan
PANM_P2B,2022-12-23,S2,Artocarpus heterophyllus,Artocarpus heterophyllus
PANM_P2B,2022-12-23,S2,Mesua ferrea,Mesua ferrea
PANM_P3B,2022-12-23,S2,Dimocarpus longan,Dimocarpus longan
PANM_P3B,2022-12-23,S2,Actinodaphne bourdillonii,Actinodaphne bourdillonii
PANM_P3B,2022-12-23,S2,Litsea floribunda,Litsea floribunda
PANM_P3B,2022-12-23,S2,Persea macarantha,Persea macrantha
PANM_P4B,2022-12-23,S2,Cullenia exarillata,Cullenia exarillata
PANM_P4B,2022-12-23,S2,Mesua ferrea,Mesua ferrea
PANM_P4B,2022-12-23,S2,Ficus nervosa,Ficus nervosa
INME_03R,2022-12-23,S2,Macaranga indica,Macaranga indica
INME_03R,2022-12-23,S2,Actinodaphne malabaricum,Actinodaphne malabarica
INME_03R,2022-12-23,S2,Maesopsis eminii,Maesopsis eminii
INME_03R,2022-12-23,S2,Eucalyptus sp,Eucalyptus sp.
INME_03U,2022-12-23,S2,Mallotus tetracoccus,Mallotus tetracoccus
INME_03U,2022-12-23,S2,Litsea coriacea,Litsea coriacea
INME_03U,2022-12-23,S2,Actinodaphne sp.,Actinodaphne sp.
INME_03U,2022-12-23,S2,Eucalyptus sp,Eucalyptus sp.
INDS_03R,2022-12-23,S2,Dimocarpus longan,Dimocarpus longan
INDS_03R,2022-12-23,S2,Spathodea campanulata,Spathodea campanulata
INDS_03R,2022-12-23,S2,Elaeocarpus tuberculatus,Elaeocarpus tuberculatus
INDS_03R,2022-12-23,S2,Persea macarantha,Persea macrantha
INDS_03U,2022-12-23,S2,Spathodea campanulata,Spathodea campanulata
INDS_03U,2022-12-23,S2,Cinnamomum malabathrum,Cinnamomum malabatrum
INDS_03U,2022-12-23,S2,Actinodaphne malabaricum,Actinodaphne malabarica
INDS_03U,2022-12-23,S2,Litsea floribunda,Litsea floribunda
INDS_03U,2022-12-23,S2,Eucalyptus sp,Eucalyptus sp.
INBS_04R,2022-12-23,S2,Euodia lunu ankenda,Euodia lunu-ankenda
INBS_04R,2022-12-23,S2,Acronychia pedunculata,Acronychia pedunculata
INBS_04R,2022-12-23,S2,Spathodea campanulata,Spathodea campanulata
INBS_04R,2022-12-23,S2,Macaranga indica,Macaranga indica
INBS_04R,2022-12-23,S2,Eucalyptus sp,Eucalyptus sp.
INBS_04R,2022-12-23,S2,Toona ciliata,Toona ciliata
INBS_04U,2022-12-23,S2,Vernonia arborea,Vernonia arborea
INBS_04U,2022-12-23,S2,Eucalyptus sp,Eucalyptus sp.
INOA_03R,2022-12-23,S2,Spathodea campanulata,Spathodea campanulata
INOA_03R,2022-12-23,S2,Maesopsis eminii,Maesopsis eminii
INOA_03R,2022-12-23,S2,Actinodaphne sp.,Actinodaphne sp.
INOA_03R,2022-12-23,S2,Cinnamomum malabathrum,Cinnamomum malabatrum
INOA_03U,2022-12-23,S2,Eucalyptus sp,Eucalyptus sp.
STM1_02R,2022-12-23,S2,Archidendron sp.,Archidendron sp.
STM1_02R,2022-12-23,S2,Artocarpus heterophyllus,Artocarpus heterophyllus
STM1_02R,2022-12-23,S2,Macaranga sp.,Macaranga sp.
STM1_02R,2022-12-23,S2,Heynea trijuga,Heynea trijuga
STM1_02R,2022-12-23,S2,Litsea oleiodes,Litsea nigrescens
STM1_02R,2022-12-23,S2,Actinodaphne malabaricum,Actinodaphne malabarica
STM1_02U,2022-12-23,S2,NA,NA
STM2_04R,2022-12-23,S2,Senna sp.,Senna sp.
STM2_04R,2022-12-23,S2,Macaranga sp.,Macaranga sp.
STM2_04R,2022-12-23,S2,Maesopsis eminii,Maesopsis eminii
STM2_04R,2022-12-23,S2,Heynea trijuga,Heynea trijuga
STM2_04R,2022-12-23,S2,Ficus callosa,Ficus callosa
STM2_04R,2022-12-23,S2,Spathodea campanulata,Spathodea campanulata
STM2_04U,2022-12-23,S2,Eucalyptus sp,Eucalyptus sp.
STM2_04U,2022-12-23,S2,Actinodaphne malabaricum,Actinodaphne malabarica
STM2_04U,2022-12-23,S2,Clerodendrum viscosum,Clerodendrum infortunatum
STIN_02R,2022-12-23,S2,Mallotus tetracoccus,Mallotus tetracoccus
STIN_02R,2022-12-23,S2,Canarium strictum,Canarium strictum
STIN_02R,2022-12-23,S2,Cinnamomum sp.,Cinnamomum sp.
STIN_02R,2022-12-23,S2,Heynea trijuga,Heynea trijuga
STIN_02R,2022-12-23,S2,Litsea floribunda,Litsea floribunda
STIN_02R,2022-12-23,S2,Maesopsis eminii,Maesopsis eminii
STIN_02R,2022-12-23,S2,Actinodaphne sp.,Actinodaphne sp.
STIN_02U,2022-12-23,S2,Eucalyptus sp,Eucalyptus sp.
STIN_02U,2022-12-23,S2,Clerodendrum viscosum,Clerodendrum infortunatum
STIN_02U,2022-12-23,S2,Macaranga indica,Macaranga indica
SIRK_P1D,2022-12-24,S2,Euodia lunu ankenda,Euodia lunu-ankenda
SIRK_P1D,2022-12-24,S2,Syzygium cumini,Syzygium cumini
SIRK_P1D,2022-12-24,S2,Litsea floribunda,Litsea floribunda
SIRK_P1D,2022-12-24,S2,Macaranga sp.,Macaranga sp.
SIRK_P1D,2022-12-24,S2,Eucalyptus sp,Eucalyptus sp.
SIRK_P2D,2022-12-24,S2,Eucalyptus sp,Eucalyptus sp.
SIRK_P2D,2022-12-24,S2,Litsea floribunda,Litsea floribunda
SIRK_P3D,2022-12-24,S2,Litsea floribunda,Litsea floribunda
SIRK_P3D,2022-12-24,S2,Eucalyptus sp,Eucalyptus sp.
SIRK_P3D,2022-12-24,S2,Maesopsis eminii,Maesopsis eminii
SIRK_P3D,2022-12-24,S2,Gliricidia sepium,Gliricidia sepium
PTTM_P1D,2022-12-22,S2,Maesopsis eminii,Maesopsis eminii
PTTM_P1D,2022-12-22,S2,Litsea floribunda,Litsea floribunda
PTTM_P2D,2022-12-22,S2,Myristica dactyloides,Myristica beddomei
PTTM_P2D,2022-12-22,S2,Mesua ferrea,Mesua ferrea
PTTM_P2D,2022-12-22,S2,Maesopsis eminii,Maesopsis eminii
IPCO_07R,2022-12-22,S2,Mallotus tetracoccus,Mallotus tetracoccus
IPCO_07U,2022-12-22,S2,Macaranga sp.,Macaranga sp.
IPCO_08R,2022-12-22,S2,Ficus microcarpa,Ficus microcarpa
IPCO_08R,2022-12-22,S2,Ficus hispida,Ficus hispida
IPCO_08U,2022-12-22,S2,Maesa indica,Maesa indica
IPCO_08U,2022-12-22,S2,Artocarpus heterophyllus,Artocarpus heterophyllus
IPCO_08U,2022-12-22,S2,Nothapodytes nimmoniana,Nothapodytes nimmoniana
HP40_05R,2022-12-21,S2,Mallotus tetracoccus,Mallotus tetracoccus
HP40_05R,2022-12-21,S2,Clerodendrum viscosum,Clerodendrum infortunatum
HP40_05U,2022-12-21,S2,Ficus microcarpa,Ficus microcarpa
HP40_05U,2022-12-21,S2,Mallotus tetracoccus,Mallotus tetracoccus
HP40_08R,2022-12-21,S2,Mallotus tetracoccus,Mallotus tetracoccus
HP40_08R,2022-12-21,S2,Clerodendrum viscosum,Clerodendrum infortunatum
HP40_08U,2022-12-21,S2,Clerodendrum viscosum,Clerodendrum infortunatum
HP40_08U,2022-12-21,S2,Acronychia pedunculata,Acronychia pedunculata
IPTO_04R,2022-12-21,S2,Acronychia pedunculata,Acronychia pedunculata
IPTO_04R,2022-12-21,S2,Litsea floribunda,Litsea floribunda
IPTO_04R,2022-12-21,S2,Syzygium rubicundum,Syzygium rubicundum
IPTO_04R,2022-12-21,S2,Mallotus tetracoccus,Mallotus tetracoccus
IPTO_04U,2022-12-21,S2,Macaranga indica,Macaranga indica
IPTO_05R,2022-12-21,S2,Symplocos sp.,Symplocos sp.
IPTO_05R,2022-12-21,S2,Acronychia pedunculata,Acronychia pedunculata
IPTO_05R,2022-12-21,S2,Syzygium sp.,Syzygium sp.
IPTO_05R,2022-12-21,S2,Vernonia arborea,Vernonia arborea
IPTO_05U,2022-12-21,S2,Macaranga indica,Macaranga indica
IPTO_05U,2022-12-21,S2,Acronychia pedunculata,Acronychia pedunculata
IPTO_06R,2022-12-21,S2,Acronychia pedunculata,Acronychia pedunculata
IPTO_06R,2022-12-21,S2,Scolopia crenata,Scolopia crenata
IPTO_06R,2022-12-21,S2,Cinnamomum sp.,Cinnamomum sp.
IPTO_06R,2022-12-21,S2,Litsea floribunda,Litsea floribunda
IPTO_06U,2022-12-21,S2,Litsea bourdillonii,Litsea bourdillonii
IPTO_06U,2022-12-21,S2,Clerodendrum viscosum,Clerodendrum infortunatum
IPTO_06U,2022-12-21,S2,Lantana sp.,Lantana camara
IPTO_07R,2022-12-21,S2,Actinodaphne bourdillonii,Actinodaphne bourdillonii
IPTO_07R,2022-12-21,S2,Neolitsea zeylanica,Neolitsea zeylanica
IPTO_07R,2022-12-21,S2,Clerodendrum viscosum,Clerodendrum infortunatum
IPTO_07R,2022-12-21,S2,Cinnamomum malabathrum,Cinnamomum malabatrum
IPTO_07R,2022-12-21,S2,Microtropis wallichiana,Microtropis wallichiana
IPTO_07U,2022-12-21,S2,Ficus hispida,Ficus hispida
IPTO_07U,2022-12-21,S2,Lantana sp.,Lantana camara
SEL1_07R,2022-12-22,S2,Clerodendrum viscosum,Clerodendrum infortunatum
SEL1_07R,2022-12-22,S2,Litsea floribunda,Litsea floribunda
SEL1_07R,2022-12-22,S2,Turpinia malabarica,Turpinia malabarica
SEL1_07R,2022-12-22,S2,Allophyllum sp.,Allophyllum sp.
SEL1_07U,2022-12-22,S2,Spathodea campanulata,Spathodea campanulata
SEL1_07U,2022-12-22,S2,Eucalyptus sp,Eucalyptus sp.
SEL1_07U,2022-12-22,S2,Actinodaphne malabaricum,Actinodaphne malabarica
SEL1_07U,2022-12-22,S2,Vernonia arborea,Vernonia arborea
SEL2_07R,2022-12-22,S2,Actinodaphne malabaricum,Actinodaphne malabarica
SEL2_07U,2022-12-22,S2,Eucalyptus sp,Eucalyptus sp.
THEN_10R,2022-12-22,S2,Macaranga indica,Macaranga indica
THEN_10R,2022-12-22,S2,Meliosma pinnata,Meliosma pinnata
THEN_10U,2022-12-22,S2,Litsea coriacea,Litsea coriacea
THEN_10U,2022-12-22,S2,Clerodendrum viscosum,Clerodendrum infortunatum
VAR2_10R,2022-12-22,S2,Maesopsis eminii,Maesopsis eminii
VAR2_10R,2022-12-22,S2,Litsea floribunda,Litsea floribunda
VAR2_10R,2022-12-22,S2,Artocarpus heterophyllus,Artocarpus heterophyllus
VAR2_10U,2022-12-22,S2,NA,NA
VAR3_10R,2022-12-22,S2,Maesopsis eminii,Maesopsis eminii
VAR3_10R,2022-12-22,S2,Symplocos sp.,Symplocos sp.
VAR3_10R,2022-12-22,S2,Cinnamomum malabathrum,Cinnamomum malabatrum
VAR3_10U,2022-12-22,S2,Villebrunea integrifolia,Villebrunea integrifolia
VAR3_10U,2022-12-22,S2,Clerodendrum viscosum,Clerodendrum infortunatum
VAR4_10R,2022-12-22,S2,Ficus tsjela,Ficus tsjakela
VAR4_10R,2022-12-22,S2,Litsea deccanensis,Litsea deccanensis
VAR4_10R,2022-12-22,S2,Clerodendrum viscosum,Clerodendrum infortunatum
VAR4_10R,2022-12-22,S2,Macaranga sp.,Macaranga sp.
VAR4_10U,2022-12-22,S2,Agrostistachys borneansis,Agrostistachys borneensis
VAR4_10U,2022-12-22,S2,Artocarpus integrifolius,Artocarpus integrifolius
VAR4_10U,2022-12-22,S2,Dimocarpus longan,Dimocarpus longan
OLV1_10R,2022-12-22,S2,Tetrameles nudiflora,Tetrameles nudiflora
OLV1_10R,2022-12-22,S2,Maesa indica,Maesa indica
OLV1_10U,2022-12-22,S2,Mallotus tetracoccus,Mallotus tetracoccus
OLV1_10U,2022-12-22,S2,Nothapodytes nimmoniana,Nothapodytes nimmoniana
OLV2_08R,2022-12-22,S2,Meliosma pinnata,Meliosma pinnata
OLV2_08R,2022-12-22,S2,Acronychia pedunculata,Acronychia pedunculata
OLV2_08U,2022-12-22,S2,Actinodaphne malabaricum,Actinodaphne malabarica
OLV2_08U,2022-12-22,S2,Clerodendrum viscosum,Clerodendrum infortunatum
OLV2_08U,2022-12-22,S2,Excoecaria oppositifolia,Excoecaria oppositifolia
H05,2022-12-19,S2,Drypetes wightii,Drypetes wightii
H05,2022-12-19,S2,Vateria indica,Vateria indica
H05,2022-12-19,S2,Vernonia arborea,Vernonia arborea
H05,2022-12-19,S2,Myristica dactyloides,Myristica beddomei
H05,2022-12-19,S2,Epiprinus mallotiformis,Epiprinus mallotiformis
H05,2022-12-19,S2,Maesopsis eminii,Maesopsis eminii
H05,2022-12-19,S2,Macaranga sp.,Macaranga sp.
J06,2022-12-19,S3,Gliricidia sepium,Gliricidia sepium
J06,2022-12-19,S3,Actinodaphne malabaricum,Actinodaphne malabarica
J06,2022-12-19,S3,Macaranga indica,Macaranga indica
H06,2022-12-19,S2,Vernonia arborea,Vernonia arborea
H06,2022-12-19,S2,Actinodaphne malabaricum,Actinodaphne malabarica
H06,2022-12-19,S2,Spathodea campanulata,Spathodea campanulata
H06,2022-12-19,S2,Vateria indica,Vateria indica
H06,2022-12-19,S2,Euodia lunu ankenda,Euodia lunu-ankenda
H06,2022-12-19,S2,Cinnamomum malabathrum,Cinnamomum malabatrum
K06,2022-12-19,S2,Litsea oleiodes,Litsea nigrescens
K06,2022-12-19,S2,Actinodaphne malabaricum,Actinodaphne malabarica
K06,2022-12-19,S2,Maesopsis eminii,Maesopsis eminii
K06,2022-12-19,S2,Turpinia malabarica,Turpinia malabarica
K06,2022-12-19,S2,Macaranga indica,Macaranga indica
K06,2022-12-19,S2,Glochidion malabarica,Glochidion malabaricum
Anali_01R,2023-04-20,S1,Xanthophyllum flavescens,Xanthophyllum flavescens
Anali_01R,2023-04-20,S1,Acronychia pedunculata,Acronychia pedunculata
Anali_01R,2023-04-20,S1,Aporosa sp.,Aporosa sp.
Anali_02R,2023-04-20,S1,Dimorphocalyx beddomei,Dimorphocalyx beddomei
Anali_02R,2023-04-20,S1,Maesopsis eminii,Maesopsis eminii
Anali_02R,2023-04-20,S1,Xanthophyllum flavescens,Xanthophyllum flavescens
Anali_03R,2023-04-20,S1,Aporosa lindleyana,Aporosa lindleyana
Anali_03R,2023-04-20,S1,Acronychia pedunculata,Acronychia pedunculata
Anali_03R,2023-04-20,S1,Meliosma pinnata,Meliosma pinnata
VAR1_01R,2023-04-20,S1,Syzygium laetum,Syzygium laetum
VAR1_01R,2023-04-20,S1,Diospyros sylvatica,Diospyros sylvatica
VAR1_01R,2023-04-20,S1,Xanthophyllum flavescens,Xanthophyllum flavescens
VAR1_01R,2023-04-20,S1,Maesopsis eminii,Maesopsis eminii
AGO_01U,2023-04-21,S1,Eucalyptus sp.,Eucalyptus sp.
AGO_02U,2023-04-21,S1,Eucalyptus sp.,Eucalyptus sp.
AGO_03U,2023-04-21,S1,Eucalyptus sp.,Eucalyptus sp.
TANTEA_CIN_01R,2023-07-21,S1,Eucalyptus sp.,Eucalyptus sp.
TANTEA_CIN_01R,2023-07-21,S1,Terminalia paniculata,Terminalia paniculata
TANTEA_CIN_01R,2023-07-21,S1,Clerodendrum infortunatum,Clerodendrum infortunatum
TANTEA_CIN_02R,2023-07-21,S1,Trema sp.,Trema orientale
TANTEA_CIN_02R,2023-07-21,S1,Clerodendrum infortunatum,Clerodendrum infortunatum
TANTEA_CIN_02R,2023-07-21,S1,Terminalia sp.,Terminalia sp.
A01,2023-04-29,S2,Maesopsis eminii,Maesopsis eminii
A01,2023-04-29,S2,Spathodea campanulata,Spathodea campanulata
A02,2023-04-27,S2,Spathodea campanulata,Spathodea campanulata
A02,2023-04-27,S2,Macaranga indica,Macaranga indica
A02,2023-04-27,S2,Maesopsis eminii,Maesopsis eminii
A02,2023-04-27,S2,Eucalyptus sp.,Eucalyptus sp.
B01,2023-04-29,S2,Elaeocarpus tuberculatus,Elaeocarpus tuberculatus
B01,2023-04-29,S2,Vateria indica,Vateria indica
B02,2023-04-27,S2,Maesopsis eminii,Maesopsis eminii
B02,2023-04-27,S2,Cryptocarya anamalayana,Cryptocarya anamalayana
B02,2023-04-27,S2,Ficus exasperata,Ficus exasperata
C01,2023-04-29,S2,Maesopsis eminii,Maesopsis eminii
C01,2023-04-29,S2,Spathodea campanulata,Spathodea campanulata
C01,2023-04-29,S2,Tetrameles nudiflora,Tetrameles nudiflora
C02,2023-04-27,S2,Spathodea campanulata,Spathodea campanulata
C02,2023-04-27,S2,Macaranga indica,Macaranga indica
C02,2023-04-27,S2,Vernonia arborea,Vernonia arborea
C03,2023-04-27,S2,Actinodaphne malabarica,Actinodaphne malabarica
C03,2023-04-27,S2,Vateria indica,Vateria indica
C03,2023-04-27,S2,Macaranga indica,Macaranga indica
C03,2023-04-27,S2,Ficus exasperata,Ficus exasperata
D02,2023-04-29,S2,Epiprinus mallotiformis,Epiprinus mallotiformis
D02,2023-04-29,S2,Actinodaphne sp.,Actinodaphne sp.
D03,2023-04-27,S2,Myristica dactyloides,Myristica beddomei
D03,2023-04-27,S2,Maesopsis eminii,Maesopsis eminii
D03,2023-04-27,S2,Vateria indica,Vateria indica
D03,2023-04-27,S2,Macaranga indica,Macaranga indica
E02,2023-04-29,S2,Vateria indica,Vateria indica
E02,2023-04-29,S2,Maesopsis eminii,Maesopsis eminii
E02,2023-04-29,S2,Euodia lunu-ankenda,Euodia lunu-ankenda
E03,2023-04-30,S2,Elaeocarpus tuberculatus,Elaeocarpus tuberculatus
E04,2023-04-30,S2,Vateria indica,Vateria indica
E04,2023-04-30,S2,Glochidion malabaricum,Glochidion malabaricum
E04,2023-04-30,S2,Lagerstroemia microcarpa,Lagerstroemia microcarpa
F02,2023-04-29,S2,Garcinia morella,Garcinia morella
F02,2023-04-29,S2,Macaranga peltata,Macaranga peltata
F03,2023-04-29,S2,Meliosma simplicifolia,Meliosma simplicifolia
F03,2023-04-29,S2,Mangifera indica,Mangifera indica
F03,2023-04-29,S2,Turpinia malabarica,Turpinia malabarica
F03,2023-04-29,S2,Vateria indica,Vateria indica
F04,2023-04-30,S2,Mangifera indica,Mangifera indica
F04,2023-04-30,S2,Actinodaphne malabarica,Actinodaphne malabarica
F04,2023-04-30,S2,Macaranga peltata,Macaranga peltata
F04,2023-04-30,S2,Maesopsis eminii,Maesopsis eminii
F05,2023-04-30,S2,Semecarpus travancoricus,Semecarpus travancoricus
F05,2023-04-30,S2,Vernonia arborea,Vernonia arborea
F05,2023-04-30,S2,Spathodea campanulata,Spathodea campanulata
G03,2023-04-30,S2,Turpinia malabarica,Turpinia malabarica
G03,2023-04-30,S2,Garcinia morella,Garcinia morella
G03,2023-04-30,S2,Actinodaphne malabarica,Actinodaphne malabarica
G03,2023-04-30,S2,Vateria indica,Vateria indica
G04,2023-04-30,S2,Elaeocarpus tuberculatus,Elaeocarpus tuberculatus
G04,2023-04-30,S2,Turpinia malabarica,Turpinia malabarica
G04,2023-04-30,S2,Vernonia arborea,Vernonia arborea
G05,2023-04-30,S2,Macaranga peltata,Macaranga peltata
G05,2023-04-30,S2,Vateria indica,Vateria indica
G05,2023-04-30,S2,Turpinia malabarica,Turpinia malabarica
G06,2023-05-08,S2,Macaranga indica,Macaranga indica
G06,2023-05-08,S2,Maesopsis eminii,Maesopsis eminii
G06,2023-05-08,S2,Acronychia pedunculata,Acronychia pedunculata
G06,2023-05-08,S2,Mallotus tetracoccus,Mallotus tetracoccus
G07,2023-09-19,S2,Turpinia malabarica,Turpinia malabarica
G07,2023-09-19,S2,Elaeocarpus tuberculatus,Elaeocarpus tuberculatus
G07,2023-09-19,S2,Maesopsis eminii,Maesopsis eminii
G07,2023-09-19,S2,Macaranga sp.,Macaranga sp.
G08,2023-08-18,S1,Cinnamomum verum,Cinnamomum verum
G08,2023-08-18,S1,Maesopsis eminii,Maesopsis eminii
H03,2023-04-30,S2,Turpinia malabarica,Turpinia malabarica
H03,2023-04-30,S2,Maesopsis eminii,Maesopsis eminii
H03,2023-04-30,S2,Actinodaphne malabarica,Actinodaphne malabarica
H04,2023-04-30,S2,Turpinia malabarica,Turpinia malabarica
H04,2023-04-30,S2,Holigarna nigra,Holigarna nigra
H04,2023-04-30,S2,Macaranga peltata,Macaranga peltata
H04,2023-04-30,S2,Vernonia arborea,Vernonia arborea
H07,2023-08-18,S2,Macaranga peltata,Macaranga peltata
H07,2023-08-18,S2,Maesopsis eminii,Maesopsis eminii
H08,2023-08-18,S2,Maesopsis eminii,Maesopsis eminii
H08,2023-08-18,S2,Actinodaphne malabarica,Actinodaphne malabarica
H08,2023-08-18,S2,Macaranga peltata,Macaranga peltata
H08,2023-08-18,S2,Spathodea campanulata,Spathodea campanulata
I03,2023-04-30,S2,Drypetes malabarica,Drypetes malabarica
I03,2023-04-30,S2,Antidesma menasu,Antidesma menasu
I03,2023-04-30,S2,Phoebe lanceolata,Phoebe lanceolata
I03,2023-04-30,S2,Vernonia arborea,Vernonia arborea
I03,2023-04-30,S2,Hydnocarpus pentandrus,Hydnocarpus pentandrus
I05,2023-05-08,S2,Elaeocarpus tuberculatus,Elaeocarpus tuberculatus
I05,2023-05-08,S2,Vernonia arborea,Vernonia arborea
I05,2023-05-08,S2,Cinnamomum malabatrum,Cinnamomum malabatrum
I05,2023-05-08,S2,Maesopsis eminii,Maesopsis eminii
I05,2023-05-08,S2,Euodia lunu-ankenda,Euodia lunu-ankenda
I06,2023-05-09,S2,Spathodea campanulata,Spathodea campanulata
I06,2023-05-09,S2,Gliricidia sepium,Gliricidia sepium
I06,2023-05-09,S2,Macaranga peltata,Macaranga peltata
I07,2023-05-09,S2,Gliricidia sepium,Gliricidia sepium
I08,2023-05-09,S2,Actinodaphne malabarica,Actinodaphne malabarica
I08,2023-05-09,S2,Maesopsis eminii,Maesopsis eminii
I09,2023-05-09,S2,Elaeocarpus tuberculatus,Elaeocarpus tuberculatus
I09,2023-05-09,S2,Vateria indica,Vateria indica
I09,2023-05-09,S2,Actinodaphne malabarica,Actinodaphne malabarica
I13,2023-07-06,S1,Actinodaphne malabarica,Actinodaphne malabarica
I13,2023-07-06,S1,Grevillea robusta,Grevillea robusta
I17,2023-09-19,S2,Coffea canephora,Coffea canephora
I17,2023-09-19,S2,Actinodaphne malabarica,Actinodaphne malabarica
J04,2023-05-08,S2,Vateria indica,Vateria indica
J04,2023-05-08,S2,Olea dioica,Olea dioica
J05,2023-05-08,S2,Macaranga peltata,Macaranga peltata
J05,2023-05-08,S2,Gliricidia sepium,Gliricidia sepium
J05,2023-05-08,S2,Elaeocarpus tuberculatus,Elaeocarpus tuberculatus
J05,2023-05-08,S2,Maesopsis eminii,Maesopsis eminii
J05,2023-05-08,S2,Meliosma pinnata,Meliosma pinnata
J07,2023-05-09,S2,Diospyros sylvatica,Diospyros sylvatica
J07,2023-05-09,S2,Gliricidia sepium,Gliricidia sepium
J08,2023-08-18,S2,Turpinia malabarica,Turpinia malabarica
J08,2023-08-18,S2,Artocarpus heterophyllus,Artocarpus heterophyllus
J08,2023-08-18,S2,Vateria indica,Vateria indica
J08,2023-08-18,S2,Spathodea campanulata,Spathodea campanulata
J09,2023-08-18,S2,Vateria indica,Vateria indica
J09,2023-08-18,S2,Vernonia arborea,Vernonia arborea
J09,2023-08-18,S2,Spathodea campanulata,Spathodea campanulata
J10,2023-08-14,S2,NA,NA
J11,2023-08-21,S2,Glochidion malabaricum,Glochidion malabaricum
J11,2023-08-21,S2,Coffea canephora,Coffea canephora
J11,2023-08-21,S2,Maesopsis eminii,Maesopsis eminii
J12,2023-08-21,S2,Macaranga peltata,Macaranga peltata
J12,2023-08-21,S2,Maesopsis eminii,Maesopsis eminii
J12,2023-08-21,S2,Grevillea robusta,Grevillea robusta
J16,2023-09-19,S2,Phoebe lanceolata,Phoebe lanceolata
J16,2023-09-19,S2,Actinodaphne malabarica,Actinodaphne malabarica
J17,2023-09-19,S2,Coffea canephora,Coffea canephora
J17,2023-09-19,S2,Actinodaphne malabarica,Actinodaphne malabarica
K04,2023-05-08,S2,Drypetes wightii,Drypetes wightii
K04,2023-05-08,S2,Vateria indica,Vateria indica
K04,2023-05-08,S2,Dimocarpus longan,Dimocarpus longan
K04,2023-05-08,S2,Maesopsis eminii,Maesopsis eminii
K05,2023-05-08,S2,Antidesma menasu,Antidesma menasu
K05,2023-05-08,S2,Macaranga peltata,Macaranga peltata
K05,2023-05-08,S2,Vateria indica,Vateria indica
K07,2023-05-09,S2,Cullenia exarillata,Cullenia exarillata
K07,2023-05-09,S2,Maesopsis eminii,Maesopsis eminii
K07,2023-05-09,S2,Vateria indica,Vateria indica
K08,2023-08-18,S2,Turpinia malabarica,Turpinia malabarica
K08,2023-08-18,S2,Vernonia arborea,Vernonia arborea
K08,2023-08-18,S2,Myristica dactyloides,Myristica beddomei
K08,2023-08-18,S2,Actinodaphne sp.,Actinodaphne sp.
K09,2023-08-18,S2,Lagerstroemia microcarpa,Lagerstroemia microcarpa
K09,2023-08-18,S2,Elaeocarpus tuberculatus,Elaeocarpus tuberculatus
K10,2023-08-14,S2,Elaeocarpus tuberculatus,Elaeocarpus tuberculatus
K10,2023-08-14,S2,Glochidion sp.,Glochidion sp.
K10,2023-08-14,S2,Actinodaphne malabarica,Actinodaphne malabarica
K11,2023-08-21,S2,Macaranga indica,Macaranga indica
K11,2023-08-21,S2,Actinodaphne malabarica,Actinodaphne malabarica
K11,2023-08-21,S2,Turpinia malabarica,Turpinia malabarica
K12,2023-08-21,S2,Myristica dactyloides,Myristica beddomei
K12,2023-08-21,S2,Glochidion sp.,Glochidion sp.
K12,2023-08-21,S2,Turpinia malabarica,Turpinia malabarica
K12,2023-08-21,S2,Actinodaphne malabarica,Actinodaphne malabarica
K13,2023-08-21,S2,Actinodaphne malabarica,Actinodaphne malabarica
K13,2023-08-21,S2,Cinnamomum malabatrum,Cinnamomum malabatrum
K13,2023-08-21,S2,Euodia lunu-ankenda,Euodia lunu-ankenda
K14,2023-08-21,S2,Lagerstroemia microcarpa,Lagerstroemia microcarpa
K14,2023-08-21,S2,Turpinia malabarica,Turpinia malabarica
K14,2023-08-21,S2,Maesopsis eminii,Maesopsis eminii
K14,2023-08-21,S2,Macaranga peltata,Macaranga peltata
K15,2023-08-22,S2,Persea macrantha,Persea macrantha
K15,2023-08-22,S2,Euodia lunu-ankenda,Euodia lunu-ankenda
K15,2023-08-22,S2,Glochidion malabaricum,Glochidion malabaricum
K15,2023-08-22,S2,Beilschmiedia dalzellii,Beilschmiedia dalzellii
K16,2023-08-22,S2,Maesopsis eminii,Maesopsis eminii
K16,2023-08-22,S2,Grevillea robusta,Grevillea robusta
K16,2023-08-22,S2,Actinodaphne malabarica,Actinodaphne malabarica
K17,2023-09-19,S2,Macaranga peltata,Macaranga peltata
K17,2023-09-19,S2,Coffea canephora,Coffea canephora
K17,2023-09-19,S2,Actinodaphne malabarica,Actinodaphne malabarica
L04,2023-05-08,S2,Elaeocarpus tuberculatus,Elaeocarpus tuberculatus
L04,2023-05-08,S2,Dysoxylum malabaricum,Dysoxylum malabaricum
L05,2023-05-08,S2,Vateria indica,Vateria indica
L05,2023-05-08,S2,Elaeocarpus tuberculatus,Elaeocarpus tuberculatus
L06,2023-05-09,S2,Glochidion malabaricum,Glochidion malabaricum
L06,2023-05-09,S2,Elaeocarpus tuberculatus,Elaeocarpus tuberculatus
L06,2023-05-09,S2,Vateria indica,Vateria indica
L07,2023-05-09,S2,Diospyros paniculata,Diospyros paniculata
L07,2023-05-09,S2,Drypetes wightii,Drypetes wightii
L08,2023-08-18,S2,Maesopsis eminii,Maesopsis eminii
L08,2023-08-18,S2,Vernonia arborea,Vernonia arborea
L09,2023-08-18,S2,Mesua ferrea,Mesua ferrea
L09,2023-08-18,S2,Drypetes malabarica,Drypetes malabarica
L09,2023-08-18,S2,Maesopsis eminii,Maesopsis eminii
L09,2023-08-18,S2,Vernonia arborea,Vernonia arborea
L10,2023-08-14,S2,Turpinia malabarica,Turpinia malabarica
L10,2023-08-14,S2,Tetrameles nudiflora,Tetrameles nudiflora
L10,2023-08-14,S2,Leea indica,Leea indica
L10,2023-08-14,S2,Drypetes malabarica,Drypetes malabarica
L10,2023-08-14,S2,Actinodaphne sp.,Actinodaphne sp.
L11,2023-08-21,S2,Garcinia gummi-gutta,Garcinia gummi-gutta
L11,2023-08-21,S2,Turpinia malabarica,Turpinia malabarica
L11,2023-08-21,S2,Maesopsis eminii,Maesopsis eminii
L11,2023-08-21,S2,Macaranga indica,Macaranga indica
L11,2023-08-21,S2,Lepisanthes erecta,Lepisanthes erecta
L15,2023-08-22,S2,Maesopsis eminii,Maesopsis eminii
L15,2023-08-22,S2,Syzygium laetum,Syzygium laetum
L15,2023-08-22,S2,Elaeocarpus tuberculatus,Elaeocarpus tuberculatus
L16,2023-08-22,S2,Alstonia scholaris,Alstonia scholaris
L16,2023-08-22,S2,Cinnamomum malabatrum,Cinnamomum malabatrum
L16,2023-08-22,S2,Aglaia canarana,Aglaia canarana
L17,2023-08-22,S2,Otonephelium stipulaceum,Otonephelium stipulaceum
L17,2023-08-22,S2,Maesopsis eminii,Maesopsis eminii
L17,2023-08-22,S2,Elaeocarpus tuberculatus,Elaeocarpus tuberculatus
L17,2023-08-22,S2,Acronychia pedunculata,Acronychia pedunculata
M07,2023-05-09,S2,Actinodaphne malabarica,Actinodaphne malabarica
M07,2023-05-09,S2,Paracroton pendulus,Paracroton pendulus
M08,2023-08-14,S2,Maesopsis eminii,Maesopsis eminii
M08,2023-08-14,S2,Actinodaphne malabarica,Actinodaphne malabarica
M08,2023-08-14,S2,Glochidion malabaricum,Glochidion malabaricum
M09,2023-08-18,S2,Maesopsis eminii,Maesopsis eminii
M09,2023-08-18,S2,Actinodaphne malabarica,Actinodaphne malabarica
M09,2023-08-18,S2,Macaranga indica,Macaranga indica
M10,2023-08-14,S2,Epiprinus mallotiformis,Epiprinus mallotiformis
M10,2023-08-14,S2,Xanthophyllum flavescens,Xanthophyllum flavescens
M10,2023-08-14,S2,Drypetes wightii,Drypetes wightii
M10,2023-08-14,S2,Antidesma menasu,Antidesma menasu
M11,2023-08-21,S2,Macaranga peltata,Macaranga peltata
M11,2023-08-21,S2,Actinodaphne malabarica,Actinodaphne malabarica
M11,2023-08-21,S2,Litsea floribunda,Litsea floribunda
M11,2023-08-21,S2,Euodia lunu-ankenda,Euodia lunu-ankenda
M15,2023-08-22,S2,Actinodaphne malabarica,Actinodaphne malabarica
M15,2023-08-22,S2,Euodia lunu-ankenda,Euodia lunu-ankenda
M16,2023-08-22,S2,Elaeocarpus tuberculatus,Elaeocarpus tuberculatus
M16,2023-08-22,S2,Litsea floribunda,Litsea floribunda
M16,2023-08-22,S2,Syzygium sp.,Syzygium sp.
M17,2023-08-22,S2,Euodia lunu-ankenda,Euodia lunu-ankenda
M17,2023-08-22,S2,Actinodaphne malabarica,Actinodaphne malabarica
M17,2023-08-22,S2,Maesopsis eminii,Maesopsis eminii
M17,2023-08-22,S2,Gliricidia sepium,Gliricidia sepium
N08,2023-08-14,S2,Cullenia exarillata,Cullenia exarillata
N08,2023-08-14,S2,Glochidion malabaricum,Glochidion malabaricum
N08,2023-08-14,S2,Turpinia malabarica,Turpinia malabarica
N08,2023-08-14,S2,Maesopsis eminii,Maesopsis eminii
N09,2023-08-14,S2,Epiprinus mallotiformis,Epiprinus mallotiformis
N09,2023-08-14,S2,Maesopsis eminii,Maesopsis eminii
N09,2023-08-14,S2,Drypetes malabarica,Drypetes malabarica
N09,2023-08-14,S2,Vateria indica,Vateria indica
N10,2023-08-14,S2,Actinodaphne malabarica,Actinodaphne malabarica
N10,2023-08-14,S2,Maesopsis eminii,Maesopsis eminii
N10,2023-08-14,S2,Olea dioica,Olea dioica
N11,2023-08-21,S2,Vateria indica,Vateria indica
N11,2023-08-21,S2,Euodia lunu-ankenda,Euodia lunu-ankenda
N11,2023-08-21,S2,Maesopsis eminii,Maesopsis eminii
N15,2023-08-22,S2,Tetrameles nudiflora,Tetrameles nudiflora
N15,2023-08-22,S2,Cullenia exarillata,Cullenia exarillata
N15,2023-08-22,S2,Coffea canephora,Coffea canephora
N15,2023-08-22,S2,Maesopsis eminii,Maesopsis eminii
N15,2023-08-22,S2,Epiprinus mallotiformis,Epiprinus mallotiformis
N15,2023-08-22,S2,Tetrameles nudiflora,Tetrameles nudiflora
N15,2023-08-22,S2,Cullenia exarillata,Cullenia exarillata
N15,2023-08-22,S2,Coffea canephora,Coffea canephora
N15,2023-08-22,S2,Maesopsis eminii,Maesopsis eminii
N15,2023-08-22,S2,Epiprinus mallotiformis,Epiprinus mallotiformis
N16,2023-08-22,S2,Macaranga indica,Macaranga indica
N16,2023-08-22,S2,Actinodaphne malabarica,Actinodaphne malabarica
N16,2023-08-22,S2,Maesopsis eminii,Maesopsis eminii
O08,2023-08-14,S2,Euodia lunu-ankenda,Euodia lunu-ankenda
O08,2023-08-14,S2,Maesopsis eminii,Maesopsis eminii
O08,2023-08-14,S2,Macaranga indica,Macaranga indica
O08,2023-08-14,S2,Turpinia malabarica,Turpinia malabarica
O08,2023-08-14,S2,Paracroton pendulus,Paracroton pendulus
P08,2023-08-14,S1,Euodia lunu-ankenda,Euodia lunu-ankenda
P08,2023-08-14,S1,Ficus microcarpa,Ficus microcarpa
P08,2023-08-14,S1,Maesopsis eminii,Maesopsis eminii
P08,2023-08-14,S1,Actinodaphne malabarica,Actinodaphne malabarica
E15,2023-10-26,S1,Spathodea campanulata,Spathodea campanulata
F14,2023-10-26,S1,Ficus exasperata,Ficus exasperata
F14,2023-10-26,S1,Maesa indica,Maesa indica
F15,2023-10-26,S1,NA,NA
F16,2023-10-26,S1,Vateria indica,Vateria indica
F16,2023-10-26,S1,Maesopsis eminii,Maesopsis eminii
G13,2023-10-26,S1,Myristica dactyloides,Myristica beddomei
G13,2023-10-26,S1,Grevillea robusta,Grevillea robusta
G13,2023-10-26,S1,Macaranga indica,Macaranga indica
G14,2023-10-26,S1,Macaranga indica,Macaranga indica
G14,2023-10-26,S1,Spathodea campanulata,Spathodea campanulata
G14,2023-10-26,S1,Maesopsis eminii,Maesopsis eminii
G15,2023-10-26,S1,Spathodea campanulata,Spathodea campanulata
G15,2023-10-26,S1,Eucalyptus sp.,Eucalyptus sp.
G16,2023-10-26,S1,Spathodea campanulata,Spathodea campanulata
G16,2023-10-26,S1,Macaranga sp.,Macaranga sp.
H13,2023-10-26,S1,Mallotus tetracoccus,Mallotus tetracoccus
H13,2023-10-26,S1,Actinodaphne malabarica,Actinodaphne malabarica
H13,2023-10-26,S1,Maesopsis eminii,Maesopsis eminii
H13,2023-10-26,S1,Grevillea robusta,Grevillea robusta
H14,2023-10-26,S1,Persea macrantha,Persea macrantha
H14,2023-10-26,S1,Actinodaphne malabarica,Actinodaphne malabarica
H14,2023-10-26,S1,Spathodea campanulata,Spathodea campanulata
H14,2023-10-26,S1,Tetrameles nudiflora,Tetrameles nudiflora
H14,2023-10-26,S1,Cinnamomum malabatrum,Cinnamomum malabatrum
H15,2023-10-26,S1,Spathodea campanulata,Spathodea campanulata
H15,2023-10-26,S1,Vateria indica,Vateria indica
H15,2023-10-26,S1,Actinodaphne malabarica,Actinodaphne malabarica
H16,2023-10-26,S1,Spathodea campanulata,Spathodea campanulata
H16,2023-10-26,S1,Maesopsis eminii,Maesopsis eminii
H16,2023-10-26,S1,Toona ciliata,Toona ciliata
H16,2023-10-26,S1,Meliosma pinnata,Meliosma pinnata
H16,2023-10-26,S1,Vateria indica,Vateria indica
H17,2023-10-26,S1,Grevillea robusta,Grevillea robusta
H17,2023-10-26,S1,Maesopsis eminii,Maesopsis eminii
H17,2023-10-26,S1,Ficus exasperata,Ficus exasperata
H17,2023-10-26,S1,Actinodaphne malabarica,Actinodaphne malabarica
H17,2023-10-26,S1,Toona ciliata,Toona ciliata
I14,2023-10-26,S1,Actinodaphne malabarica,Actinodaphne malabarica
I14,2023-10-26,S1,Spathodea campanulata,Spathodea campanulata
I14,2023-10-26,S1,Maesopsis eminii,Maesopsis eminii
I14,2023-10-26,S1,Macaranga peltata,Macaranga peltata
I15,2023-10-26,S1,Flacourtia montana,Flacourtia montana
I15,2023-10-26,S1,Maesopsis eminii,Maesopsis eminii
I15,2023-10-26,S1,Persea macrantha,Persea macrantha
I15,2023-10-26,S1,Spathodea campanulata,Spathodea campanulata
I16,2023-10-26,S1,Actinodaphne malabarica,Actinodaphne malabarica
I16,2023-10-26,S1,Maesopsis eminii,Maesopsis eminii
I16,2023-10-26,S1,Spathodea campanulata,Spathodea campanulata
I16,2023-10-26,S1,Macaranga peltata,Macaranga peltata
I16,2023-10-26,S1,Vateria indica,Vateria indica
J13,2023-10-26,S1,Actinodaphne malabarica,Actinodaphne malabarica
J13,2023-10-26,S1,Turpinia malabarica,Turpinia malabarica
J13,2023-10-26,S1,Grevillea robusta,Grevillea robusta
J13,2023-10-26,S1,Spathodea campanulata,Spathodea campanulata
J13,2023-10-26,S1,Drypetes malabarica,Drypetes malabarica
J14,2023-10-26,S1,Actinodaphne malabarica,Actinodaphne malabarica
J14,2023-10-26,S1,Spathodea campanulata,Spathodea campanulata
J14,2023-10-26,S1,Grevillea robusta,Grevillea robusta
J15,2023-10-26,S1,Actinodaphne malabarica,Actinodaphne malabarica
J15,2023-10-26,S1,Spathodea campanulata,Spathodea campanulata
J15,2023-10-26,S1,Maesopsis eminii,Maesopsis eminii
L12,2023-10-27,S2,Semecarpus travancoricus,Semecarpus travancoricus
L12,2023-10-27,S2,Macaranga peltata,Macaranga peltata
L12,2023-10-27,S2,Maesopsis eminii,Maesopsis eminii
L13,2023-10-27,S2,Maesopsis eminii,Maesopsis eminii
L13,2023-10-27,S2,Euodia lunu-ankenda,Euodia lunu-ankenda
L14,2023-10-27,S2,Actinodaphne malabarica,Actinodaphne malabarica
L14,2023-10-27,S2,Bombax ceiba,Bombax ceiba
L14,2023-10-27,S2,Maesopsis eminii,Maesopsis eminii
M12-SE(3),2023-10-27,S1,Epiprinus mallotiformis,Epiprinus mallotiformis
M12-SE(3),2023-10-27,S1,Vateria indica,Vateria indica
M12-SE(3),2023-10-27,S1,Maesopsis eminii,Maesopsis eminii
M13-NE(4),2023-10-27,S1,Drypetes malabarica,Drypetes malabarica
M13-NE(4),2023-10-27,S1,Turpinia malabarica,Turpinia malabarica
M13-NE(4),2023-10-27,S1,Actinodaphne malabarica,Actinodaphne malabarica
M14-SE(1),2023-10-27,S1,Maesopsis eminii,Maesopsis eminii
M14-SE(1),2023-10-27,S1,Xanthophyllum flavescens,Xanthophyllum flavescens
N12-SE(2),2023-10-27,S1,Antidesma menasu,Antidesma menasu
N12-SE(2),2023-10-27,S1,Drypetes malabarica,Drypetes malabarica
N12-SE(2),2023-10-27,S1,Macaranga peltata,Macaranga peltata
N13-SE(1),2023-10-27,S1,Knema attenuata,Knema attenuata
N13-SE(1),2023-10-27,S1,Xanthophyllum flavescens,Xanthophyllum flavescens
N13-SE(1),2023-10-27,S1,Macaranga indica,Macaranga indica
N13-SE(1),2023-10-27,S1,Vateria indica,Vateria indica
N14-NE(1),2023-10-27,S1,Cullenia exarillata,Cullenia exarillata
N14-NE(1),2023-10-27,S1,Actinodaphne malabarica,Actinodaphne malabarica
RK-24 R01,2024-01-24,S1,NA,NA
RK-24 R02,2024-01-24,S1,NA,NA
IYP2024R1,2024-04-22,S1,NA,NA
IYP2024R2,2024-04-22,S1,NA,NA
IyH-24 R01,2024-10-21,S1,NA,NA
G13,2025-12-17,S2,Myristica dactyloides,Myristica beddomei
G13,2025-12-17,S2,Macaranga indica,Macaranga indica
G13,2025-12-17,S2,Grevillea robusta,Grevillea robusta
G14,2025-12-17,S2,Spathodea campanulata,Spathodea campanulata
H14,2025-12-17,S2,Actinodaphne malabarica,Actinodaphne malabarica
H14,2025-12-17,S2,Spathodea campanulata,Spathodea campanulata
TANTEA_CIN_03R,2025-12-18,S1,Clerodendrum infortunatum,Clerodendrum infortunatum
TANTEA_CIN_03R,2025-12-18,S1,Syzygium cumini,Syzygium cumini
TANTEA_CIN_03R,2025-12-18,S1,Litsea floribunda,Litsea floribunda
TANTEA_CIN_04R,2025-12-18,S1,Syzygium cumini,Syzygium cumini
TANTEA_CIN_04R,2025-12-18,S1,Toona ciliata,Toona ciliata
TANTEA_CIN_04R,2025-12-18,S1,Leea indica,Leea indica
TANTEA_CIN_04R,2025-12-18,S1,Cinnamomum verum,Cinnamomum verum
RK-25 R,2025-12-18,S1,Clerodendrum infortunatum,Clerodendrum infortunatum
IyT-GLI-25 R,2025-12-18,S1,Gliricidia sepium,Gliricidia sepium
