siteID,date5x5,season,species,remarks
STM1_02R,2018-02-09,S1,Guava fruit,
STM1_02R,2018-02-09,S1,Hypoestes phyllostachya,
STM1_02R,2018-02-09,S1,Stachytarpheta cayennensis,
STM1_02R,2018-02-09,S1,Croton climber,
STM2_04R,2018-02-09,S1,Croton climber,
STM2_04R,2018-02-09,S1,Hypoestes phyllostachya,
STM2_04R,2018-02-09,S1,Stachytarpheta cayennensis,
STIN_02R,2018-02-09,S1,Zingiberaceae,
STIN_02R,2018-02-09,S1,Croton climber,
STIN_02R,2018-02-09,S1,Solanum sp.,
STIN_02R,2018-02-09,S1,Chromolaena odorata,
STIN_02R,2018-02-09,S1,Grass,
STIN_02R,2018-02-09,S1,Bracken,
STM1_02U,2018-02-09,S1,Chromolaena odorata,
STM1_02U,2018-02-09,S1,Grass,
STM1_02U,2018-02-09,S1,Mimosa pudica,
STM2_04U,2018-02-09,S1,Chromolaena odorata,
STM2_04U,2018-02-09,S1,Bracken,
STM2_04U,2018-02-09,S1,Solanum sp.,
STM2_04U,2018-02-09,S1,Grass,
STIN_02U,2018-02-09,S1,Bracken,
STIN_02U,2018-02-09,S1,Chromolaena odorata,
STIN_02U,2018-02-09,S1,Polygonum sp.,
STIN_02U,2018-02-09,S1,Mikania micrantha,
INME_03R,2018-02-20,S1,Zingiberaceae,
INME_03R,2018-02-20,S1,Croton climber,
INME_03R,2018-02-20,S1,Grass,
INME_03R,2018-02-20,S1,Bracken,
INBS_04R,2018-02-20,S1,Climber,
INBS_04R,2018-02-20,S1,Grass,
INDS_03R,2018-02-20,S1,Grass,
INDS_03R,2018-02-20,S1,Pepper,
INDS_03R,2018-02-20,S1,Bracken,
INDS_03U,2018-02-20,S1,Climber,
INDS_03U,2018-02-20,S1,Zingiberaceae,
INDS_03U,2018-02-20,S1,Croton climber,
INDS_03U,2018-02-20,S1,Caryota urens,
INME_03U,2018-02-20,S1,Climber,
INME_03U,2018-02-20,S1,Croton climber,
INME_03U,2018-02-20,S1,Croton zeylanicus,
INME_03U,2018-02-20,S1,Grass,
INME_03U,2018-02-20,S1,Zingiberaceae,
INOA_03R,2018-03-09,S1,Polygonum sp.,
INOA_03R,2018-03-09,S1,Croton climber,
INOA_03R,2018-03-09,S1,Bracken,
INOA_03R,2018-03-09,S1,Grass,
INOA_03R,2018-03-09,S1,Mikania micrantha,
INOA_03R,2018-03-09,S1,Chromolaena odorata,
INOA_03R,2018-03-09,S1,Hypoestes phyllostachya,
INOA_03U,2018-03-09,S1,Chromolaena odorata,
INOA_03U,2018-03-09,S1,Mimosa pudica,
INOA_03U,2018-03-09,S1,Grass,
INBS_04U,2018-03-09,S1,Chromolaena odorata,
INBS_04U,2018-03-09,S1,Polygonum sp.,
INBS_04U,2018-03-09,S1,Grass,
SEL1_07R,2018-03-08,S1,Climber,
SEL1_07R,2018-03-08,S1,Grass,
SEL2_07R,2018-03-08,S1,Climber,
SEL2_07R,2018-03-08,S1,Mikania micrantha,
SEL2_07R,2018-03-08,S1,Grass,
SEL2_07R,2018-03-08,S1,Bracken,
SEL1_07U,2018-03-08,S1,Hypoestes phyllostachya,
SEL1_07U,2018-03-08,S1,Stachytarpheta cayennensis,
SEL1_07U,2018-03-08,S1,Chromolaena odorata,
SEL1_07U,2018-03-08,S1,Grass,
SEL1_07U,2018-03-08,S1,Mikania micrantha,
SEL1_07U,2018-03-08,S1,Croton climber,
SEL2_07U,2018-03-08,S1,Chromolaena odorata,
SEL2_07U,2018-03-08,S1,Grass,
SEL2_07U,2018-03-08,S1,Solanum sp.,
OLV1_10R,2018-03-08,S1,Pepper,
OLV1_10R,2018-03-08,S1,Zingiberaceae,
OLV1_10R,2018-03-08,S1,Climber,
OLV1_10R,2018-03-08,S1,Grass,
OLV1_10R,2018-03-08,S1,Bracken,
OLV1_10U,2018-03-08,S1,Chromolaena odorata,
OLV1_10U,2018-03-08,S1,Solanum sp.,
HP40_05R,2018-03-14,S1,Strobilanthes sp.,
HP40_05R,2018-03-14,S1,Climber,
HP40_05R,2018-03-14,S1,Calamus sp.,
HP40_05R,2018-03-14,S1,Mikania micrantha,
HP40_05R,2018-03-14,S1,Bracken,
HP40_05R,2018-03-14,S1,Grass,
HP40_05U,2018-03-17,S1,Grass,
IPTO_04R,2018-03-17,S1,Calamus sp.,
IPTO_04R,2018-03-17,S1,Chromolaena odorata,
IPTO_04R,2018-03-17,S1,Mimosa pudica,
IPTO_05R,2018-03-17,S1,Calamus sp.,
IPTO_05R,2018-03-17,S1,Grass,
IPTO_05R,2018-03-17,S1,Climber,
IPTO_05R,2018-03-17,S1,Salacia.sp (liana),
IPTO_06R,2018-03-17,S1,Lasianthus jakianus,
IPTO_06R,2018-03-17,S1,Dichapetalum geloniodies,
IPTO_06R,2018-03-17,S1,Hiptage bengalensis,
IPTO_06R,2018-03-17,S1,Grass,
IPTO_06R,2018-03-17,S1,Calamus sp.,
IPTO_06R,2018-03-17,S1,Bracken,
IPCO_07R,2018-03-17,S1,Salacia.sp (liana),Iyerpadi colony
IPCO_07R,2018-03-17,S1,Calamus sp.,Iyerpadi colony
IPCO_07R,2018-03-17,S1,Mikania micrantha,Iyerpadi colony
IPCO_07R,2018-03-17,S1,Climber,Iyerpadi colony
IPCO_07R,2018-03-17,S1,Solanum sp.,Iyerpadi colony
IPCO_07R,2018-03-17,S1,Zingiberaceae,Iyerpadi colony
IPCO_07U,2018-03-17,S1,Zingiberaceae,Iyerpadi colony
IPCO_07U,2018-03-17,S1,Mikania micrantha,Iyerpadi colony
IPCO_07U,2018-03-17,S1,Calamus sp.,Iyerpadi colony
IPCO_07U,2018-03-17,S1,UN ID,Iyerpadi colony
IPTO_04U,2018-03-19,S1,Solanum sp.,
IPTO_04U,2018-03-19,S1,Chromolaena odorata,
IPTO_04U,2018-03-19,S1,Climber,
IPTO_04U,2018-03-19,S1,Calamus sp.,
IPTO_05U,2018-03-19,S1,Calamus sp.,
IPTO_05U,2018-03-19,S1,Zingiberaceae,
IPTO_05U,2018-03-19,S1,Grass,
IPTO_05U,2018-03-19,S1,Climber,
IPTO_06U,2018-03-19,S1,Chromolaena odorata,
IPTO_06U,2018-03-19,S1,Zingiberaceae,
IPTO_06U,2018-03-19,S1,Climber,
HP36_P1B,2018-03-14,S1,Climber,
HP36_P1B,2018-03-14,S1,Ferns,
HP36_P2B,2018-03-14,S1,Climber,
HP36_P2B,2018-03-14,S1,UN ID,
HP36_P3B,2018-03-15,S1,Elaeagnus.sp,
HP36_P3B,2018-03-15,S1,Calamus sp.,
HP36_P3B,2018-03-15,S1,Grass,
HP36_P3B,2018-03-15,S1,Ferns,
HP36_P3B,2018-03-15,S1,UNI,Check pictures with moorthy or Vanidass
HP36_P4B,2018-03-15,S1,Ferns,
HP36_P4B,2018-03-15,S1,Climber,
HP36_P4B,2018-03-15,S1,Bracken,
HP36_P4B,2018-03-15,S1,Pepper,
HP36_P4B,2018-03-15,S1,Lasianthus jakianus,
HP37_P1B,2018-03-16,S1,Calamus sp.,
HP37_P1B,2018-03-16,S1,Pepper,
HP37_P1B,2018-03-16,S1,Climber,
HP37_P1B,2018-03-16,S1,Ferns,
HP37_P1B,2018-03-16,S1,Elatostema.sp,
HP37_P1B,2018-03-16,S1,Erythropalum scandens,
HP37_P2B,2018-03-16,S1,Elatostema.sp,
HP37_P2B,2018-03-16,S1,Erythropalum scandens,
HP37_P2B,2018-03-16,S1,Zingiberaceae,
HP37_P2B,2018-03-16,S1,Bracken,
HP37_P3B,2018-03-16,S1,Ferns,
HP37_P3B,2018-03-16,S1,Elatostema.sp,
HP37_P3B,2018-03-16,S1,Lasianthus jakianus,
HP37_P3B,2018-03-16,S1,Erythropalum scandens,
HP37_P3B,2018-03-16,S1,Climber,
HP37_P3B,2018-03-16,S1,Bracken,
HP37_P3B,2018-03-16,S1,Strobilanthes sp.,
HP37_P4B,2018-03-16,S1,Zingiberaceae,
HP37_P4B,2018-03-16,S1,Ferns,
HP37_P4B,2018-03-16,S1,Grass,
HP37_P4B,2018-03-16,S1,Toddalia asiatica,
HP37_P4B,2018-03-16,S1,Bracken,
OLCA_P1B,2018-03-19,S1,Elatostema sp.,
OLCA_P1B,2018-03-19,S1,Climber,
OLCA_P1B,2018-03-19,S1,Saprosma.sp,
OLCA_P1B,2018-03-19,S1,Lasianthus jakianus,
OLCA_P2B,2018-03-19,S1,Zingiberaceae,
OLCA_P2B,2018-03-19,S1,Caryota urens,
OLCA_P2B,2018-03-19,S1,Thottea siliquosa,
OLCA_P2B,2018-03-19,S1,Climber,
OLCA_P2B,2018-03-19,S1,Elatostema sp.,
OLCA_P2B,2018-03-19,S1,Pepper,
OLCA_P2B,2018-03-19,S1,Ferns,
UPMA_P1B,2018-03-20,S1,Ancistrocladus heyneanus,
UPMA_P1B,2018-03-20,S1,Climber,
UPMA_P2B,2018-03-20,S1,Climber,
UPMA_P2B,2018-03-20,S1,Zingiberaceae,
UPMA_P2B,2018-03-20,S1,Ferns,
UPMA_P2B,2018-03-20,S1,Ancistrocladus heyneanus,
UPMA_P3B,2018-03-20,S1,Caryota urens,
UPMA_P3B,2018-03-20,S1,Saprosma.sp,
UPMA_P3B,2018-03-20,S1,Ancistrocladus heyneanus,
UPMA_P4B,2018-03-20,S1,Caryota urens,
UPMA_P4B,2018-03-20,S1,Ancistrocladus heyneanus,
UPMA_P4B,2018-03-20,S1,Climber,
UPMA_P5B,2018-03-20,S1,Climber,
UPMA_P5B,2018-03-20,S1,Pepper,
IPDI_P1E,2018-03-21,S1,Mikania micrantha,Iyerpadi dispensary
IPDI_P1E,2018-03-21,S1,Bracken,Iyerpadi dispensary
IPDI_P1E,2018-03-21,S1,Chromolaena odorata,Iyerpadi dispensary
IPDI_P1E,2018-03-21,S1,Grass,Iyerpadi dispensary
IPEB_P2E,2018-03-21,S1,Grass,Iyerpadi Electricity board
IPEB_P2E,2018-03-21,S1,Solanum sp.,Iyerpadi Electricity board
IPEB_P2E,2018-03-21,S1,Chromolaena odorata,Iyerpadi Electricity board
OVTC_P3E,2018-03-21,S1,Climber,Old Valparai
OVTC_P3E,2018-03-21,S1,Chromolaena odorata,Old Valparai
OVTC_P3E,2018-03-21,S1,Mikania micrantha,Old Valparai
OVTC_P3E,2018-03-21,S1,Bracken,Old Valparai
OVTC_P3E,2018-03-21,S1,Solanum sp.,Old Valparai
VANU_P4E,2018-03-21,S1,Grass,Varattuparai nursery
VANU_P4E,2018-03-21,S1,Mikania micrantha,Varattuparai nursery
VANU_P4E,2018-03-21,S1,Chromolaena odorata,Varattuparai nursery
VANU_P4E,2018-03-21,S1,Polygonum sp.,Varattuparai nursery
VEOK_P5E,2018-03-21,S1,Chromolaena odorata,Vellonie otthakadai
VEOK_P5E,2018-03-21,S1,Bracken,Vellonie otthakadai
VEOK_P5E,2018-03-21,S1,Grass,Vellonie otthakadai
VEOK_P5E,2018-03-21,S1,Solanum sp.,Vellonie otthakadai
VETO_P6E,2018-03-21,S1,Chromolaena odorata,Vellonie top
VETO_P6E,2018-03-21,S1,Mikania micrantha,Vellonie top
VETO_P6E,2018-03-21,S1,Bracken,Vellonie top
UKCP_P7E,2018-03-21,S1,Chromolaena odorata,Urulikal checkpost
UKCP_P7E,2018-03-21,S1,Bracken,Urulikal checkpost
UKCP_P7E,2018-03-21,S1,Mikania micrantha,Urulikal checkpost
UKCP_P7E,2018-03-21,S1,Grass,Urulikal checkpost
UKCP_P7E,2018-03-21,S1,Zingiberaceae,Urulikal checkpost
UKCP_P7E,2018-03-21,S1,Climber,Urulikal checkpost
UKCP_P7E,2018-03-21,S1,Pepper,Urulikal checkpost
UKPN_P8E,2018-03-21,S1,Chromolaena odorata,"Urulikal, Periyar nagar"
UKPN_P8E,2018-03-21,S1,Mikania micrantha,"Urulikal, Periyar nagar"
UKPN_P8E,2018-03-21,S1,Grass,"Urulikal, Periyar nagar"
PANM_P3B,2020-04-27,S1,Climber,
PANM_P3B,2020-04-27,S1,Pepper,
PANM_P3B,2020-04-27,S1,Torenia sp.,
PANM_P3B,2020-04-27,S1,Thottea siliquosa,
PANM_P3B,2020-04-27,S1,Saprosma.sp,
PANM_P4B,2020-04-27,S1,Grass,
PANM_P4B,2020-04-27,S1,Chromolaena odorata,
OLCA_P3B,2020-04-28,S1,Climber,
OLCA_P3B,2020-04-28,S1,Pepper,
OLCA_P3B,2020-04-28,S1,Ancistrocladus heyneanus,
OLCA_P4B,2020-04-28,S1,Bracken,
OLCA_P4B,2020-04-28,S1,Climber,
OLCA_P5B,2020-04-28,S1,Ferns,
OLCA_P5B,2020-04-28,S1,Urena lobata,
OLCA_P5B,2020-04-28,S1,Pepper,
OLCA_P5B,2020-04-28,S1,Caryota urens,
OLCA_P5B,2020-04-28,S1,Grass,
OLCA_P5B,2020-04-28,S1,Climber,
OLCA_P5B,2020-04-28,S1,Mikania micrantha,
UPMA_P6B,2020-04-24,S1,Ferns,
UPMA_P6B,2020-04-24,S1,Climber,
UPMA_P6B,2020-04-24,S1,Pepper,
K15,2018-05-09,S1,Zingiberaceae,
K15,2018-05-09,S1,Grass,
K15,2018-05-09,S1,Polygonum sp.,
K15,2018-05-09,S1,Mikania micrantha,
K15,2018-05-09,S1,Pepper,
K15,2018-05-09,S1,Bracken,
L15,2018-05-09,S1,Grass,
L15,2018-05-09,S1,Pepper,
L15,2018-05-09,S1,Ferns,
L15,2018-05-09,S1,Chromolaena odorata,
M15,2018-05-09,S1,Grass,
M15,2018-05-09,S1,Climber,
M15,2018-05-09,S1,Chromolaena odorata,
N15,2018-05-10,S1,Grass,
N15,2018-05-10,S1,Bracken,
N15,2018-05-10,S1,Zingiberaceae,
N15,2018-05-10,S1,Caryota urens,
N15,2018-05-10,S1,Toddalia.sp,
N15,2018-05-10,S1,Ferns,
N15,2018-05-10,S1,Climber,
N16,2018-05-10,S1,NA,
K16,2018-05-10,S1,Grass,
K16,2018-05-10,S1,Climber,
K16,2018-05-10,S1,Caryota urens,
J16,2018-05-10,S1,Grass,
J16,2018-05-10,S1,Bracken,
J16,2018-05-10,S1,Chromolaena odorata,
J16,2018-05-10,S1,Climber,
L16,2018-05-10,S1,Grass,
L16,2018-05-10,S1,Climber,
L16,2018-05-10,S1,Pepper,
L16,2018-05-10,S1,Climber,
L16,2018-05-10,S1,Grass,
L16,2018-05-10,S1,Solanum sp.,
L16,2018-05-10,S1,Climber,
L16,2018-05-10,S1,Polygonum sp.,
L16,2018-05-10,S1,Ferns,
M16,2018-05-10,S1,Grass,
M16,2018-05-10,S1,Ferns,
M16,2018-05-10,S1,Climber,
M16,2018-05-10,S1,Bracken,
I17,2018-05-11,S1,Chromolaena odorata,
I17,2018-05-11,S1,Mikania micrantha,
I17,2018-05-11,S1,Solanum sp.,
I17,2018-05-11,S1,Grass,
I17,2018-05-11,S1,Climber,
J17,2018-05-11,S1,Grass,
J17,2018-05-11,S1,Mikania micrantha,
J17,2018-05-11,S1,Chromolaena odorata,
J17,2018-05-11,S1,Bracken,
J17,2018-05-11,S1,Zingiberaceae,
J17,2018-05-11,S1,Solanum sp.,
K17,2018-05-11,S1,Grass,
K17,2018-05-11,S1,Polygonum sp.,
K17,2018-05-11,S1,Climber,
M17,2018-05-11,S1,Chromolaena odorata,
M17,2018-05-11,S1,Mimosa pudica,
M17,2018-05-11,S1,Climber,
L17,2018-05-11,S1,Chromolaena odorata,
L17,2018-05-11,S1,Caryota urens,
L17,2018-05-11,S1,Grass,
L13,2018-09-12,S1,Wedelia,
L13,2018-09-12,S1,Hypoestes phyllostachya,
L13,2018-09-12,S1,Grass,
L13,2018-09-12,S1,Urena lobata,
K13,2018-09-12,S1,Colocasia,
K13,2018-09-12,S1,Chromolaena odorata,
K13,2018-09-12,S1,Bracken,
K13,2018-09-12,S1,Grass,
K13,2018-09-12,S1,Wedelia,
K13,2018-09-12,S1,Mimosa pudica,
M13,2018-09-12,S1,Zingiberaceae,
M13,2018-09-12,S1,Grass,
M13,2018-09-12,S1,Bracken,
M13,2018-09-12,S1,Climber,
N14,2018-09-12,S1,Caryota urens,
N14,2018-09-12,S1,Saprosma,
N14,2018-09-12,S1,Chromolaena odorata,
N14,2018-09-12,S1,Pepper,
N14,2018-09-12,S1,Climber,
N14,2018-09-12,S1,Ancistrocladus heyneanus,
N14,2018-09-12,S1,Bracken,
M14,2018-09-12,S1,Grass,
M14,2018-09-12,S1,Bracken,
M14,2018-09-12,S1,Climber,
L14,2018-09-12,S1,Grass,
L14,2018-09-12,S1,Bracken,
L14,2018-09-12,S1,Polygonum sp.,
L14,2018-09-12,S1,Climber,
L14,2018-09-12,S1,Mikania micrantha,
L14,2018-09-12,S1,Climber,
L14,2018-09-12,S1,Solanum sp.,
K14,2018-09-12,S1,Polygonum sp.,
K14,2018-09-12,S1,Bracken,
K14,2018-09-12,S1,Grass,
K14,2018-09-12,S1,Climber,
J12,2018-09-13,S1,Polygonum sp.,
J12,2018-09-13,S1,Grass,
J12,2018-09-13,S1,Climber,
J12,2018-09-13,S1,Mimosa pudica,
J12,2018-09-13,S1,Mikania micrantha,
N13,2018-09-13,S1,Climber,
N13,2018-09-13,S1,Grass,
N13,2018-09-13,S1,Bracken,
N12,2018-09-13,S1,Bracken,
N12,2018-09-13,S1,Caryota urens,
N12,2018-09-13,S1,Saprosma,
N12,2018-09-13,S1,Climber,
M12,2018-09-13,S1,Grass,
M12,2018-09-13,S1,Zingiberaceae,
M12,2018-09-13,S1,Pepper,
M12,2018-09-13,S1,Climber,
L12,2018-09-13,S1,Caryota urens,
L12,2018-09-13,S1,Grass,
L12,2018-09-13,S1,Bracken,
L12,2018-09-13,S1,Climber,
K12,2018-09-13,S1,Chromolaena odorata,
K12,2018-09-13,S1,Bracken,
K12,2018-09-13,S1,Grass,
L11,2018-09-14,S1,Bracken,
L11,2018-09-14,S1,Grass,
L11,2018-09-14,S1,Mikania micrantha,
N11,2018-09-14,S1,Bracken,
N11,2018-09-14,S1,Zingiberaceae,
N11,2018-09-14,S1,Urena lobata,
N11,2018-09-14,S1,Grass,
N11,2018-09-14,S1,Chromolaena odorata,
N11,2018-09-14,S1,Climber,
N11,2018-09-14,S1,Polygonum sp.,
N11,2018-09-14,S1,Toddalia.sp,
N11,2018-09-14,S1,Calamus sp.,
M11,2018-09-14,S1,Grass,
M11,2018-09-14,S1,Bracken,
M11,2018-09-14,S1,Caryota urens,
J11,2018-09-14,S1,Polygonum sp.,
J11,2018-09-14,S1,Wedelia,
J11,2018-09-14,S1,Bracken,
J11,2018-09-14,S1,Grass,
K11,2018-09-14,S1,Bracken,
K11,2018-09-14,S1,Grass,
K11,2018-09-14,S1,Climber,
A02,2018-10-15,S1,Polygonum sp.,
A02,2018-10-15,S1,Chromolaena odorata,
A02,2018-10-15,S1,Mikania micrantha,
A02,2018-10-15,S1,Bracken,
A02,2018-10-15,S1,Urena lobata,
A02,2018-10-15,S1,Grass,
B02,2018-10-15,S1,Polygonum sp.,
B02,2018-10-15,S1,Wedelia,
B02,2018-10-15,S1,Chromolaena odorata,
B02,2018-10-15,S1,Mikania micrantha,
B02,2018-10-15,S1,Colocasia,
B02,2018-10-15,S1,Mimosa pudica,
C02,2018-10-15,S1,Grass,
C02,2018-10-15,S1,Urena lobata,
C02,2018-10-15,S1,Polygonum sp.,
C02,2018-10-15,S1,Mikania micrantha,
C02,2018-10-15,S1,Climber,
C02,2018-10-15,S1,Zingiberaceae,
D02,2018-10-15,S1,Grass,
D02,2018-10-15,S1,Polygonum sp.,
E02,2018-10-15,S1,Urena lobata,
E02,2018-10-15,S1,Grass,
E02,2018-10-15,S1,Bracken,
E02,2018-10-15,S1,Climber,
E02,2018-10-15,S1,Hydrocotyle javanica,
E02,2018-10-15,S1,Pepper,
F02,2018-10-15,S1,Wedelia,
F02,2018-10-15,S1,Polygonum sp.,
F02,2018-10-15,S1,Urena lobata,
F02,2018-10-15,S1,Bracken,
C01,2018-10-15,S1,Mikania micrantha,
C01,2018-10-15,S1,Chromolaena odorata,
C01,2018-10-15,S1,Grass,
C01,2018-10-15,S1,Bracken,
C01,2018-10-15,S1,Urena lobata,
B01,2018-10-15,S1,Grass,
B01,2018-10-15,S1,Polygonum sp.,
B01,2018-10-15,S1,Bracken,
B01,2018-10-15,S1,Pepper,
A01,2018-10-15,S1,Polygonum sp.,
A01,2018-10-15,S1,Grass,
A01,2018-10-15,S1,Chromolaena odorata,
A01,2018-10-15,S1,Bracken,
H03,2018-10-13,S1,Urena lobata,
H03,2018-10-13,S1,Grass,
H03,2018-10-13,S1,Climber,
H03,2018-10-13,S1,Polygonum sp.,
G03,2018-10-13,S1,Wedelia,
G03,2018-10-13,S1,Climber,
G03,2018-10-13,S1,Grass,
G03,2018-10-13,S1,Polygonum sp.,
G03,2018-10-13,S1,Hydrocotyle javanica,
G03,2018-10-13,S1,Chromolaena odorata,
G03,2018-10-13,S1,Urena lobata,
F03,2018-10-13,S1,Bracken,
F03,2018-10-13,S1,Pepper,
F03,2018-10-13,S1,Grass,
E03,2018-10-13,S1,Bracken,
E03,2018-10-13,S1,Polygonum sp.,
E03,2018-10-13,S1,Grass,
E03,2018-10-13,S1,Pepper,
E03,2018-10-13,S1,Wedelia,
E03,2018-10-13,S1,Climber,
E03,2018-10-13,S1,Hydrocotyle javanica,
D03,2018-10-13,S1,Grass,
D03,2018-10-13,S1,Urena lobata,
D03,2018-10-13,S1,Solanum sp.,
D03,2018-10-13,S1,Mikania micrantha,
D03,2018-10-13,S1,Chromolaena odorata,
C03,2018-10-13,S1,Grass,
C03,2018-10-13,S1,Bracken,
C03,2018-10-13,S1,Mikania micrantha,
C03,2018-10-13,S1,Polygonum sp.,
I03,2018-10-13,S1,Grass,
I03,2018-10-13,S1,Bracken,
I03,2018-10-13,S1,Zingiberaceae,
I03,2018-10-13,S1,Climber,
H04,2018-10-13,S1,Bracken,
H04,2018-10-13,S1,Polygonum sp.,
H04,2018-10-13,S1,Grass,
H04,2018-10-13,S1,Zingiberaceae,
G05,2018-10-12,S1,Grass,
G05,2018-10-12,S1,Bracken,
G05,2018-10-12,S1,Polygonum sp.,
G05,2018-10-12,S1,Colocasia,
F04,2018-10-11,S1,Wedelia,
F04,2018-10-11,S1,Polygonum sp.,
F04,2018-10-11,S1,Grass,
F04,2018-10-11,S1,Mikania micrantha,
E04,2018-10-11,S1,Wedelia,
E04,2018-10-11,S1,Mikania micrantha,
E04,2018-10-11,S1,Bracken,
E04,2018-10-11,S1,Grass,
E04,2018-10-11,S1,Climber,
G06,2018-10-11,S1,Grass,
G06,2018-10-11,S1,Urena lobata,
G06,2018-10-11,S1,Bracken,
G06,2018-10-11,S1,Polygonum sp.,
G06,2018-10-11,S1,Mikania micrantha,
F05,2018-10-11,S1,Bracken,
F05,2018-10-11,S1,Grass,
F05,2018-10-11,S1,Mikania micrantha,
F05,2018-10-11,S1,Chromolaena odorata,
F05,2018-10-11,S1,Hydrocotyle javanica,
H06,2018-10-11,S1,Chromolaena odorata,
H06,2018-10-11,S1,Mikania micrantha,
H06,2018-10-11,S1,Polygonum sp.,
H06,2018-10-11,S1,Urena lobata,
H06,2018-10-11,S1,Climber,
I06,2018-10-11,S1,Bracken,
I06,2018-10-11,S1,Grass,
I06,2018-10-11,S1,Pepper,
I06,2018-10-11,S1,Polygonum sp.,
J06,2018-10-11,S2,Grass,
J06,2018-10-11,S2,Ferns,
J06,2018-10-11,S2,Polygonum sp.,
J06,2018-10-11,S2,Climber,
J10,2018-10-08,S1,Wedelia,
J10,2018-10-08,S1,Urena lobata,
J10,2018-10-08,S1,Mimosa pudica,
J10,2018-10-08,S1,Colocasia,
J10,2018-10-08,S1,Mikania micrantha,
N10,2018-10-08,S1,Bracken,
N10,2018-10-08,S1,Polygonum sp.,
N10,2018-10-08,S1,Climber,
N10,2018-10-08,S1,Urena lobata,
K06,2018-10-11,S1,Elatostema sp.,
K06,2018-10-11,S1,Grass,
K06,2018-10-11,S1,Bracken,
K06,2018-10-11,S1,Ferns,
K06,2018-10-11,S1,Colocasia,
K06,2018-10-11,S1,Polygonum sp.,
L06,2018-10-11,S1,Urena lobata,
L06,2018-10-11,S1,Polygonum sp.,
L06,2018-10-11,S1,Grass,
H07,2018-10-11,S1,Mikania micrantha,
H07,2018-10-11,S1,Wedelia,
H07,2018-10-11,S1,Urena lobata,
H07,2018-10-11,S1,Hydrocotyle javanica,
H07,2018-10-11,S1,Solanum sp.,
H07,2018-10-11,S1,Polygonum sp.,
H07,2018-10-11,S1,Grass,
H07,2018-10-11,S1,Bracken,
G07,2018-10-11,S1,Bracken,
G07,2018-10-11,S1,Ferns,
G07,2018-10-11,S1,Grass,
G07,2018-10-11,S1,Polygonum sp.,
G07,2018-10-11,S1,Hydrocotyle javanica,
L04,2018-10-12,S1,Hydrocotyle javanica,
L04,2018-10-12,S1,Polygonum sp.,
L04,2018-10-12,S1,Grass,
L04,2018-10-12,S1,Ferns,
L04,2018-10-12,S1,Bracken,
L04,2018-10-12,S1,Wedelia,
K05,2018-10-12,S1,Wedelia,
K05,2018-10-12,S1,Bracken,
K05,2018-10-12,S1,Hydrocotyle javanica,
K05,2018-10-12,S1,Grass,
K05,2018-10-12,S1,Climber,
J05,2018-10-12,S1,Bracken,
J05,2018-10-12,S1,Grass,
J05,2018-10-12,S1,Pepper,
J05,2018-10-12,S1,Polygonum sp.,
J05,2018-10-12,S1,Mikania micrantha,
K04,2018-10-12,S1,Pepper,
K04,2018-10-12,S1,Grass,
K04,2018-10-12,S1,Climber,
J04,2018-10-12,S1,Wedelia,
J04,2018-10-12,S1,Urena lobata,
J04,2018-10-12,S1,Grass,
J04,2018-10-12,S1,Climber,
J04,2018-10-12,S1,Hydrocotyle javanica,
J04,2018-10-12,S1,Polygonum sp.,
I05,2018-10-12,S1,Wedelia,
I05,2018-10-12,S1,Hydrocotyle javanica,
I05,2018-10-12,S1,Grass,
I05,2018-10-12,S1,Caryota urens,
G05,2018-10-12,S1,Bracken,
G05,2018-10-12,S1,Polygonum sp.,
G05,2018-10-12,S1,Colocasia,
G05,2018-10-12,S1,Grass,
H05,2018-10-12,S1,Grass,
H05,2018-10-12,S1,Climber,
L05,2018-10-12,S1,Grass,
L05,2018-10-12,S1,Pepper,
L05,2018-10-12,S1,Mikania micrantha,
I08,2018-10-10,S1,Urena lobata,
I08,2018-10-10,S1,Chromolaena odorata,
I08,2018-10-10,S1,Mikania micrantha,
I08,2018-10-10,S1,Polygonum sp.,
I08,2018-10-10,S1,Grass,
H08,2018-10-10,S1,Polygonum sp.,
H08,2018-10-10,S1,Grass,
H08,2018-10-10,S1,Bracken,
H08,2018-10-10,S1,Zingiberaceae,
J08,2018-10-10,S1,Polygonum sp.,
J08,2018-10-10,S1,Bracken,
J08,2018-10-10,S1,Urena lobata,
J08,2018-10-10,S1,Grass,
J08,2018-10-10,S1,Hydrocotyle javanica,
L08,2018-10-10,S1,Torenia.sp,
L08,2018-10-10,S1,Colocasia,
L08,2018-10-10,S1,Bracken,
L08,2018-10-10,S1,Grass,
M07,2018-10-10,S1,Grass,
M07,2018-10-10,S1,Polygonum sp.,
M07,2018-10-10,S1,Hydrocotyle javanica,
M07,2018-10-10,S1,Pepper,
M07,2018-10-10,S1,Toddalia.sp,
M07,2018-10-10,S1,Urena lobata,
K07,2018-10-10,S1,Bracken,
K07,2018-10-10,S1,Elatostema sp.,
K07,2018-10-10,S1,Ferns,
K07,2018-10-10,S1,Hydrocotyle javanica,
J07,2018-10-10,S1,Wedelia,
J07,2018-10-10,S1,Chromolaena odorata,
J07,2018-10-10,S1,Urena lobata,
J07,2018-10-10,S1,Mimosa pudica,
J07,2018-10-10,S1,Polygonum sp.,
I07,2018-10-10,S1,Urena lobata,
I07,2018-10-10,S1,Grass,
I07,2018-10-10,S1,Mikania micrantha,
I07,2018-10-10,S1,Mimosa pudica,
I07,2018-10-10,S1,Torenia.sp,
I07,2018-10-10,S1,Polygonum sp.,
I07,2018-10-10,S1,Chromolaena odorata,
L07,2018-10-10,S1,Polygonum sp.,
L07,2018-10-10,S1,Grass,
L07,2018-10-10,S1,Bracken,
K08,2018-10-10,S1,Polygonum sp.,
K08,2018-10-10,S1,Urena lobata,
K08,2018-10-10,S1,Grass,
K08,2018-10-10,S1,Bracken,
M08,2018-10-09,S1,Tithonia diversifolia,
M08,2018-10-09,S1,Urena lobata,
M08,2018-10-09,S1,Grass,
M08,2018-10-09,S1,Torenia.sp,
M08,2018-10-09,S1,Mimosa pudica,
M08,2018-10-09,S1,Polygonum sp.,
M08,2018-10-09,S1,Mikania micrantha,
N08,2018-10-09,S1,Bracken,
N08,2018-10-09,S1,Grass,
N08,2018-10-09,S1,Climber,
N08,2018-10-09,S1,Zingiberaceae,
N08,2018-10-09,S1,Hydrocotyle javanica,
O08,2018-10-09,S1,Grass,
O08,2018-10-09,S1,Polygonum sp.,
O08,2018-10-09,S1,Urena lobata,
O08,2018-10-09,S1,Chromolaena odorata,
O08,2018-10-09,S1,Mimosa pudica,
O08,2018-10-09,S1,Torenia.sp,
O08,2018-10-09,S1,Zingiberaceae,
N09,2018-10-09,S1,Grass,
N09,2018-10-09,S1,Zingiberaceae,
N09,2018-10-09,S1,Pepper,
M09,2018-10-09,S1,Urena lobata,
M09,2018-10-09,S1,Torenia.sp,
M09,2018-10-09,S1,Mikania micrantha,
M09,2018-10-09,S1,Mimosa pudica,
M09,2018-10-09,S1,Chromolaena odorata,
M09,2018-10-09,S1,Polygonum sp.,
K09,2018-10-09,S1,Wedelia,
K09,2018-10-09,S1,Polygonum sp.,
K09,2018-10-09,S1,Grass,
K09,2018-10-09,S1,Chromolaena odorata,
I09,2018-10-09,S1,Wedelia,
I09,2018-10-09,S1,Mikania micrantha,
I09,2018-10-09,S1,Colocasia,
I09,2018-10-09,S1,Solanum sp.,
I09,2018-10-09,S1,Polygonum sp.,
I09,2018-10-09,S1,Grass,
J09,2018-10-09,S1,Wedelia,
J09,2018-10-09,S1,Urena lobata,
J09,2018-10-09,S1,Mimosa pudica,
J09,2018-10-09,S1,Chromolaena odorata,
J09,2018-10-09,S1,Polygonum sp.,
J09,2018-10-09,S1,Mikania micrantha,
L09,2018-10-09,S1,Pepper,
L09,2018-10-09,S1,Bracken,
L09,2018-10-09,S1,Grass,
L09,2018-10-09,S1,Wedelia,
L09,2018-10-09,S1,Polygonum sp.,
M10,2018-10-08,S1,Grass,
M10,2018-10-08,S1,Hydrocotyle javanica,
M10,2018-10-08,S1,Bracken,
M10,2018-10-08,S1,Caryota urens,
M10,2018-10-08,S1,UNI,
L10,2018-10-08,S1,Hydrocotyle javanica,
L10,2018-10-08,S1,Bracken,
L10,2018-10-08,S1,UNI,
L10,2018-10-08,S1,Mikania micrantha,
K10,2018-10-08,S1,Wedelia,
K10,2018-10-08,S1,Polygonum sp.,
K10,2018-10-08,S1,Grass,
G04,2018-10-13,S1,Grass,
G04,2018-10-13,S1,Bracken,
G04,2018-10-13,S1,Polygonum sp.,
G04,2018-10-13,S1,Colocasia,
THEN-P9E,2019-02-11,S1,NA,
THEN-P10E,2019-02-11,S1,NA,
DS-P11E,2019-02-11,S1,Chromolaena odorata,
DS-P11E,2019-02-11,S1,Urena lobata,
DS-P11E,2019-02-11,S1,Mikania micrantha,
DS-P11E,2019-02-11,S1,Solanum sp.,
UCO-P12E,2019-02-11,S1,Chromolaena odorata,
UCO-P12E,2019-02-11,S1,Mikania micrantha,
UCO-P12E,2019-02-11,S1,Solanum sp.,
PKT-P13E,2019-02-12,S1,Chromolaena odorata,
PKT-P13E,2019-02-12,S1,Mikania micrantha,
PKT-P13E,2019-02-12,S1,Urena lobata,
PKT-P13E,2019-02-12,S1,Polygonum sp.,
PKT-P13E,2019-02-12,S1,Hypoestes phyllostachya,
PKT-P14E,2019-02-12,S1,Chromolaena odorata,
PKT-P14E,2019-02-12,S1,Mikania micrantha,
PKT-P14E,2019-02-12,S1,Urena lobata,
PKT-P14E,2019-02-12,S1,Hypoestes phyllostachya,
PTTM_P1D,2021-03-06,S1,Grass,
PTTM_P2D,2021-03-06,S1,Ferns,
PTTM_P2D,2021-03-06,S1,Grass,
PTTM_P2D,2021-03-06,S1,Climber,
SIRK_P1D,2021-03-06,S1,Grass,No weeds
SIRK_P2D,2021-03-06,S1,Zingiberaceae,
SIRK_P2D,2021-03-06,S1,Grass,
SIRK_P2D,2021-03-06,S1,Climber,
SIRK_P3D,2021-03-06,S1,Grass,
AGO_01R,2022-12-24,S1,Chromolaena odorata,
AGO_01R,2022-12-24,S1,Mimosa pudica,
AGO_01R,2022-12-24,S1,Ageratum sp.,
AGO_01R,2022-12-24,S1,Mikania micrantha,
AGO_02R,2022-12-24,S1,Chromolaena odorata,
AGO_02R,2022-12-24,S1,Solanum sp.,
AGO_02R,2022-12-24,S1,Ageratum sp.,
AGO_02R,2022-12-24,S1,Mikania micrantha,
AGO_02R,2022-12-24,S1,Mimosa pudica,
AGO_02R,2022-12-24,S1,Ferns,
AGO_02R,2022-12-24,S1,Verna sp.,
AGO_03R,2022-12-24,S1,Ageratum sp.,
AGO_03R,2022-12-24,S1,Chromolaena odorata,
AGO_03R,2022-12-24,S1,Mikania micrantha,
AGO_03R,2022-12-24,S1,Lantana camara,
AGO_03R,2022-12-24,S1,Solanum sp.,
AGO_03R,2022-12-24,S1,Mimosa pudica,
AGO_03R,2022-12-24,S1,Ferns,
OLCA_P1B,2022-12-23,S2,Croton zeylanicus,
OLCA_P1B,2022-12-23,S2,UNID herb,
OLCA_P1B,2022-12-23,S2,Ferns,
OLCA_P1B,2022-12-23,S2,Saprosma,
OLCA_P1B,2022-12-23,S2,Psychotria nigra,
OLCA_P1B,2022-12-23,S2,Elatostema sp.,
OLCA_P1B,2022-12-23,S2,Mezoneuron sp.,
OLCA_P1B,2022-12-23,S2,Lasianthus jakianus,
OLCA_P2B,2022-12-23,S2,Ferns,
OLCA_P2B,2022-12-23,S2,Climber,
OLCA_P2B,2022-12-23,S2,Zingiberaceae,
OLCA_P2B,2022-12-23,S2,Elatostema sp.,
OLCA_P3B,2022-12-23,S2,Croton zeylanicus,
OLCA_P3B,2022-12-23,S2,Piper,
OLCA_P3B,2022-12-23,S2,Ferns,
OLCA_P3B,2022-12-23,S2,Saprosma,
OLCA_P3B,2022-12-23,S2,Thottea siliquosa,
OLCA_P4B,2022-12-23,S2,Psychotria nigra,
OLCA_P4B,2022-12-23,S2,Ferns,3 types
OLCA_P4B,2022-12-23,S2,Calamus sp.,
OLCA_P4B,2022-12-23,S2,Pepper,climber
OLCA_P4B,2022-12-23,S2,Saprosma,
OLCA_P4B,2022-12-23,S2,Climber,
OLCA_P4B,2022-12-23,S2,Elatostema sp.,
OLCA_P4B,2022-12-23,S2,Piper,
OLCA_P4B,2022-12-23,S2,Sarcandra sp.,
OLCA_P4B,2022-12-23,S2,Erythropalum scandens,
OLCA_P4B,2022-12-23,S2,Poleonia sp.,
OLCA_P5B,2022-12-23,S2,Calamus sp.,
OLCA_P5B,2022-12-23,S2,Zingiberaceae,
OLCA_P5B,2022-12-23,S2,Chromolaena odorata,
OLCA_P5B,2022-12-23,S2,Climber,high densioty
OLCA_P5B,2022-12-23,S2,Thottea siliquosa,
OLCA_P5B,2022-12-23,S2,Umbelic,
HP36_P1B,2022-12-23,S2,Ardisia sp.,
HP36_P1B,2022-12-23,S2,Ferns,
HP36_P1B,2022-12-23,S2,Croton zeylanicus,
HP36_P1B,2022-12-23,S2,Climber,
HP36_P1B,2022-12-23,S2,Piper,
HP36_P1B,2022-12-23,S2,Salacia fruticosa,
HP36_P2B,2022-12-23,S2,Croton zeylanicus,
HP36_P2B,2022-12-23,S2,Piper,
HP36_P2B,2022-12-23,S2,Sarcandra sp.,
HP36_P2B,2022-12-23,S2,Salacia fruticosa,
HP36_P2B,2022-12-23,S2,Psychotria sp.,
HP36_P2B,2022-12-23,S2,Lepisanthes erecta,
HP36_P2B,2022-12-23,S2,Tabernaemontana sp.,
HP36_P3B,2022-12-23,S2,Climber,
HP36_P3B,2022-12-23,S2,Piper,
HP36_P3B,2022-12-23,S2,Ferns,
HP36_P3B,2022-12-23,S2,Elatostema sp.,
HP36_P4B,2022-12-23,S2,Ferns,
HP36_P4B,2022-12-23,S2,Climber,
HP36_P4B,2022-12-23,S2,Piper,
HP36_P4B,2022-12-23,S2,Strobilanthes sp.,
HP36_P4B,2022-12-23,S2,Elatostema sp.,
HP36_P4B,2022-12-23,S2,Salacia fruticosa,
HP36_P4B,2022-12-23,S2,Lasianthus sp.,
HP37_P1B,2022-12-22,S2,Elatostema sp.,
HP37_P1B,2022-12-22,S2,Climber,
HP37_P1B,2022-12-22,S2,Ardisia sp.,
HP37_P1B,2022-12-22,S2,Ferns,
HP37_P1B,2022-12-22,S2,Calamus sp.,
HP37_P1B,2022-12-22,S2,Sarcococca mercurialis,
HP37_P2B,2022-12-22,S2,Ferns,
HP37_P2B,2022-12-22,S2,Strobilanthes sp.,
HP37_P2B,2022-12-22,S2,Elatostema sp.,
HP37_P2B,2022-12-22,S2,Thottea siliquosa,
HP37_P2B,2022-12-22,S2,Piper,
HP37_P2B,2022-12-22,S2,Calamus sp.,
HP37_P2B,2022-12-22,S2,Pellionia,
HP37_P3B,2022-12-22,S2,Climber,
HP37_P3B,2022-12-22,S2,Balanophora sp.,
HP37_P3B,2022-12-22,S2,Ferns,
HP37_P3B,2022-12-22,S2,Elatostema sp.,
HP37_P3B,2022-12-22,S2,Ardisia sp.,
HP37_P3B,2022-12-22,S2,Sarcococca mercurialis,
HP37_P3B,2022-12-22,S2,Thottea siliquosa,
HP37_P3B,2022-12-22,S2,Psychotria nigra,
HP37_P4B,2022-12-22,S2,Sarcococca mercurialis,
HP37_P4B,2022-12-22,S2,Salacia fruticosa,
HP37_P4B,2022-12-22,S2,Grass,
HP37_P4B,2022-12-22,S2,Thottea siliquosa,
HP37_P4B,2022-12-22,S2,Ferns,
UPMA_P1B,2022-12-20,S2,Ferns,
UPMA_P1B,2022-12-20,S2,Pepper,
UPMA_P1B,2022-12-20,S2,Zingiberaceae,
UPMA_P1B,2022-12-20,S2,Kunstleria keralensis,
UPMA_P2B,2022-12-20,S2,Croton zeylanicus,
UPMA_P2B,2022-12-20,S2,Erythropalum scandens,
UPMA_P2B,2022-12-20,S2,Piper,
UPMA_P2B,2022-12-20,S2,Ferns,
UPMA_P2B,2022-12-20,S2,Climber,
UPMA_P2B,2022-12-20,S2,Pandarus,
UPMA_P3B,2022-12-20,S2,Croton zeylanicus,
UPMA_P3B,2022-12-20,S2,Pepper,
UPMA_P3B,2022-12-20,S2,Climber,
UPMA_P3B,2022-12-20,S2,Ferns,
UPMA_P3B,2022-12-20,S2,Ancistrocladus heyneanus,
UPMA_P4B,2022-12-20,S2,Climber,
UPMA_P4B,2022-12-20,S2,Croton zeylanicus,
UPMA_P4B,2022-12-20,S2,Zingiberaceae,
UPMA_P4B,2022-12-20,S2,Ancistrocladus heyneanus,
UPMA_P5B,2022-12-20,S2,Ferns,
UPMA_P5B,2022-12-20,S2,Elatostema sp.,
UPMA_P5B,2022-12-20,S2,Pellionia,
UPMA_P5B,2022-12-20,S2,Sarcococca coriacea,
UPMA_P5B,2022-12-20,S2,Psychotria nigra,
UPMA_P6B,2022-12-20,S2,Ferns,
UPMA_P6B,2022-12-20,S2,Croton zeylanicus,
UPMA_P6B,2022-12-20,S2,Tabernaemontana sp.,
UPMA_P6B,2022-12-20,S2,Zingiberaceae,
UPMA_P6B,2022-12-20,S2,Grass,
UPMA_P6B,2022-12-20,S2,Erythropalum scandens,
UPMA_P6B,2022-12-20,S2,Comellina,
PANM_P1B,2022-12-23,S2,Ferns,
PANM_P1B,2022-12-23,S2,Climber,
PANM_P1B,2022-12-23,S2,Pepper,
PANM_P1B,2022-12-23,S2,Pellionia,
PANM_P1B,2022-12-23,S2,Mikania micrantha,check
PANM_P2B,2022-12-23,S2,NA,
PANM_P3B,2022-12-23,S2,Solanum sp.,
PANM_P3B,2022-12-23,S2,Climber,
PANM_P3B,2022-12-23,S2,Sarcandra sp.,
PANM_P3B,2022-12-23,S2,Polygonum sp.,
PANM_P3B,2022-12-23,S2,Thottea siliquosa,
PANM_P3B,2022-12-23,S2,Elatostema sp.,
PANM_P3B,2022-12-23,S2,Ferns,
PANM_P3B,2022-12-23,S2,Strobilanthes sp.,
PANM_P3B,2022-12-23,S2,Mikania micrantha,check
PANM_P4B,2022-12-23,S2,Zingiberaceae,
PANM_P4B,2022-12-23,S2,Thottea siliquosa,
PANM_P4B,2022-12-23,S2,Climber,
PANM_P4B,2022-12-23,S2,Coffee sp.,
PANM_P4B,2022-12-23,S2,Sarcandra sp.,
PANM_P4B,2022-12-23,S2,Elatostema sp.,
PANM_P4B,2022-12-23,S2,Ferns,
PANM_P4B,2022-12-23,S2,Lepisanthes erecta,
INME_03R,2022-12-23,S2,Zingiberaceae,
INME_03R,2022-12-23,S2,Elaeagnus.sp,
INME_03R,2022-12-23,S2,Chromolaena odorata,
INME_03R,2022-12-23,S2,Climber,
INME_03R,2022-12-23,S2,Urena lobata,
INME_03R,2022-12-23,S2,Piper,
INME_03U,2022-12-23,S2,Salacia fruticosa,
INME_03U,2022-12-23,S2,Zingiberaceae,
INME_03U,2022-12-23,S2,Ferns,
INME_03U,2022-12-23,S2,Mezoneuron cucullatum,
INME_03U,2022-12-23,S2,Mikania micrantha,
INDS_03R,2022-12-23,S2,Grass,
INDS_03R,2022-12-23,S2,Ferns,
INDS_03R,2022-12-23,S2,Climber,
INDS_03R,2022-12-23,S2,Zingiberaceae,
INDS_03R,2022-12-23,S2,Coffee sp.,lots of coffee
INDS_03R,2022-12-23,S2,Hydrocotyle javanica,check
INDS_03R,2022-12-23,S2,Elaeagnus.sp,
INDS_03U,2022-12-23,S2,Zingiberaceae,
INDS_03U,2022-12-23,S2,Coffee sp.,
INDS_03U,2022-12-23,S2,Ferns,
INDS_03U,2022-12-23,S2,Climber,
INDS_03U,2022-12-23,S2,Hypoestes phyllostachya,
INDS_03U,2022-12-23,S2,Pandarus,
INBS_04R,2022-12-23,S2,Grass,
INBS_04R,2022-12-23,S2,Zingiberaceae,
INBS_04R,2022-12-23,S2,Urena lobata,
INBS_04R,2022-12-23,S2,Croton,
INBS_04R,2022-12-23,S2,Salacia fruticosa,
INBS_04R,2022-12-23,S2,Rubus sp.,
INBS_04U,2022-12-23,S2,Grass,
INBS_04U,2022-12-23,S2,Rubus sp.,
INBS_04U,2022-12-23,S2,Mikania micrantha,
INBS_04U,2022-12-23,S2,Climber,
INBS_04U,2022-12-23,S2,Urena lobata,
INBS_04U,2022-12-23,S2,Ferns,
INBS_04U,2022-12-23,S2,Mimosa pudica,
INBS_04U,2022-12-23,S2,Clerodendrum infortunatum,
INOA_03R,2022-12-23,S2,Hydrocotyle javanica,
INOA_03R,2022-12-23,S2,Piper,
INOA_03R,2022-12-23,S2,Ferns,
INOA_03R,2022-12-23,S2,Solanum sp.,
INOA_03R,2022-12-23,S2,Coffee sp.,
INOA_03R,2022-12-23,S2,Zingiberaceae,
INOA_03U,2022-12-23,S2,Chromolaena odorata,
INOA_03U,2022-12-23,S2,Urena lobata,
INOA_03U,2022-12-23,S2,Lantana camara,
INOA_03U,2022-12-23,S2,Mimosa pudica,
STM1_02R,2022-12-23,S2,Ferns,
STM1_02R,2022-12-23,S2,Hypoestes phyllostachya,
STM1_02R,2022-12-23,S2,Climber,
STM1_02R,2022-12-23,S2,Chromolaena odorata,
STM1_02R,2022-12-23,S2,Croton,
STM1_02R,2022-12-23,S2,Duranta sp.,
STM1_02U,2022-12-23,S2,Ageratum sp.,
STM1_02U,2022-12-23,S2,Ferns,
STM1_02U,2022-12-23,S2,Chromolaena odorata,
STM1_02U,2022-12-23,S2,Hypoestes phyllostachya,
STM1_02U,2022-12-23,S2,Mimosa pudica,
STM1_02U,2022-12-23,S2,Urena lobata,
STM2_04R,2022-12-23,S2,Hypoestes phyllostachya,
STM2_04R,2022-12-23,S2,Ferns,
STM2_04R,2022-12-23,S2,Piper,
STM2_04R,2022-12-23,S2,Comellina,
STM2_04R,2022-12-23,S2,Hydrocotyle javanica,
STM2_04R,2022-12-23,S2,Solanum pseudocapsicum,
STM2_04U,2022-12-23,S2,Hydrocotyle javanica,
STM2_04U,2022-12-23,S2,Hypoestes phyllostachya,
STM2_04U,2022-12-23,S2,Urena lobata,
STM2_04U,2022-12-23,S2,Ferns,
STM2_04U,2022-12-23,S2,Polygonum sp.,
STM2_04U,2022-12-23,S2,Solanum sp.,
STM2_04U,2022-12-23,S2,Solanum pseudocapsicum,
STM2_04U,2022-12-23,S2,Piper,
STM2_04U,2022-12-23,S2,Comellina,
STM2_04U,2022-12-23,S2,Chromolaena odorata,
STM2_04U,2022-12-23,S2,Ageratum sp.,
STIN_02R,2022-12-23,S2,Ferns,
STIN_02R,2022-12-23,S2,Hypoestes phyllostachya,
STIN_02R,2022-12-23,S2,Solanum sp.,
STIN_02R,2022-12-23,S2,Piper,
STIN_02R,2022-12-23,S2,Zingiberaceae,
STIN_02R,2022-12-23,S2,Solanum pseudocapsicum,
STIN_02R,2022-12-23,S2,Clover,check
STIN_02R,2022-12-23,S2,Elaeagnus.sp,
STIN_02U,2022-12-23,S2,Solanum sp.,
STIN_02U,2022-12-23,S2,Hypoestes phyllostachya,
STIN_02U,2022-12-23,S2,Piper,
STIN_02U,2022-12-23,S2,Ferns,
STIN_02U,2022-12-23,S2,Urena lobata,
STIN_02U,2022-12-23,S2,Mikania micrantha,
STIN_02U,2022-12-23,S2,Sarcandra sp.,
STIN_02U,2022-12-23,S2,Solanum pseudocapsicum,
SIRK_P1D,2022-12-24,S2,Grass,
SIRK_P1D,2022-12-24,S2,Climber,
SIRK_P1D,2022-12-24,S2,Chromolaena odorata,
SIRK_P1D,2022-12-24,S2,Solanum pseudocapsicum,
SIRK_P1D,2022-12-24,S2,Lantana camara,
SIRK_P2D,2022-12-24,S2,Urena lobata,
SIRK_P2D,2022-12-24,S2,Lantana camara,
SIRK_P2D,2022-12-24,S2,Zingiberaceae,
SIRK_P2D,2022-12-24,S2,Calamus sp.,
SIRK_P2D,2022-12-24,S2,Ferns,
SIRK_P3D,2022-12-24,S2,Grass,
SIRK_P3D,2022-12-24,S2,Lantana camara,
SIRK_P3D,2022-12-24,S2,Mikania micrantha,
SIRK_P3D,2022-12-24,S2,Chromolaena odorata,
PTTM_P1D,2022-12-22,S2,Coffee sp.,"Cofee arabica, Coffee robusta, Coffee canophera"
PTTM_P1D,2022-12-22,S2,Piper,
PTTM_P1D,2022-12-22,S2,Solanum sp.,
PTTM_P1D,2022-12-22,S2,Datura sp.,
PTTM_P2D,2022-12-22,S2,Lepisanthes erecta,
PTTM_P2D,2022-12-22,S2,Ferns,
PTTM_P2D,2022-12-22,S2,Strobilanthes sp.,
IPCO_07R,2022-12-22,S2,Solanum pseudocapsicum,
IPCO_07R,2022-12-22,S2,Mikania micrantha,
IPCO_07R,2022-12-22,S2,Polygonum sp.,
IPCO_07R,2022-12-22,S2,Calamus sp.,
IPCO_07U,2022-12-22,S2,Lantana camara,
IPCO_07U,2022-12-22,S2,Rubus sp.,
IPCO_07U,2022-12-22,S2,Solanum pseudocapsicum,
IPCO_07U,2022-12-22,S2,Calamus sp.,
IPCO_07U,2022-12-22,S2,Ferns,
IPCO_07U,2022-12-22,S2,Climber,
IPCO_07U,2022-12-22,S2,Chromolaena odorata,
IPCO_07U,2022-12-22,S2,Mikania micrantha,
IPCO_07U,2022-12-22,S2,Jasminum sp.,
IPCO_08R,2022-12-22,S2,Salacia fruticosa,
IPCO_08R,2022-12-22,S2,Solanum pseudocapsicum,
IPCO_08R,2022-12-22,S2,Sarcococca coriacea,
IPCO_08R,2022-12-22,S2,Croton zeylanicus,
IPCO_08R,2022-12-22,S2,Ferns,
IPCO_08R,2022-12-22,S2,Piper,
IPCO_08R,2022-12-22,S2,Calamus sp.,
IPCO_08R,2022-12-22,S2,Pandarus,
IPCO_08U,2022-12-22,S2,Rubus sp.,
IPCO_08U,2022-12-22,S2,Croton zeylanicus,
IPCO_08U,2022-12-22,S2,Mikania micrantha,
IPCO_08U,2022-12-22,S2,Ferns,
IPCO_08U,2022-12-22,S2,Grass,
IPCO_08U,2022-12-22,S2,Climber,
IPCO_08U,2022-12-22,S2,Piper,
IPCO_08U,2022-12-22,S2,Lasianthus jakianus,
HP40_05R,2022-12-21,S2,Colebrookea oppositifolia,
HP40_05R,2022-12-21,S2,Zingiberaceae,
HP40_05R,2022-12-21,S2,Ferns,
HP40_05R,2022-12-21,S2,Lepisanthes erecta,
HP40_05R,2022-12-21,S2,Piper,
HP40_05U,2022-12-21,S2,Lantana camara,
HP40_05U,2022-12-21,S2,Clausena sp.,
HP40_05U,2022-12-21,S2,Ageratum sp.,
HP40_05U,2022-12-21,S2,Solanum pseudocapsicum,
HP40_05U,2022-12-21,S2,Ferns,
HP40_05U,2022-12-21,S2,Bracken,
HP40_05U,2022-12-21,S2,Zingiberaceae,
HP40_05U,2022-12-21,S2,Jodalia sp.,
HP40_08R,2022-12-21,S2,Lantana camara,
HP40_08R,2022-12-21,S2,Mezoneuron cucullatum,
HP40_08R,2022-12-21,S2,Colebrookea oppositifolia,
HP40_08R,2022-12-21,S2,Calamus sp.,
HP40_08R,2022-12-21,S2,Ferns,
HP40_08R,2022-12-21,S2,Montanoa hibiscifolia,
HP40_08R,2022-12-21,S2,Pogostemon benghalensis,
HP40_08U,2022-12-21,S2,Thottea siliquosa,
HP40_08U,2022-12-21,S2,Climber,
HP40_08U,2022-12-21,S2,Lasianthus jakianus,
HP40_08U,2022-12-21,S2,Urena lobata,
HP40_08U,2022-12-21,S2,Strobilanthes sp.,
HP40_08U,2022-12-21,S2,Ferns,
HP40_08U,2022-12-21,S2,Ardisia sp.,
HP40_08U,2022-12-21,S2,Ageratum sp.,
HP40_08U,2022-12-21,S2,Rubus sp.,
HP40_08U,2022-12-21,S2,Solanum pseudocapsicum,
HP40_08U,2022-12-21,S2,Lepisanthes erecta,
HP40_08U,2022-12-21,S2,Salacia fruticosa,
HP40_08U,2022-12-21,S2,Mikania micrantha,
HP40_08U,2022-12-21,S2,Hypoestes phyllostachya,
HP40_08U,2022-12-21,S2,Breynia vitis-idaea,
IPTO_04R,2022-12-21,S2,Grass,
IPTO_04R,2022-12-21,S2,Bracken,
IPTO_04R,2022-12-21,S2,Calamus sp.,
IPTO_04R,2022-12-21,S2,Sarcococca coriacea,
IPTO_04R,2022-12-21,S2,Ardisia sp.,
IPTO_04R,2022-12-21,S2,Lantana camara,Lantana rub check
IPTO_04R,2022-12-21,S2,Salacia fruticosa,
IPTO_04R,2022-12-21,S2,Lasianthus jakianus,
IPTO_04U,2022-12-21,S2,Sarcococca coriacea,
IPTO_04U,2022-12-21,S2,Climber,
IPTO_04U,2022-12-21,S2,Zingiberaceae,
IPTO_04U,2022-12-21,S2,Ferns,
IPTO_04U,2022-12-21,S2,Salacia fruticosa,
IPTO_05R,2022-12-21,S2,Salacia fruticosa,
IPTO_05R,2022-12-21,S2,Lasianthus jakianus,
IPTO_05R,2022-12-21,S2,Grass,
IPTO_05R,2022-12-21,S2,Ardisia sp.,
IPTO_05R,2022-12-21,S2,Climber,
IPTO_05U,2022-12-21,S2,Salacia fruticosa,
IPTO_05U,2022-12-21,S2,Ageratum sp.,
IPTO_05U,2022-12-21,S2,Zingiberaceae,
IPTO_05U,2022-12-21,S2,Grass,
IPTO_05U,2022-12-21,S2,Calamus sp.,
IPTO_06R,2022-12-21,S2,Sarcococca coriacea,
IPTO_06R,2022-12-21,S2,Chromolaena odorata,
IPTO_06R,2022-12-21,S2,Grass,4 types
IPTO_06R,2022-12-21,S2,Ferns,
IPTO_06R,2022-12-21,S2,Rubus sp.,
IPTO_06U,2022-12-21,S2,Salacia fruticosa,
IPTO_06U,2022-12-21,S2,Sarcococca coriacea,
IPTO_06U,2022-12-21,S2,Grass,
IPTO_06U,2022-12-21,S2,Zingiberaceae,
IPTO_06U,2022-12-21,S2,Ageratum sp.,
IPTO_06U,2022-12-21,S2,Eupatorium sp.,
IPTO_07R,2022-12-21,S2,Grass,
IPTO_07R,2022-12-21,S2,Ferns,
IPTO_07R,2022-12-21,S2,Zingiberaceae,
IPTO_07R,2022-12-21,S2,Calamus sp.,
IPTO_07R,2022-12-21,S2,Ardisia sp.,
IPTO_07U,2022-12-21,S2,Ageratum conyzoides,
IPTO_07U,2022-12-21,S2,Mikania micrantha,
IPTO_07U,2022-12-21,S2,Grass,
IPTO_07U,2022-12-21,S2,Urena lobata,
IPTO_07U,2022-12-21,S2,Ochlandra sp.,
SEL1_07R,2022-12-22,S2,Grass,
SEL1_07R,2022-12-22,S2,Ferns,
SEL1_07R,2022-12-22,S2,Climber,
SEL1_07R,2022-12-22,S2,Piper,
SEL1_07R,2022-12-22,S2,Zingiberaceae,
SEL1_07R,2022-12-22,S2,Urena lobata,
SEL1_07U,2022-12-22,S2,Climber,
SEL1_07U,2022-12-22,S2,Mikania micrantha,
SEL1_07U,2022-12-22,S2,Grass,
SEL1_07U,2022-12-22,S2,Herbs,
SEL1_07U,2022-12-22,S2,Eupatorium sp.,
SEL1_07U,2022-12-22,S2,Rauvolfia sp.,
SEL2_07R,2022-12-22,S2,Grass,
SEL2_07R,2022-12-22,S2,Piper,
SEL2_07R,2022-12-22,S2,Mikania micrantha,
SEL2_07R,2022-12-22,S2,Climber,
SEL2_07U,2022-12-22,S2,Mikania micrantha,
SEL2_07U,2022-12-22,S2,Eupatorium sp.,
SEL2_07U,2022-12-22,S2,Mimosa pudica,
SEL2_07U,2022-12-22,S2,Grass,
THEN_10R,2022-12-22,S2,Grass,
THEN_10R,2022-12-22,S2,Climber,
THEN_10R,2022-12-22,S2,Piper,
THEN_10R,2022-12-22,S2,Ferns,
THEN_10R,2022-12-22,S2,Memecylon sp.,
THEN_10U,2022-12-22,S2,Zingiberaceae,
THEN_10U,2022-12-22,S2,Ageratum conyzoides,
THEN_10U,2022-12-22,S2,Herbs,
THEN_10U,2022-12-22,S2,Solanum sp.,
THEN_10U,2022-12-22,S2,Chromolaena odorata,
VAR2_10R,2022-12-22,S2,Thottea siliquosa,
VAR2_10R,2022-12-22,S2,Ferns,
VAR2_10R,2022-12-22,S2,Piper,
VAR2_10R,2022-12-22,S2,Grass,
VAR2_10R,2022-12-22,S2,Erythropalum scandens,
VAR2_10U,2022-12-22,S2,Ageratum conyzoides,
VAR2_10U,2022-12-22,S2,Grass,
VAR2_10U,2022-12-22,S2,Eupatorium sp.,
VAR2_10U,2022-12-22,S2,Mimosa pudica,
VAR2_10U,2022-12-22,S2,Montanoa hibiscifolia,
VAR2_10U,2022-12-22,S2,Senna tora,
VAR2_10U,2022-12-22,S2,Sida,
VAR3_10R,2022-12-22,S2,Croton zeylanicus,
VAR3_10R,2022-12-22,S2,Climber,
VAR3_10R,2022-12-22,S2,Piper,
VAR3_10R,2022-12-22,S2,Calamus sp.,
VAR3_10U,2022-12-22,S2,Sarcandra sp.,
VAR3_10U,2022-12-22,S2,Elaeagnus.sp,climber
VAR3_10U,2022-12-22,S2,Montanoa hibiscifolia,
VAR3_10U,2022-12-22,S2,Grass,
VAR3_10U,2022-12-22,S2,Mimosa pudica,
VAR3_10U,2022-12-22,S2,Justicia sp.,
VAR4_10R,2022-12-22,S2,Grass,
VAR4_10R,2022-12-22,S2,Ancistrocladus heyneanus,
VAR4_10R,2022-12-22,S2,Solanum sp.,
VAR4_10R,2022-12-22,S2,Urena lobata,
VAR4_10R,2022-12-22,S2,Achyranthes sp.,
VAR4_10U,2022-12-22,S2,Ancistrocladus heyneanus,
VAR4_10U,2022-12-22,S2,Climber,
OLV1_10R,2022-12-22,S2,Climber,
OLV1_10R,2022-12-22,S2,Grass,
OLV1_10R,2022-12-22,S2,Zingiberaceae,
OLV1_10R,2022-12-22,S2,Herbs,
OLV1_10U,2022-12-22,S2,Montonoa s,
OLV1_10U,2022-12-22,S2,Chromolaena odorata,
OLV1_10U,2022-12-22,S2,Grass,
OLV1_10U,2022-12-22,S2,Lantana camara,
OLV1_10U,2022-12-22,S2,Ferns,
OLV1_10U,2022-12-22,S2,Zingiberaceae,
OLV1_10U,2022-12-22,S2,Pogostemon sp.,
OLV2_08R,2022-12-22,S2,Ferns,
OLV2_08R,2022-12-22,S2,Solanum sp.,
OLV2_08R,2022-12-22,S2,Grass,
OLV2_08R,2022-12-22,S2,Rauvolfia sp.,
OLV2_08R,2022-12-22,S2,Ardisia sp.,
OLV2_08U,2022-12-22,S2,Piper,
OLV2_08U,2022-12-22,S2,Strobilanthes sp.,
OLV2_08U,2022-12-22,S2,Ferns,
OLV2_08U,2022-12-22,S2,Zingiberaceae,
H05,2022-12-19,S2,Wedelia,
H05,2022-12-19,S2,Climber,
H05,2022-12-19,S2,Chromolaena odorata,
H05,2022-12-19,S2,Solanum sp.,
H05,2022-12-19,S2,Ferns,
H05,2022-12-19,S2,Polygonum sp.,
H05,2022-12-19,S2,Pepper,
J06,2022-12-19,S3,Chromolaena odorata,
J06,2022-12-19,S3,Grass,
J06,2022-12-19,S3,Ferns,
J06,2022-12-19,S3,Lantana camara,
H06,2022-12-19,S2,Chromolaena odorata,
H06,2022-12-19,S2,Polygonum sp.,
H06,2022-12-19,S2,Ferns,
H06,2022-12-19,S2,Urena lobata,
K06,2022-12-19,S2,Ferns,
K06,2022-12-19,S2,Urena lobata,
K06,2022-12-19,S2,Polygonum sp.,
K06,2022-12-19,S2,Grass,
K06,2022-12-19,S2,Lantana camara,
K06,2022-12-19,S2,Pepper,
K06,2022-12-19,S2,Hydrocotyle javanica,
Anali_01R,2023-04-20,S1,Ferns,
Anali_01R,2023-04-20,S1,Erythropalum scandens,
Anali_01R,2023-04-20,S1,Pepper,
Anali_02R,2023-04-20,S1,Ferns,
Anali_02R,2023-04-20,S1,Memecylon sp.,
Anali_02R,2023-04-20,S1,Pepper,
Anali_02R,2023-04-20,S1,toddalia,
Anali_02R,2023-04-20,S1,Caryota urens,
Anali_03R,2023-04-20,S1,Pepper,
Anali_03R,2023-04-20,S1,Climber,
Anali_03R,2023-04-20,S1,Erythropalum scandens,
VAR1_01R,2023-04-20,S1,Ardisia sp.,ARD SON
VAR1_01R,2023-04-20,S1,Climber,
AGO_01U,2023-04-21,S1,Chromolaena odorata,
AGO_01U,2023-04-21,S1,Mikania micrantha,
AGO_01U,2023-04-21,S1,Zingiberaceae,
AGO_01U,2023-04-21,S1,Solanum,
AGO_02U,2023-04-21,S1,Bracken,
AGO_02U,2023-04-21,S1,Chromolaena odorata,
AGO_02U,2023-04-21,S1,Mikania micrantha,
AGO_02U,2023-04-21,S1,Mimosa pudica,
AGO_03U,2023-04-21,S1,Chromolaena odorata,
AGO_03U,2023-04-21,S1,Mikania micrantha,
AGO_03U,2023-04-21,S1,Bracken,
TANTEA_CIN_01R,2023-07-21,S1,Ageratum sp.,
TANTEA_CIN_01R,2023-07-21,S1,Montanoa hibiscifolia,
TANTEA_CIN_01R,2023-07-21,S1,Urena lobata,
TANTEA_CIN_01R,2023-07-21,S1,Sida,
TANTEA_CIN_01R,2023-07-21,S1,Mikania micrantha,
TANTEA_CIN_01R,2023-07-21,S1,Polygonum sp.,
TANTEA_CIN_01R,2023-07-21,S1,Solanum,
TANTEA_CIN_01R,2023-07-21,S1,Urena lobata,
TANTEA_CIN_02R,2023-07-21,S1,fern,
TANTEA_CIN_02R,2023-07-21,S1,Ageratum sp.,
TANTEA_CIN_02R,2023-07-21,S1,Solanum,
TANTEA_CIN_02R,2023-07-21,S1,Lantana camara,
TANTEA_CIN_02R,2023-07-21,S1,Chromolaena odorata,
TANTEA_CIN_02R,2023-07-21,S1,Mikania micrantha,
TANTEA_CIN_02R,2023-07-21,S1,Montonoa sp.,
A01,2023-04-29,S2,Solanum pseudocapsicum,
A01,2023-04-29,S2,Bracken,
A01,2023-04-29,S2,Climber,
A01,2023-04-29,S2,Pepper,
A02,2023-04-27,S2,Chromolaena odorata,
A02,2023-04-27,S2,Mikania micrantha,
A02,2023-04-27,S2,Polygonum sp.,
A02,2023-04-27,S2,Climber,
A02,2023-04-27,S2,Urena lobata,
A02,2023-04-27,S2,Bracken,
B01,2023-04-29,S2,Zingiberaceae,
B01,2023-04-29,S2,Colocasia,0.8
B01,2023-04-29,S2,Ferns,
B02,2023-04-27,S2,Chromolaena odorata,
B02,2023-04-27,S2,Mikania micrantha,
B02,2023-04-27,S2,Polygonum sp.,
B02,2023-04-27,S2,Pepper,
B02,2023-04-27,S2,Climber,
B02,2023-04-27,S2,Lantana camara,
B02,2023-04-27,S2,Hydrocotyle javanica,
B02,2023-04-27,S2,Grass,
B02,2023-04-27,S2,Urena lobata,
C01,2023-04-29,S2,Grass,
C01,2023-04-29,S2,Pepper,
C02,2023-04-27,S2,Polygonum sp.,
C02,2023-04-27,S2,Ferns,
C02,2023-04-27,S2,Bracken,
C02,2023-04-27,S2,Climber,
C02,2023-04-27,S2,Pepper,
C02,2023-04-27,S2,Hydrocotyle javanica,
C02,2023-04-27,S2,Urena lobata,
C03,2023-04-27,S2,Grass,
C03,2023-04-27,S2,Chromolaena odorata,
C03,2023-04-27,S2,Lantana camara,
C03,2023-04-27,S2,Mikania micrantha,
C03,2023-04-27,S2,Polygonum sp.,
C03,2023-04-27,S2,Bracken,
C03,2023-04-27,S2,Ferns,
D02,2023-04-29,S2,Breynia vitis-idaea,
D02,2023-04-29,S2,Eupatorium sp.,
D02,2023-04-29,S2,Triphala sp.,Triumphela sp.
D03,2023-04-27,S2,pily,
D03,2023-04-27,S2,Climber,
D03,2023-04-27,S2,Ferns,
D03,2023-04-27,S2,Chromolaena odorata,
D03,2023-04-27,S2,Pepper,
D03,2023-04-27,S2,Urena lobata,
D03,2023-04-27,S2,Mikania micrantha,
D03,2023-04-27,S2,Pseudocapsicum,
E02,2023-04-29,S2,Jasminum sp.,
E02,2023-04-29,S2,Memecylon umbellatum,
E03,2023-04-30,S2,Zingiberaceae,
E03,2023-04-30,S2,ferngra,
E03,2023-04-30,S2,Urena lobata,
E03,2023-04-30,S2,Solanum torvum,
E04,2023-04-30,S2,fern,
E04,2023-04-30,S2,Grass,
E04,2023-04-30,S2,Sida,
F02,2023-04-29,S2,toddalia,
F02,2023-04-29,S2,Climber,
F03,2023-04-29,S2,Pepper,
F03,2023-04-29,S2,Zingiberaceae,
F04,2023-04-30,S2,NA,
F05,2023-04-30,S2,Pepper shrub,
F05,2023-04-30,S2,fern,
F05,2023-04-30,S2,Grass,
F05,2023-04-30,S2,Pepper climber,
G03,2023-04-30,S2,Sida,
G03,2023-04-30,S2,Grass,
G03,2023-04-30,S2,Herbs,
G03,2023-04-30,S2,fern,
G03,2023-04-30,S2,Urena lobata,
G03,2023-04-30,S2,Pepper shrub,
G04,2023-04-30,S2,Colocasia,
G04,2023-04-30,S2,fern,
G04,2023-04-30,S2,Grass,
G05,2023-04-30,S2,fern,
G05,2023-04-30,S2,Grass,
G05,2023-04-30,S2,Comellina,
G05,2023-04-30,S2,Lepisanthes erecta,
G06,2023-05-08,S2,Psychotria anamalayana,
G06,2023-05-08,S2,fern,
G06,2023-05-08,S2,Grass,
G06,2023-05-08,S2,Jasminum climber,
G07,2023-09-19,S2,Pepper,
G07,2023-09-19,S2,Grass,
G07,2023-09-19,S2,fern,
G07,2023-09-19,S2,Eupatorium sp.,
G08,2023-08-18,S1,fern,
G08,2023-08-18,S1,Grass,
G08,2023-08-18,S1,Herbs,
G08,2023-08-18,S1,piper,
H03,2023-04-30,S2,toddalia,
H03,2023-04-30,S2,Pepper climber,
H03,2023-04-30,S2,Jasminum,
H03,2023-04-30,S2,Memecylon,
H03,2023-04-30,S2,Urena lobata,
H04,2023-04-30,S2,Jasminum,
H04,2023-04-30,S2,Herbs,
H04,2023-04-30,S2,Memecylon,
H04,2023-04-30,S2,Pepper,
H04,2023-04-30,S2,Grass,
H07,2023-08-18,S2,fern,
H07,2023-08-18,S2,Polygonum sp.,
H07,2023-08-18,S2,Piper,
H07,2023-08-18,S2,Solanum,
H08,2023-08-18,S2,Polygonum sp.,
H08,2023-08-18,S2,Piper,
H08,2023-08-18,S2,Grass,
H08,2023-08-18,S2,fern,
I03,2023-04-30,S2,Grass,
I03,2023-04-30,S2,Comellina,
I03,2023-04-30,S2,Pepper,
I05,2023-05-08,S2,Grass,
I05,2023-05-08,S2,Herbs,
I05,2023-05-08,S2,Wedelia,
I05,2023-05-08,S2,Jasminum,
I05,2023-05-08,S2,Climber,
I06,2023-05-09,S2,Eupatorium odoratum,
I06,2023-05-09,S2,Urena lobata,
I06,2023-05-09,S2,fern,
I07,2023-05-09,S2,Eupatorium odoratum,
I07,2023-05-09,S2,fern,
I07,2023-05-09,S2,Grass,
I07,2023-05-09,S2,Ageratina sp,
I08,2023-05-09,S2,Wedelia,
I09,2023-05-09,S2,Grass,
I09,2023-05-09,S2,Urena lobata,
I09,2023-05-09,S2,Pepper,
I09,2023-05-09,S2,Ipomea climber,
I13,2023-07-06,S1,Piper,
I13,2023-07-06,S1,Pepper,
I13,2023-07-06,S1,Polygonum sp.,
I13,2023-07-06,S1,fern,
I13,2023-07-06,S1,Grass,
I17,2023-09-19,S2,eupatorium,
I17,2023-09-19,S2,Ancistrocladus heyneanus,
I17,2023-09-19,S2,Cyclea peltata,
J04,2023-05-08,S2,NA,
J05,2023-05-08,S2,fern,
J05,2023-05-08,S2,Grass,
J05,2023-05-08,S2,eupatorium,
J05,2023-05-08,S2,Urena lobata,
J05,2023-05-08,S2,Mikania micrantha,
J05,2023-05-08,S2,Cyperauan grass,
J07,2023-05-09,S2,Eupatorium odoratum,
J07,2023-05-09,S2,Sida,
J07,2023-05-09,S2,Grass,
J07,2023-05-09,S2,Solanum torvum,
J07,2023-05-09,S2,Mimosa pudica,
J08,2023-08-18,S2,Grass,
J08,2023-08-18,S2,fern,
J08,2023-08-18,S2,Lepisanthes erecta,piper
J09,2023-08-18,S2,Colocasia,
J09,2023-08-18,S2,Wedelia,Thule wadalua
J10,2023-08-14,S2,Colocasia,
J10,2023-08-14,S2,Mimosa pudica,
J10,2023-08-14,S2,Urena lobata,
J10,2023-08-14,S2,Solanum,
J10,2023-08-14,S2,Crotalaria,
J11,2023-08-21,S2,Colocasia,
J11,2023-08-21,S2,fern,
J12,2023-08-21,S2,Polygonum sp.,
J12,2023-08-21,S2,eupatorium,
J12,2023-08-21,S2,Solanum,
J16,2023-09-19,S2,Ferns,
J16,2023-09-19,S2,Sida,
J16,2023-09-19,S2,Grass,
J16,2023-09-19,S2,Urena lobata,
J16,2023-09-19,S2,Mimosa pudica,
J17,2023-09-19,S2,Zingiberaceae,
J17,2023-09-19,S2,Fern,
K04,2023-05-08,S2,Fern,
K04,2023-05-08,S2,Grass,
K04,2023-05-08,S2,Pepper,
K04,2023-05-08,S2,Memecylon umbellatum,
K04,2023-05-08,S2,Climber,
K05,2023-05-08,S2,Comellina,
K05,2023-05-08,S2,Grass,
K05,2023-05-08,S2,Fern,
K05,2023-05-08,S2,Ipomea sp.,
K07,2023-05-09,S2,Solanum,
K07,2023-05-09,S2,Fern,
K07,2023-05-09,S2,Pepper,
K07,2023-05-09,S2,Grass,
K07,2023-05-09,S2,Comellina,
K08,2023-08-18,S2,Polygonum sp.,
K08,2023-08-18,S2,Grass,
K08,2023-08-18,S2,Piper,
K08,2023-08-18,S2,Urena lobata,
K08,2023-08-18,S2,Fern,
K09,2023-08-18,S2,Wedelia,
K10,2023-08-14,S2,Polygonum sp.,
K10,2023-08-14,S2,Fern,
K10,2023-08-14,S2,Comellina,
K11,2023-08-21,S2,Grass,
K11,2023-08-21,S2,Bracken,
K11,2023-08-21,S2,Piper,
K12,2023-08-21,S2,eupatorium,
K12,2023-08-21,S2,Fern,
K12,2023-08-21,S2,Grass,
K12,2023-08-21,S2,Lepisanthes erecta,
K13,2023-08-21,S2,Colocasia,
K13,2023-08-21,S2,eupatorium,
K13,2023-08-21,S2,Mimosa pudica,
K13,2023-08-21,S2,Ageratum conyzoides,
K14,2023-08-21,S2,Fern,
K14,2023-08-21,S2,Climber,
K15,2023-08-22,S2,Polygonum sp.,
K15,2023-08-22,S2,Fern,
K15,2023-08-22,S2,Pepper,
K15,2023-08-22,S2,Grass,
K15,2023-08-22,S2,Zingiberaceae,
K16,2023-08-22,S2,Climber,
K16,2023-08-22,S2,Psychotria anamalayana,
K16,2023-08-22,S2,Urena lobata,
K16,2023-08-22,S2,Grass,
K16,2023-08-22,S2,Sida,
K17,2023-09-19,S2,Climber,
K17,2023-09-19,S2,Polygonum sp.,
K17,2023-09-19,S2,Grass,
K17,2023-09-19,S2,Fern,
L04,2023-05-08,S2,Grass,
L04,2023-05-08,S2,Fern,
L04,2023-05-08,S2,Sida,
L04,2023-05-08,S2,Jasminum climber,
L05,2023-05-08,S2,Pepper,
L05,2023-05-08,S2,Grass,
L05,2023-05-08,S2,Climber,
L05,2023-05-08,S2,Ardisia sonchifolia,
L05,2023-05-08,S2,Sarcandra chloranthoides,
L06,2023-05-09,S2,Urena lobata,
L06,2023-05-09,S2,Pepper,
L06,2023-05-09,S2,Grass,
L06,2023-05-09,S2,eupatorium,
L07,2023-05-09,S2,Urena lobata,
L07,2023-05-09,S2,Fern,
L07,2023-05-09,S2,Sida,
L07,2023-05-09,S2,Memecylon umbellatum,
L08,2023-08-18,S2,Urena lobata,
L08,2023-08-18,S2,Sida,
L08,2023-08-18,S2,Grass,
L08,2023-08-18,S2,Strobilanthes sp.,
L09,2023-08-18,S2,Grass,
L09,2023-08-18,S2,Fern,
L09,2023-08-18,S2,Piper,
L09,2023-08-18,S2,Lepisanthes erecta,
L09,2023-08-18,S2,Begonia,
L09,2023-08-18,S2,Justicia sp.,
L10,2023-08-14,S2,Grass,
L10,2023-08-14,S2,Fern,
L11,2023-08-21,S2,Bracken,
L11,2023-08-21,S2,Piper,
L11,2023-08-21,S2,Grass,
L15,2023-08-22,S2,Fern,
L15,2023-08-22,S2,Sida,
L15,2023-08-22,S2,Grass,
L15,2023-08-22,S2,Ageratum sp.,Invasive one
L16,2023-08-22,S2,Grass,
L16,2023-08-22,S2,Toddalia asiatica,
L16,2023-08-22,S2,Shrubs,
L16,2023-08-22,S2,Elaeagnus.sp,
L17,2023-08-22,S2,Zingiberaceae,
L17,2023-08-22,S2,Fern,
L17,2023-08-22,S2,Grass,
L17,2023-08-22,S2,Pepper,
L17,2023-08-22,S2,Urena lobata,
M07,2023-05-09,S2,Fern,
M07,2023-05-09,S2,eupatorium,
M07,2023-05-09,S2,Sida,
M07,2023-05-09,S2,Climber,
M08,2023-08-14,S2,Piper,
M08,2023-08-14,S2,Grass,
M08,2023-08-14,S2,Comellina,
M08,2023-08-14,S2,Urena lobata,
M09,2023-08-18,S2,Fern,
M09,2023-08-18,S2,Urena lobata,
M09,2023-08-18,S2,eupatorium,
M09,2023-08-18,S2,Mimosa pudica,
M09,2023-08-18,S2,Grass,
M09,2023-08-18,S2,torenia,
M10,2023-08-14,S2,Fern,
M10,2023-08-14,S2,Psychotria nigra,
M11,2023-08-21,S2,Grass,
M11,2023-08-21,S2,Fern,
M11,2023-08-21,S2,Pepper,
M11,2023-08-21,S2,Toddalia asiatica,
M11,2023-08-21,S2,Psychotria anamalayana,
M15,2023-08-22,S2,Urena lobata,
M15,2023-08-22,S2,Mimosa pudica,
M15,2023-08-22,S2,Eupatorium odoratum,
M15,2023-08-22,S2,Grass,
M15,2023-08-22,S2,Sida,
M16,2023-08-22,S2,Climber,
M16,2023-08-22,S2,Fern,
M16,2023-08-22,S2,Pellionia,
M17,2023-08-22,S2,eupatorium,
M17,2023-08-22,S2,Psychotria anamalayana,
M17,2023-08-22,S2,Ageratum conyzoides,
N08,2023-08-14,S2,Grass,
N08,2023-08-14,S2,Fern,
N08,2023-08-14,S2,Zingiberaceae,
N08,2023-08-14,S2,Piper,
N08,2023-08-14,S2,eupatorium,
N09,2023-08-14,S2,Psychotria nigra,
N09,2023-08-14,S2,Psychotria anamalayana,
N09,2023-08-14,S2,Fern,
N09,2023-08-14,S2,Grass,
N10,2023-08-14,S2,Grass,
N10,2023-08-14,S2,Sida,
N10,2023-08-14,S2,Polygonum sp.,
N10,2023-08-14,S2,Piper,
N10,2023-08-14,S2,Toddalia asiatica,
N11,2023-08-21,S2,Urena lobata,
N11,2023-08-21,S2,Mimosa pudica,
N11,2023-08-21,S2,Fern,
N11,2023-08-21,S2,Ageratum conyzoides,
N11,2023-08-21,S2,eupatorium,
N15,2023-08-22,S2,Pepper,
N15,2023-08-22,S2,Pellionia,
N15,2023-08-22,S2,Grass,
N15,2023-08-22,S2,Piper,
N15,2023-08-22,S2,Pepper,
N15,2023-08-22,S2,Piper,
N15,2023-08-22,S2,Pellionia,
N15,2023-08-22,S2,Grass,
N16,2023-08-22,S2,Pepper,
N16,2023-08-22,S2,Grass,
N16,2023-08-22,S2,Urena lobata,
N16,2023-08-22,S2,Zingiberaceae,
O08,2023-08-14,S2,Grass,
O08,2023-08-14,S2,Piper,
O08,2023-08-14,S2,Toddalia asiatica,
O08,2023-08-14,S2,Fern,
O08,2023-08-14,S2,Breynia vitis-idaea,
P08,2023-08-14,S1,Piper,
P08,2023-08-14,S1,Fern,
P08,2023-08-14,S1,Zingiberaceae,
P08,2023-08-14,S1,Urena lobata,
E15,2023-10-26,S1,Grass,
F14,2023-10-26,S1,Chromolaena odorata,
F14,2023-10-26,S1,Solanum nigrum,
F15,2023-10-26,S1,Chromolaena odorata,
F15,2023-10-26,S1,Herbs,
F15,2023-10-26,S1,Grass,
F16,2023-10-26,S1,Grass,
G13,2023-10-26,S1,Pepper,
G13,2023-10-26,S1,Urena lobata,
G13,2023-10-26,S1,Piper umbellalum,
G13,2023-10-26,S1,Hypoestes phyllostachya,
G14,2023-10-26,S1,Chromolaena odorata,
G15,2023-10-26,S1,Chromolaena odorata,
G16,2023-10-26,S1,Urena lobata,
G16,2023-10-26,S1,Grass,
H13,2023-10-26,S1,Fern,
H13,2023-10-26,S1,toddalia,
H13,2023-10-26,S1,Rauvolfia hyneana,
H13,2023-10-26,S1,Sida,
H14,2023-10-26,S1,Urena lobata,
H14,2023-10-26,S1,Mimosa pudica,
H14,2023-10-26,S1,Ageratum sp.,
H14,2023-10-26,S1,Chromolaena odorata,
H14,2023-10-26,S1,Fern,
H15,2023-10-26,S1,Ageratum sp.,
H15,2023-10-26,S1,Solanum,
H15,2023-10-26,S1,Mimosa pudica,
H15,2023-10-26,S1,Urena lobata,
H16,2023-10-26,S1,Chromolaena odorata,
H16,2023-10-26,S1,Fern,
H16,2023-10-26,S1,Mimosa pudica,
H17,2023-10-26,S1,Solanum,
H17,2023-10-26,S1,Ageratum sp.,
H17,2023-10-26,S1,Fern,
H17,2023-10-26,S1,Urena lobata,
I14,2023-10-26,S1,Urena lobata,
I14,2023-10-26,S1,Polygonum sp.,
I14,2023-10-26,S1,Fern,
I14,2023-10-26,S1,Hydrocotyle javanica,
I15,2023-10-26,S1,Chromolaena odorata,
I15,2023-10-26,S1,Solanum,
I15,2023-10-26,S1,Urena lobata,
I15,2023-10-26,S1,Ageratum sp.,
I15,2023-10-26,S1,Fern,
I15,2023-10-26,S1,Mikania micrantha,
I16,2023-10-26,S1,Urena lobata,
I16,2023-10-26,S1,Fern,
J13,2023-10-26,S1,Mikania micrantha,
J13,2023-10-26,S1,Urena lobata,
J13,2023-10-26,S1,Chromolaena odorata,
J13,2023-10-26,S1,Fern,
J13,2023-10-26,S1,Climber,
J13,2023-10-26,S1,Hydrocotyle javanica,
J13,2023-10-26,S1,Mimosa pudica,
J14,2023-10-26,S1,Fern,
J14,2023-10-26,S1,Pepper,
J14,2023-10-26,S1,Urena lobata,
J15,2023-10-26,S1,Ageratum sp.,
J15,2023-10-26,S1,Chromolaena odorata,
J15,2023-10-26,S1,Mimosa pudica,
J15,2023-10-26,S1,Fern,
J15,2023-10-26,S1,Urena lobata,
J15,2023-10-26,S1,Hydrocotyle javanica,
L12,2023-10-27,S2,Fern,
L12,2023-10-27,S2,Grass,
L12,2023-10-27,S2,Pepper,
L13,2023-10-27,S2,Hypoestes phyllostachya,
L13,2023-10-27,S2,Wedelia,
L13,2023-10-27,S2,Chromolaena odorata,
L14,2023-10-27,S2,Urena lobata,
L14,2023-10-27,S2,Grass,
L14,2023-10-27,S2,Fern,
M12-SE(3),2023-10-27,S1,Psychotria anamalayana,
M12-SE(3),2023-10-27,S1,Piper umbellalum,
M12-SE(3),2023-10-27,S1,Zingiberaceae,
M12-SE(3),2023-10-27,S1,Fern,
M13-NE(4),2023-10-27,S1,Psychotria anamalayana,
M13-NE(4),2023-10-27,S1,Fern,
M13-NE(4),2023-10-27,S1,Memecylon umbellatum,
M14-SE(1),2023-10-27,S1,Hypoestes phyllostachya,
M14-SE(1),2023-10-27,S1,Urena lobata,
M14-SE(1),2023-10-27,S1,Grass,
N12-SE(2),2023-10-27,S1,Psychotria anamalayana,
N12-SE(2),2023-10-27,S1,Sarcandra chloranthoides,
N12-SE(2),2023-10-27,S1,Pellionia,
N13-SE(1),2023-10-27,S1,Psychotria anamalayana,
N13-SE(1),2023-10-27,S1,Fern,
N13-SE(1),2023-10-27,S1,Grass,
N13-SE(1),2023-10-27,S1,fern,
N13-SE(1),2023-10-27,S1,Pepper,
N14-NE(1),2023-10-27,S1,Hypoestes phyllostachya,
N14-NE(1),2023-10-27,S1,fern,
RK-24 R01,2024-01-24,S1,Chromolaena odorata,changed from Rottikadai_1 to RK-24 R1
RK-24 R01,2024-01-24,S1,Solanum,changed from Rottikadai_1 to RK-24 R1
RK-24 R01,2024-01-24,S1,Urena lobata,changed from Rottikadai_1 to RK-24 R1
RK-24 R01,2024-01-24,S1,Mikania micrantha,changed from Rottikadai_1 to RK-24 R1
RK-24 R01,2024-01-24,S1,Bracken,changed from Rottikadai_1 to RK-24 R1
RK-24 R01,2024-01-24,S1,Hypoestes phyllostachya,changed from Rottikadai_1 to RK-24 R1
RK-24 R01,2024-01-24,S1,Pseudocapsicum,changed from Rottikadai_1 to RK-24 R1
RK-24 R02,2024-01-24,S1,Chromolaena odorata,changed from Rottikadai_2 to RK-24 R2
RK-24 R02,2024-01-24,S1,Solanum,changed from Rottikadai_2 to RK-24 R2
RK-24 R02,2024-01-24,S1,Pseudocapsicum,changed from Rottikadai_2 to RK-24 R2
RK-24 R02,2024-01-24,S1,Bracken,changed from Rottikadai_2 to RK-24 R2
RK-24 R02,2024-01-24,S1,Mikania micrantha,changed from Rottikadai_2 to RK-24 R2
RK-24 R02,2024-01-24,S1,Hypoestes phyllostachya,changed from Rottikadai_2 to RK-24 R2
RK-24 R02,2024-01-24,S1,Urena lobata,changed from Rottikadai_2 to RK-24 R2
IYP2024R1,2024-04-22,S1,NA,
IYP2024R2,2024-04-22,S1,NA,
IyH-24 R01,2024-10-21,S1,Mikania micrantha,
IyH-24 R01,2024-10-21,S1,Hypoestes phyllostachya,
IyH-24 R01,2024-10-21,S1,Bracken,
IyH-24 R01,2024-10-21,S1,Solanum sp.,
IyH-24 R01,2024-10-21,S1,Chromolaena odorata,
IyH-24 R01,2024-10-21,S1,Grass,
G13,2025-12-17,S2,Hypoestes phyllostachya,
G13,2025-12-17,S2,Ferns,
G13,2025-12-17,S2,Grass,
G14,2025-12-17,S2,Chromolaena odorata,
G14,2025-12-17,S2,Grass,
G14,2025-12-17,S2,Hypoestes phyllostachya,
H14,2025-12-17,S2,Chromolaena odorata,
H14,2025-12-17,S2,Ferns,
H14,2025-12-17,S2,Grass,
H14,2025-12-17,S2,Hydrocotyle javanica,
TANTEA_CIN_03R,2025-12-18,S1,Artemisia sp.,
TANTEA_CIN_03R,2025-12-18,S1,Chromolaena odorata,
TANTEA_CIN_03R,2025-12-18,S1,Solanum sp.,
TANTEA_CIN_04R,2025-12-18,S1,Solanum sp.,
TANTEA_CIN_04R,2025-12-18,S1,Ferns,
TANTEA_CIN_04R,2025-12-18,S1,Grass,
TANTEA_CIN_04R,2025-12-18,S1,Hydrocotyle javanica,
RK-25 R,2025-12-18,S1,Ageratum sp.,
RK-25 R,2025-12-18,S1,Solanum sp.,
RK-25 R,2025-12-18,S1,Chromolaena odorata,
RK-25 R,2025-12-18,S1,Mikania micrantha,
IyT-GLI-25 R,2025-12-18,S1,Montanoa hibiscifolia,
IyT-GLI-25 R,2025-12-18,S1,Solanum pseudocapsicum,
