species,kingdom,phylum,class,order,family,genus,species_gbif
Diospyros sylvatica,Plantae,Tracheophyta,Magnoliopsida,Ericales,Ebenaceae,Diospyros,Diospyros sylvatica
Apollonias arnottii,Plantae,Tracheophyta,Magnoliopsida,Laurales,Lauraceae,Phoebe,Phoebe arnottii
Litsea nigrescens,Plantae,Tracheophyta,Magnoliopsida,Laurales,Lauraceae,Litsea,Litsea oleoides
Nothapodytes nimmoniana,Plantae,Tracheophyta,Magnoliopsida,Icacinales,Icacinaceae,Nothapodytes,Nothapodytes nimmoniana
Coffea canephora,Plantae,Tracheophyta,Magnoliopsida,Gentianales,Rubiaceae,Coffea,Coffea canephora
Syzygium densiflorum,Plantae,Tracheophyta,Magnoliopsida,Myrtales,Myrtaceae,Syzygium,Syzygium densiflorum
Dimocarpus longan,Plantae,Tracheophyta,Magnoliopsida,Sapindales,Sapindaceae,Dimocarpus,Dimocarpus longan
Rauwolfia densiflora,Plantae,Tracheophyta,Magnoliopsida,Gentianales,Apocynaceae,Rauvolfia,Rauvolfia verticillata
Aporosa indoacuminata,Plantae,Tracheophyta,Magnoliopsida,Malpighiales,Phyllanthaceae,Aporosa,Aporosa indoacuminata
Clerodendrum infortunatum,Plantae,Tracheophyta,Magnoliopsida,Lamiales,Lamiaceae,Clerodendrum,Clerodendrum infortunatum
Litsea floribunda,Plantae,Tracheophyta,Magnoliopsida,Laurales,Lauraceae,Litsea,Litsea floribunda
Cinnamomum malabatrum,Plantae,Tracheophyta,Magnoliopsida,Laurales,Lauraceae,Cinnamomum,Cinnamomum malabatrum
Bhesa indica,Plantae,Tracheophyta,Magnoliopsida,Malpighiales,Centroplacaceae,Bhesa,Bhesa indica
Maesa indica,Plantae,Tracheophyta,Magnoliopsida,Ericales,Primulaceae,Maesa,Maesa indica
Mesua ferrea,Plantae,Tracheophyta,Magnoliopsida,Malpighiales,Calophyllaceae,Mesua,Mesua ferrea
Dysoxylum malabaricum,Plantae,Tracheophyta,Magnoliopsida,Sapindales,Meliaceae,Dysoxylum,Dysoxylum malabaricum
Chrysophyllum lanceolatum,Plantae,Tracheophyta,Magnoliopsida,Ericales,Sapotaceae,Donella,Donella lanceolata
Actinodaphne malabarica,Plantae,Tracheophyta,Magnoliopsida,Laurales,Lauraceae,Actinodaphne,Actinodaphne wightiana
Lepisanthes deficiens,Plantae,Tracheophyta,Magnoliopsida,Sapindales,Sapindaceae,Lepisanthes,Lepisanthes tetraphylla
Epiprinus mallotiformis,Plantae,Tracheophyta,Magnoliopsida,Malpighiales,Euphorbiaceae,Epiprinus,Epiprinus mallotiformis
Maesopsis eminii,Plantae,Tracheophyta,Magnoliopsida,Rosales,Rhamnaceae,Maesopsis,Maesopsis eminii
Artocarpus integrifolius,Plantae,Tracheophyta,Magnoliopsida,Rosales,Moraceae,Artocarpus,Artocarpus heterophyllus
Litsea deccanensis,Plantae,Tracheophyta,Magnoliopsida,Laurales,Lauraceae,Litsea,Litsea ligustrina
Cryptocarya wightiana,Plantae,Tracheophyta,Magnoliopsida,Laurales,Lauraceae,Cryptocarya,Cryptocarya wightiana
Antidesma menasu,Plantae,Tracheophyta,Magnoliopsida,Malpighiales,Phyllanthaceae,Antidesma,Antidesma montanum
Meliosma pinnata,Plantae,Tracheophyta,Magnoliopsida,Proteales,Sabiaceae,Meliosma,Meliosma pinnata
Macaranga peltata,Plantae,Tracheophyta,Magnoliopsida,Malpighiales,Euphorbiaceae,Macaranga,Macaranga peltata
Gliricidia sepium,Plantae,Tracheophyta,Magnoliopsida,Fabales,Fabaceae,Gliricidia,Gliricidia sepium
Croton zeylanicus,Plantae,Tracheophyta,Magnoliopsida,Malpighiales,Euphorbiaceae,Croton,Croton zeylanicus
Meiogyne pannosa,Plantae,Tracheophyta,Magnoliopsida,Magnoliales,Annonaceae,Meiogyne,Meiogyne pannosa
Actinodaphne bourdillonii,Plantae,Tracheophyta,Magnoliopsida,Laurales,Lauraceae,Actinodaphne,Actinodaphne bourdillonii
Montanoa hibiscifolia,Plantae,Tracheophyta,Magnoliopsida,Asterales,Asteraceae,Montanoa,Montanoa hibiscifolia
Hydnocarpus alpinus,Plantae,Tracheophyta,Magnoliopsida,Malpighiales,Achariaceae,Hydnocarpus,Hydnocarpus alpinus
Mangifera indica,Plantae,Tracheophyta,Magnoliopsida,Sapindales,Anacardiaceae,Mangifera,Mangifera indica
Mallotus philippensis,Plantae,Tracheophyta,Magnoliopsida,Malpighiales,Euphorbiaceae,Mallotus,Mallotus philippensis
Ficus tsjakela,Plantae,Tracheophyta,Magnoliopsida,Rosales,Moraceae,Ficus,Ficus tsjakela
Macaranga indica,Plantae,Tracheophyta,Magnoliopsida,Malpighiales,Euphorbiaceae,Macaranga,Macaranga indica
Acronychia pedunculata,Plantae,Tracheophyta,Magnoliopsida,Sapindales,Rutaceae,Acronychia,Acronychia pedunculata
Villebrunea integrifolia,Plantae,Tracheophyta,Magnoliopsida,Rosales,Urticaceae,Oreocnide,Oreocnide integrifolia
Litsea bourdillonii,Plantae,Tracheophyta,Magnoliopsida,Laurales,Lauraceae,Litsea,Litsea bourdillonii
Atalantia wightii,Plantae,Tracheophyta,Magnoliopsida,Sapindales,Rutaceae,Atalantia,Atalantia wightii
Aporosa lindleyana,Plantae,Tracheophyta,Magnoliopsida,Malpighiales,Phyllanthaceae,Aporosa,Aporosa cardiosperma
Semecarpus travancoricus,Plantae,Tracheophyta,Magnoliopsida,Sapindales,Anacardiaceae,Semecarpus,Semecarpus travancoricus
Actinodaphne tadulingamii,Plantae,Tracheophyta,Magnoliopsida,Laurales,Lauraceae,Actinodaphne,Actinodaphne tadulingamii
Atalantia racemosa,Plantae,Tracheophyta,Magnoliopsida,Sapindales,Rutaceae,Atalantia,Atalantia racemosa
Ficus exasperata,Plantae,Tracheophyta,Magnoliopsida,Rosales,Moraceae,Ficus,Ficus exasperata
Clausena dentata,Plantae,Tracheophyta,Magnoliopsida,Sapindales,Rutaceae,Clausena,Clausena anisata
Unidentified,Plantae,NA,NA,NA,NA,NA,NA
Holigarna nigra,Plantae,Tracheophyta,Magnoliopsida,Sapindales,Anacardiaceae,Holigarna,Holigarna nigra
Symplocos cochinchinensis,Plantae,Tracheophyta,Magnoliopsida,Ericales,Symplocaceae,Symplocos,Symplocos cochinchinensis
Euodia lunu-ankenda,Plantae,Tracheophyta,Magnoliopsida,Sapindales,Rutaceae,Melicope,Melicope lunu-ankenda
Cinnamomum sp.,Plantae,Tracheophyta,Magnoliopsida,Laurales,Lauraceae,Cinnamomum,NA
Solanum sp.,Plantae,Tracheophyta,Magnoliopsida,Solanales,Solanaceae,Solanum,NA
Phoebe lanceolata,Plantae,Tracheophyta,Magnoliopsida,Laurales,Lauraceae,Phoebe,Phoebe lanceolata
Bischofia javanica,Plantae,Tracheophyta,Magnoliopsida,Malpighiales,Phyllanthaceae,Bischofia,Bischofia javanica
Vernonia arborea,Plantae,Tracheophyta,Magnoliopsida,Asterales,Asteraceae,Strobocalyx,Strobocalyx arborea
Neolitsea scrobiculata,Plantae,Tracheophyta,Magnoliopsida,Laurales,Lauraceae,Neolitsea,Neolitsea foliosa
Artocarpus heterophyllus,Plantae,Tracheophyta,Magnoliopsida,Rosales,Moraceae,Artocarpus,Artocarpus heterophyllus
Ficus nervosa,Plantae,Tracheophyta,Magnoliopsida,Rosales,Moraceae,Ficus,Ficus nervosa
Syzygium sp.,Plantae,Tracheophyta,Magnoliopsida,Myrtales,Myrtaceae,Syzygium,NA
Aphanamixis polystachya,Plantae,Tracheophyta,Magnoliopsida,Sapindales,Meliaceae,Aphanamixis,Aphanamixis polystachya
Syzygium laetum,Plantae,Tracheophyta,Magnoliopsida,Myrtales,Myrtaceae,Syzygium,Syzygium laetum
Aglaia exstipulata,Plantae,Tracheophyta,Magnoliopsida,Sapindales,Meliaceae,Aglaia,Aglaia exstipulata
Aglaia canarana,Plantae,Tracheophyta,Magnoliopsida,Sapindales,Meliaceae,Aglaia,Aglaia lawii
Paracroton pendulus,Plantae,Tracheophyta,Magnoliopsida,Malpighiales,Euphorbiaceae,Paracroton,Paracroton pendulus
Cryptocarya anamalayana,Plantae,Tracheophyta,Magnoliopsida,Laurales,Lauraceae,Cryptocarya,Cryptocarya anamalayana
Dendrocnide sinuata,Plantae,Tracheophyta,Magnoliopsida,Rosales,Urticaceae,Dendrocnide,Dendrocnide sinuata
Calophyllum polyanthum,Plantae,Tracheophyta,Magnoliopsida,Malpighiales,Calophyllaceae,Calophyllum,Calophyllum polyanthum
Vateria indica,Plantae,Tracheophyta,Magnoliopsida,Malvales,Dipterocarpaceae,Vateria,Vateria indica
Cullenia exarillata,Plantae,Tracheophyta,Magnoliopsida,Malvales,Malvaceae,Cullenia,Cullenia exarillata
Myristica beddomei,Plantae,Tracheophyta,Magnoliopsida,Magnoliales,Myristicaceae,Myristica,Myristica beddomei
Drypetes malabarica,Plantae,Tracheophyta,Magnoliopsida,Malpighiales,Putranjivaceae,Drypetes,Drypetes malabarica
Drypetes wightii,Plantae,Tracheophyta,Magnoliopsida,Malpighiales,Putranjivaceae,Drypetes,Drypetes wightii
Agrostistachys borneensis,Plantae,Tracheophyta,Magnoliopsida,Malpighiales,Euphorbiaceae,Agrostistachys,Agrostistachys borneensis
Croton malabaricus,Plantae,Tracheophyta,Magnoliopsida,Malpighiales,Euphorbiaceae,Croton,Croton malabaricus
Palaquium ellipticum,Plantae,Tracheophyta,Magnoliopsida,Ericales,Sapotaceae,Palaquium,Palaquium ellipticum
Knema attenuata,Plantae,Tracheophyta,Magnoliopsida,Magnoliales,Myristicaceae,Knema,Knema attenuata
Syzygium gardneri,Plantae,Tracheophyta,Magnoliopsida,Myrtales,Myrtaceae,Syzygium,Syzygium gardneri
Canarium strictum,Plantae,Tracheophyta,Magnoliopsida,Sapindales,Burseraceae,Canarium,Canarium strictum
Mastixia arborea,Plantae,Tracheophyta,Magnoliopsida,Cornales,Nyssaceae,Mastixia,Mastixia arborea
Dimorphocalyx beddomei,Plantae,Tracheophyta,Magnoliopsida,Malpighiales,Euphorbiaceae,Tritaxis,Tritaxis beddomei
Nothopegia beddomei,Plantae,Tracheophyta,Magnoliopsida,Sapindales,Anacardiaceae,Nothopegia,Nothopegia beddomei
Aglaia tomentosa,Plantae,Tracheophyta,Magnoliopsida,Sapindales,Meliaceae,Aglaia,Aglaia tomentosa
Palaquium ravii,Plantae,Tracheophyta,Magnoliopsida,Ericales,Sapotaceae,Palaquium,Palaquium ravii
Garcinia morella,Plantae,Tracheophyta,Magnoliopsida,Malpighiales,Clusiaceae,Garcinia,Garcinia morella
Diospyros paniculata,Plantae,Tracheophyta,Magnoliopsida,Ericales,Ebenaceae,Diospyros,Diospyros paniculata
Glochidion malabaricum,Plantae,Tracheophyta,Magnoliopsida,Malpighiales,Phyllanthaceae,Glochidion,Glochidion ellipticum
Olea dioica,Plantae,Tracheophyta,Magnoliopsida,Lamiales,Oleaceae,Tetrapilus,Tetrapilus dioicus
Calophyllum austroindicum,Plantae,Tracheophyta,Magnoliopsida,Malpighiales,Calophyllaceae,Calophyllum,Calophyllum austroindicum
Aglaia elaeagnoidea,Plantae,Tracheophyta,Magnoliopsida,Sapindales,Meliaceae,Aglaia,Aglaia elaeagnoidea
Orophea sp.,Plantae,Tracheophyta,Magnoliopsida,Magnoliales,Annonaceae,Orophea,NA
Nothopegia racemosa,Plantae,Tracheophyta,Magnoliopsida,Sapindales,Anacardiaceae,Nothopegia,Nothopegia castaneifolia
Elaeocarpus serratus,Plantae,Tracheophyta,Magnoliopsida,Oxalidales,Elaeocarpaceae,Elaeocarpus,Elaeocarpus serratus
Croton laccifer,Plantae,Tracheophyta,Magnoliopsida,Malpighiales,Euphorbiaceae,Croton,Croton aromaticus
Ardisia pauciflora,Plantae,Tracheophyta,Magnoliopsida,Ericales,Primulaceae,Ardisia,Ardisia pauciflora
Orophea thomsonii,Plantae,Tracheophyta,Magnoliopsida,Magnoliales,Annonaceae,Orophea,Orophea thomsonii
Orophea malabarica,Plantae,Tracheophyta,Magnoliopsida,Magnoliales,Annonaceae,Orophea,Orophea zeylanica
Reinwardtiodendron anaimalaiense,Plantae,Tracheophyta,Magnoliopsida,Sapindales,Meliaceae,Reinwardtiodendron,Reinwardtiodendron anamalaiense
Murraya paniculata,Plantae,Tracheophyta,Magnoliopsida,Sapindales,Rutaceae,Murraya,Murraya paniculata
Symplocos sp.,Plantae,Tracheophyta,Magnoliopsida,Ericales,Symplocaceae,Symplocos,NA
Mallotus stenanthus,Plantae,Tracheophyta,Magnoliopsida,Malpighiales,Euphorbiaceae,Mallotus,Mallotus resinosus
Drypetes confertiflora,Plantae,Tracheophyta,Magnoliopsida,Malpighiales,Putranjivaceae,Drypetes,Drypetes confertiflora
Persea macrantha,Plantae,Tracheophyta,Magnoliopsida,Laurales,Lauraceae,Machilus,Machilus glaucescens
Harpullia arborea,Plantae,Tracheophyta,Magnoliopsida,Sapindales,Sapindaceae,Harpullia,Harpullia arborea
Psychotria anamallayana,Plantae,Tracheophyta,Magnoliopsida,Gentianales,Rubiaceae,Psychotria,Psychotria anamallayana
Gomphandra coriacea,Plantae,Tracheophyta,Magnoliopsida,Cardiopteridales,Stemonuraceae,Gomphandra,Gomphandra coriacea
Nothopegia sp.,Plantae,Tracheophyta,Magnoliopsida,Sapindales,Anacardiaceae,Nothopegia,NA
Syzygium lanceolatum,Plantae,Tracheophyta,Magnoliopsida,Myrtales,Myrtaceae,Syzygium,Syzygium lanceolatum
Excoecaria oppositifolia,Plantae,Tracheophyta,Magnoliopsida,Malpighiales,Euphorbiaceae,Excoecaria,Excoecaria oppositifolia
Memecylon sp.,Plantae,Tracheophyta,Magnoliopsida,Myrtales,Melastomataceae,Memecylon,NA
Mallotus tetracoccus,Plantae,Tracheophyta,Magnoliopsida,Malpighiales,Euphorbiaceae,Mallotus,Mallotus tetracoccus
Callicarpa tomentosa,Plantae,Tracheophyta,Magnoliopsida,Lamiales,Lamiaceae,Callicarpa,Callicarpa tomentosa
Litsea coriacea,Plantae,Tracheophyta,Magnoliopsida,Laurales,Lauraceae,Litsea,Litsea coriacea
Spathodea campanulata,Plantae,Tracheophyta,Magnoliopsida,Lamiales,Bignoniaceae,Spathodea,Spathodea campanulata
Heynea trijuga,Plantae,Tracheophyta,Magnoliopsida,Sapindales,Meliaceae,Heynea,Heynea trijuga
Ficus hispida,Plantae,Tracheophyta,Magnoliopsida,Rosales,Moraceae,Ficus,Ficus hispida
Clausena indica,Plantae,Tracheophyta,Magnoliopsida,Sapindales,Rutaceae,Clausena,Clausena indica
Turpinia malabarica,Plantae,Tracheophyta,Magnoliopsida,Crossosomatales,Staphyleaceae,Turpinia,Turpinia malabarica
Syzygium cumini,Plantae,Tracheophyta,Magnoliopsida,Myrtales,Myrtaceae,Syzygium,Syzygium cumini
Cinnamomum verum,Plantae,Tracheophyta,Magnoliopsida,Laurales,Lauraceae,Cinnamomum,Cinnamomum verum
Toona ciliata,Plantae,Tracheophyta,Magnoliopsida,Sapindales,Meliaceae,Toona,Toona ciliata
Neolitsea zeylanica,Plantae,Tracheophyta,Magnoliopsida,Laurales,Lauraceae,Neolitsea,Neolitsea zeylanica
Trema orientale,Plantae,Tracheophyta,Magnoliopsida,Rosales,Cannabaceae,Trema,Trema orientale
Terminalia paniculata,Plantae,Tracheophyta,Magnoliopsida,Myrtales,Combretaceae,Terminalia,Terminalia paniculata
Eucalyptus sp.,Plantae,Tracheophyta,Magnoliopsida,Myrtales,Myrtaceae,Eucalyptus,NA
Litsea keralana,Plantae,Tracheophyta,Magnoliopsida,Laurales,Lauraceae,Litsea,Litsea keralana
Elaeocarpus tuberculatus,Plantae,Tracheophyta,Magnoliopsida,Oxalidales,Elaeocarpaceae,Elaeocarpus,Elaeocarpus tuberculatus
Poeciloneuron indicum,Plantae,Tracheophyta,Magnoliopsida,Malpighiales,Calophyllaceae,Poeciloneuron,Poeciloneuron indicum
Prunus ceylanica,Plantae,Tracheophyta,Magnoliopsida,Rosales,Rosaceae,Prunus,Prunus ceylanica
Ficus callosa,Plantae,Tracheophyta,Magnoliopsida,Rosales,Moraceae,Ficus,Ficus callosa
Magnolia champaca,Plantae,Tracheophyta,Magnoliopsida,Magnoliales,Magnoliaceae,Magnolia,Magnolia champaca
Senna sp.,Plantae,Tracheophyta,Magnoliopsida,Fabales,Fabaceae,Senna,NA
Macaranga sp.,Plantae,Tracheophyta,Magnoliopsida,Malpighiales,Euphorbiaceae,Macaranga,NA
Syzygium munronii,Plantae,Tracheophyta,Magnoliopsida,Myrtales,Myrtaceae,Syzygium,Syzygium munroi
Syzygium jambos,Plantae,Tracheophyta,Magnoliopsida,Myrtales,Myrtaceae,Syzygium,Syzygium jambos
Michelia champaca,Plantae,Tracheophyta,Magnoliopsida,Magnoliales,Magnoliaceae,Magnolia,Magnolia champaca
Sterculia guttata,Plantae,Tracheophyta,Magnoliopsida,Malvales,Malvaceae,Sterculia,Sterculia guttata
Ormosia travancorica,Plantae,Tracheophyta,Magnoliopsida,Fabales,Fabaceae,Ormosia,Ormosia travancorica
Actinodaphne sp.,Plantae,Tracheophyta,Magnoliopsida,Laurales,Lauraceae,Actinodaphne,NA
Ficus racemosa,Plantae,Tracheophyta,Magnoliopsida,Rosales,Moraceae,Ficus,Ficus racemosa
Psidium guajava,Plantae,Tracheophyta,Magnoliopsida,Myrtales,Myrtaceae,Psidium,Psidium guajava
Melicope lunu-ankenda,Plantae,Tracheophyta,Magnoliopsida,Sapindales,Rutaceae,Melicope,Melicope lunu-ankenda
Aporosa sp.,Plantae,Tracheophyta,Magnoliopsida,Malpighiales,Phyllanthaceae,Aporosa,NA
Xanthophyllum flavescens,Plantae,Tracheophyta,Magnoliopsida,Fabales,Polygalaceae,Xanthophyllum,Xanthophyllum flavescens
Croton sp.,Plantae,Tracheophyta,Magnoliopsida,Malpighiales,Euphorbiaceae,Croton,NA
NA,NA,NA,NA,NA,NA,NA,NA
Cassine sp.,Plantae,Tracheophyta,Magnoliopsida,Celastrales,Celastraceae,Cassine,NA
Pseudoglochidion anamalayanum,Plantae,Tracheophyta,Magnoliopsida,Malpighiales,Phyllanthaceae,Emblica,Emblica anamalayanus
Cryptocarya lawsonii,Plantae,Tracheophyta,Magnoliopsida,Laurales,Lauraceae,Cryptocarya,Cryptocarya lawsonii
Neolitsea sp.,Plantae,Tracheophyta,Magnoliopsida,Laurales,Lauraceae,Neolitsea,NA
Litsea stocksii,Plantae,Tracheophyta,Magnoliopsida,Laurales,Lauraceae,Litsea,Litsea stocksii
Beilschmiedia wightii,Plantae,Tracheophyta,Magnoliopsida,Laurales,Lauraceae,Beilschmiedia,Beilschmiedia wightii
Meliosma simplicifolia,Plantae,Tracheophyta,Magnoliopsida,Proteales,Sabiaceae,Meliosma,Meliosma simplicifolia
Tabernaemontana heyneana,Plantae,Tracheophyta,Magnoliopsida,Gentianales,Apocynaceae,Tabernaemontana,Tabernaemontana alternifolia
Vepris bilocularis,Plantae,Tracheophyta,Magnoliopsida,Sapindales,Rutaceae,Vepris,Vepris bilocularis
Heritiera papilio,Plantae,Tracheophyta,Magnoliopsida,Malvales,Malvaceae,Heritiera,Heritiera papilio
Litsea laevigata,Plantae,Tracheophyta,Magnoliopsida,Laurales,Lauraceae,Litsea,Litsea laevigata
Leea indica,Plantae,Tracheophyta,Magnoliopsida,Vitales,Vitaceae,Leea,Leea indica
Tetrameles nudiflora,Plantae,Tracheophyta,Magnoliopsida,Cucurbitales,Tetramelaceae,Tetrameles,Tetrameles nudiflora
Syzygium rubicundum,Plantae,Tracheophyta,Magnoliopsida,Myrtales,Myrtaceae,Syzygium,Syzygium rubicundum
Syzygium hemisphericum,Plantae,Tracheophyta,Magnoliopsida,Myrtales,Myrtaceae,Syzygium,Syzygium hemisphericum
Scolopia crenata,Plantae,Tracheophyta,Magnoliopsida,Malpighiales,Salicaceae,Scolopia,Scolopia crenata
Eugenia sp.,Plantae,Tracheophyta,Magnoliopsida,Myrtales,Myrtaceae,Eugenia,NA
Erythrina sp.,Plantae,Tracheophyta,Magnoliopsida,Fabales,Fabaceae,Erythrina,Erythrina subumbrans
Ficus virens,Plantae,Tracheophyta,Magnoliopsida,Rosales,Moraceae,Ficus,Ficus virens
Otonephelium stipulaceum,Plantae,Tracheophyta,Magnoliopsida,Sapindales,Sapindaceae,Otonephelium,Otonephelium stipulaceum
Memecylon umbellatum,Plantae,Tracheophyta,Magnoliopsida,Myrtales,Melastomataceae,Memecylon,Memecylon umbellatum
Bombax ceiba,Plantae,Tracheophyta,Magnoliopsida,Malvales,Malvaceae,Bombax,Bombax ceiba
Lagerstroemia microcarpa,Plantae,Tracheophyta,Magnoliopsida,Myrtales,Lythraceae,Lagerstroemia,Lagerstroemia microcarpa
Citrus sp.,Plantae,Tracheophyta,Magnoliopsida,Sapindales,Rutaceae,Citrus,NA
Grevillea robusta,Plantae,Tracheophyta,Magnoliopsida,Proteales,Proteaceae,Grevillea,Grevillea robusta
Breynia vitis-idaea,Plantae,Tracheophyta,Magnoliopsida,Malpighiales,Phyllanthaceae,Breynia,Breynia vitis-idaea
Wrightia sp.,Plantae,Tracheophyta,Magnoliopsida,Gentianales,Apocynaceae,Wrightia,NA
Colebrookea oppositifolia,Plantae,Tracheophyta,Magnoliopsida,Lamiales,Lamiaceae,Colebrookea,Colebrookea oppositifolia
Polyalthia fragrans,Plantae,Tracheophyta,Magnoliopsida,Magnoliales,Annonaceae,Monoon,Monoon fragrans
Mitragyna sp.,Plantae,Tracheophyta,Magnoliopsida,Gentianales,Rubiaceae,Mitragyna,NA
Orophea erythrocarpa,Plantae,Tracheophyta,Magnoliopsida,Magnoliales,Annonaceae,Orophea,Orophea erythrocarpa
Dysoxylum gotadhora,Plantae,Tracheophyta,Magnoliopsida,Sapindales,Meliaceae,Dysoxylum,Dysoxylum gotadhora
Hydnocarpus pentandrus,Plantae,Tracheophyta,Magnoliopsida,Malpighiales,Achariaceae,Hydnocarpus,Hydnocarpus pentandrus
Margaritaria indica,Plantae,Tracheophyta,Magnoliopsida,Malpighiales,Phyllanthaceae,Margaritaria,Margaritaria indica
Cleidion spiciflorum,Plantae,Tracheophyta,Magnoliopsida,Malpighiales,Euphorbiaceae,Acalypha,Acalypha spiciflora
Chukrasia tabularis,Plantae,Tracheophyta,Magnoliopsida,Sapindales,Meliaceae,Chukrasia,Chukrasia tabularis
Strombosia ceylanica,Plantae,Tracheophyta,Magnoliopsida,Santalales,Strombosiaceae,Strombosia,Strombosia ceylanica
Baccaurea courtallensis,Plantae,Tracheophyta,Magnoliopsida,Malpighiales,Phyllanthaceae,Baccaurea,Baccaurea courtallensis
Anacolosa densiflora,Plantae,Tracheophyta,Magnoliopsida,Santalales,Aptandraceae,Anacolosa,Anacolosa densiflora
Terminalia bellirica,Plantae,Tracheophyta,Magnoliopsida,Myrtales,Combretaceae,Terminalia,Terminalia bellirica
Alstonia scholaris,Plantae,Tracheophyta,Magnoliopsida,Gentianales,Apocynaceae,Alstonia,Alstonia scholaris
Vitex altissima,Plantae,Tracheophyta,Magnoliopsida,Lamiales,Lamiaceae,Vitex,Vitex altissima
Viburnum punctatum,Plantae,Tracheophyta,Magnoliopsida,Dipsacales,Viburnaceae,Viburnum,Viburnum punctatum
Archidendron sp.,Plantae,Tracheophyta,Magnoliopsida,Fabales,Fabaceae,Archidendron,Archidendron bigeminum
Archidendron monadelphum,Plantae,Tracheophyta,Magnoliopsida,Fabales,Fabaceae,Archidendron,Archidendron bigeminum
Drypetes oblongifolia,Plantae,Tracheophyta,Magnoliopsida,Malpighiales,Putranjivaceae,Drypetes,Drypetes oblongifolia
Flacourtia montana,Plantae,Tracheophyta,Magnoliopsida,Malpighiales,Salicaceae,Flacourtia,Flacourtia montana
Hopea sp.,Plantae,Tracheophyta,Magnoliopsida,Malvales,Dipterocarpaceae,Hopea,NA
Mallotus aureopunctatus,Plantae,Tracheophyta,Magnoliopsida,Malpighiales,Euphorbiaceae,Mallotus,Mallotus aureopunctatus
Caryota urens,Plantae,Tracheophyta,Liliopsida,Arecales,Arecaceae,Caryota,Caryota urens
Chionanthus courtallensis,Plantae,Tracheophyta,Magnoliopsida,Lamiales,Oleaceae,Chionanthus,Chionanthus courtallensis
Allophylus cobbe,Plantae,Tracheophyta,Magnoliopsida,Sapindales,Sapindaceae,Allophylus,Allophylus cobbe
Garcinia gummi-gutta,Plantae,Tracheophyta,Magnoliopsida,Malpighiales,Clusiaceae,Garcinia,Garcinia gummi-gutta
Wrightia arborea,Plantae,Tracheophyta,Magnoliopsida,Gentianales,Apocynaceae,Wrightia,Wrightia arborea
Casuarina equisetifolia,Plantae,Tracheophyta,Magnoliopsida,Fagales,Casuarinaceae,Casuarina,Casuarina equisetifolia
Gmelina arborea,Plantae,Tracheophyta,Magnoliopsida,Lamiales,Lamiaceae,Gmelina,Gmelina arborea
Symplocos macrophylla,Plantae,Tracheophyta,Magnoliopsida,Ericales,Symplocaceae,Symplocos,Symplocos macrophylla
Spondias pinnata,Plantae,Tracheophyta,Magnoliopsida,Sapindales,Anacardiaceae,Spondias,Spondias pinnata
Beilschmiedia dalzellii,Plantae,Tracheophyta,Magnoliopsida,Laurales,Lauraceae,Beilschmiedia,Beilschmiedia dalzellii
Diospyros ghatensis,Plantae,Tracheophyta,Magnoliopsida,Ericales,Ebenaceae,Diospyros,Diospyros ghatensis
Ficus tinctoria,Plantae,Tracheophyta,Magnoliopsida,Rosales,Moraceae,Ficus,Ficus tinctoria
Zanthoxylum rhetsa,Plantae,Tracheophyta,Magnoliopsida,Sapindales,Rutaceae,Zanthoxylum,Zanthoxylum rhetsa
Peltophorum pterocarpum,Plantae,Tracheophyta,Magnoliopsida,Fabales,Fabaceae,Peltophorum,Peltophorum pterocarpum
Ficus beddomei,Plantae,Tracheophyta,Magnoliopsida,Rosales,Moraceae,Ficus,Ficus beddomei
Ailanthus triphysa,Plantae,Tracheophyta,Magnoliopsida,Sapindales,Simaroubaceae,Ailanthus,Ailanthus triphysa
Mallotus sp.,Plantae,Tracheophyta,Magnoliopsida,Malpighiales,Euphorbiaceae,Mallotus,NA
Erythrina variegata,Plantae,Tracheophyta,Magnoliopsida,Fabales,Fabaceae,Erythrina,Erythrina variegata
Symplocos racemosa,Plantae,Tracheophyta,Magnoliopsida,Ericales,Symplocaceae,Symplocos,Symplocos racemosa
Chionanthus ramiflorus,Plantae,Tracheophyta,Magnoliopsida,Lamiales,Oleaceae,Chionanthus,Chionanthus ramiflorus
Ligustrum perrottetii,Plantae,Tracheophyta,Magnoliopsida,Lamiales,Oleaceae,Ligustrum,Ligustrum robustum
Ficus microcarpa,Plantae,Tracheophyta,Magnoliopsida,Rosales,Moraceae,Ficus,Ficus microcarpa
Ficus amplissima,Plantae,Tracheophyta,Magnoliopsida,Rosales,Moraceae,Ficus,Ficus amplissima
Rauwolfia sp.,Plantae,Tracheophyta,Magnoliopsida,Gentianales,Apocynaceae,Rauvolfia,NA
Diospyros nilagirica,Plantae,Tracheophyta,Magnoliopsida,Ericales,Ebenaceae,Diospyros,Diospyros nilagirica
Tricalysia sp.,Plantae,Tracheophyta,Magnoliopsida,Gentianales,Rubiaceae,Tricalysia,NA
Casearia sp.,Plantae,Tracheophyta,Magnoliopsida,Malpighiales,Salicaceae,Casearia,NA
Schefflera sp.,Plantae,Tracheophyta,Magnoliopsida,Apiales,Araliaceae,Heptapleurum,NA
Litsea udayanii,Plantae,Tracheophyta,Magnoliopsida,Laurales,Lauraceae,Litsea,Litsea udayanii
Thottea siliquosa,Plantae,Tracheophyta,Magnoliopsida,Piperales,Aristolochiaceae,Thottea,Thottea siliquosa
Glochidion zeylanicum,Plantae,Tracheophyta,Magnoliopsida,Malpighiales,Phyllanthaceae,Glochidion,Glochidion zeylanicum
Aglaia simplicifolia,Plantae,Tracheophyta,Magnoliopsida,Sapindales,Meliaceae,Aglaia,Aglaia simplicifolia
Nageia wallichiana,Plantae,Tracheophyta,Pinopsida,Araucariales,Podocarpaceae,Nageia,Nageia wallichiana
Ixora nigricans,Plantae,Tracheophyta,Magnoliopsida,Gentianales,Rubiaceae,Ixora,Ixora nigricans
Agrostistachys indica,Plantae,Tracheophyta,Magnoliopsida,Malpighiales,Euphorbiaceae,Agrostistachys,Agrostistachys indica
Casearia rubescens,Plantae,Tracheophyta,Magnoliopsida,Malpighiales,Salicaceae,Casearia,Casearia rubescens
Phoebe wightii,Plantae,Tracheophyta,Magnoliopsida,Laurales,Lauraceae,Phoebe,Phoebe wightii
Schefflera macrantha,Plantae,Tracheophyta,Magnoliopsida,Apiales,Araliaceae,Heptapleurum,Heptapleurum macranthum
Garcinia pushpangadaniana,Plantae,Tracheophyta,Magnoliopsida,Malpighiales,Clusiaceae,Garcinia,Garcinia pushpangadaniana
Tricalysia apiocarpa,Plantae,Tracheophyta,Magnoliopsida,Gentianales,Rubiaceae,Discospermum,Discospermum apiocarpum
Isonandra lanceolata,Plantae,Tracheophyta,Magnoliopsida,Ericales,Sapotaceae,Isonandra,Isonandra lanceolata
Dysoxylum sp.,Plantae,Tracheophyta,Magnoliopsida,Sapindales,Meliaceae,Dysoxylum,NA
Psychotria sp.,Plantae,Tracheophyta,Magnoliopsida,Gentianales,Rubiaceae,Psychotria,NA
Lasianthus jackianus,Plantae,Tracheophyta,Magnoliopsida,Gentianales,Rubiaceae,Lasianthus,Lasianthus jackianus
Toona sinensis,Plantae,Tracheophyta,Magnoliopsida,Sapindales,Meliaceae,Toona,Toona sinensis
Erythrina indica,Plantae,Tracheophyta,Magnoliopsida,Fabales,Fabaceae,Erythrina,Erythrina variegata
Ficus sp.,Plantae,Tracheophyta,Magnoliopsida,Rosales,Moraceae,Ficus,NA
Agrostistachys sp.,Plantae,Tracheophyta,Magnoliopsida,Malpighiales,Euphorbiaceae,Agrostistachys,NA
Artocarpus hirsutus,Plantae,Tracheophyta,Magnoliopsida,Rosales,Moraceae,Artocarpus,Artocarpus hirsutus
Artocarpus sp.,Plantae,Tracheophyta,Magnoliopsida,Rosales,Moraceae,Artocarpus,NA
Calamus sp.,Plantae,Tracheophyta,Liliopsida,Arecales,Arecaceae,Calamus,NA
Calophyllum sp.,Plantae,Tracheophyta,Magnoliopsida,Malpighiales,Calophyllaceae,Calophyllum,NA
Camellia sinensis,Plantae,Tracheophyta,Magnoliopsida,Ericales,Theaceae,Camellia,Camellia sinensis
Chionanthus mala-elengi,Plantae,Tracheophyta,Magnoliopsida,Lamiales,Oleaceae,Chionanthus,Chionanthus mala-elengi
Chionanthus sp.,Plantae,Tracheophyta,Magnoliopsida,Lamiales,Oleaceae,Chionanthus,NA
Clausena anisata,Plantae,Tracheophyta,Magnoliopsida,Sapindales,Rutaceae,Clausena,Clausena anisata
Coffea arabica,Plantae,Tracheophyta,Magnoliopsida,Gentianales,Rubiaceae,Coffea,Coffea arabica
Debregesia longifolia,Plantae,Tracheophyta,Magnoliopsida,Rosales,Urticaceae,Debregeasia,Debregeasia longifolia
Dichapetalum gelonioides,Plantae,Tracheophyta,Magnoliopsida,Malpighiales,Dichapetalaceae,Dichapetalum,Dichapetalum gelonioides
Fabaceae,Plantae,Tracheophyta,Magnoliopsida,Fabales,Fabaceae,NA,NA
Goniothalamus sp.,Plantae,Tracheophyta,Magnoliopsida,Magnoliales,Annonaceae,Goniothalamus,NA
Isonandra sp.,Plantae,Tracheophyta,Magnoliopsida,Ericales,Sapotaceae,Isonandra,NA
Lantana camara,Plantae,Tracheophyta,Magnoliopsida,Lamiales,Verbenaceae,Lantana,Lantana camara
Lepisanthes erecta,Plantae,Tracheophyta,Magnoliopsida,Sapindales,Sapindaceae,Lepisanthes,Lepisanthes erecta
Lepisanthes sp.,Plantae,Tracheophyta,Magnoliopsida,Sapindales,Sapindaceae,Lepisanthes,NA
Ligustrum sp.,Plantae,Tracheophyta,Magnoliopsida,Lamiales,Oleaceae,Ligustrum,NA
Litsea ghatica,Plantae,Tracheophyta,Magnoliopsida,Laurales,Lauraceae,Litsea,Litsea ligustrina
Litsea sp.,Plantae,Tracheophyta,Magnoliopsida,Laurales,Lauraceae,Litsea,NA
Madhuca neriifolia,Plantae,Tracheophyta,Magnoliopsida,Ericales,Sapotaceae,Madhuca,Madhuca neriifolia
Meliosma sp.,Plantae,Tracheophyta,Magnoliopsida,Proteales,Sabiaceae,Meliosma,NA
Microtropis wallichiana,Plantae,Tracheophyta,Magnoliopsida,Celastrales,Celastraceae,Microtropis,Microtropis wallichiana
Murraya koenigii,Plantae,Tracheophyta,Magnoliopsida,Sapindales,Rutaceae,Murraya,Murraya koenigii
Murraya sp.,Plantae,Tracheophyta,Magnoliopsida,Sapindales,Rutaceae,Murraya,NA
Saprosma sp.,Plantae,Tracheophyta,Magnoliopsida,Gentianales,Rubiaceae,Saprosma,NA
Scolopia sp.,Plantae,Tracheophyta,Magnoliopsida,Malpighiales,Salicaceae,Scolopia,NA
Strobilanthes sp.,Plantae,Tracheophyta,Magnoliopsida,Lamiales,Acanthaceae,Strobilanthes,NA
Symplocos rosea,Plantae,Tracheophyta,Magnoliopsida,Ericales,Symplocaceae,Symplocos,Symplocos macrophylla
Syzygium mundagam,Plantae,Tracheophyta,Magnoliopsida,Myrtales,Myrtaceae,Syzygium,Syzygium mundagam
Allophyllum sp.,Plantae,Tracheophyta,Magnoliopsida,Ericales,Polemoniaceae,Allophyllum,NA
Elaeocarpus munronii,Plantae,Tracheophyta,Magnoliopsida,Oxalidales,Elaeocarpaceae,Elaeocarpus,Elaeocarpus munroii
Glochidion sp.,Plantae,Tracheophyta,Magnoliopsida,Malpighiales,Phyllanthaceae,Glochidion,NA
Terminalia sp.,Plantae,Tracheophyta,Magnoliopsida,Myrtales,Combretaceae,Terminalia,NA
Achyranthes sp.,Plantae,Tracheophyta,Magnoliopsida,Caryophyllales,Amaranthaceae,Achyranthes,NA
Ageratum conyzoides,Plantae,Tracheophyta,Magnoliopsida,Asterales,Asteraceae,Ageratum,Ageratum conyzoides
Ageratum sp.,Plantae,Tracheophyta,Magnoliopsida,Asterales,Asteraceae,Ageratum,NA
Ancistrocladus heyneanus,Plantae,Tracheophyta,Magnoliopsida,Caryophyllales,Ancistrocladaceae,Ancistrocladus,Ancistrocladus heyneanus
Ardisia sonchifolia,Plantae,Tracheophyta,Magnoliopsida,Ericales,Primulaceae,Ardisia,Ardisia sonchifolia
Ardisia sp.,Plantae,Tracheophyta,Magnoliopsida,Ericales,Primulaceae,Ardisia,NA
Artemisia sp.,Plantae,Tracheophyta,Magnoliopsida,Asterales,Asteraceae,Artemisia,NA
Balanophora sp.,Plantae,Tracheophyta,Magnoliopsida,Santalales,Balanophoraceae,Balanophora,NA
Begonia,Plantae,Tracheophyta,Magnoliopsida,Cucurbitales,Begoniaceae,Begonia,NA
Bracken,Plantae,Tracheophyta,Polypodiopsida,Polypodiales,Dennstaedtiaceae,Pteridium,NA
Chromolaena odorata,Plantae,Tracheophyta,Magnoliopsida,Asterales,Asteraceae,Chromolaena,Chromolaena odorata
Clausena sp.,Plantae,Tracheophyta,Magnoliopsida,Sapindales,Rutaceae,Clausena,NA
Climber,Plantae,Tracheophyta,Magnoliopsida,NA,NA,NA,NA
Clover,Plantae,Tracheophyta,Magnoliopsida,Fabales,Fabaceae,NA,NA
Coffee sp.,Plantae,Tracheophyta,Magnoliopsida,Gentianales,Rubiaceae,Coffea,NA
Colocasia,Plantae,Tracheophyta,Liliopsida,Alismatales,Araceae,Colocasia,NA
Comellina,Plantae,Tracheophyta,Liliopsida,Commelinales,Commelinaceae,NA,NA
Crotalaria,Plantae,Tracheophyta,Magnoliopsida,Fabales,Fabaceae,Crotalaria,NA
Croton,Plantae,Tracheophyta,Magnoliopsida,Malpighiales,Euphorbiaceae,Croton,NA
Croton climber,Plantae,Tracheophyta,Magnoliopsida,Malpighiales,Euphorbiaceae,Croton,NA
Cyclea peltata,Plantae,Tracheophyta,Magnoliopsida,Ranunculales,Menispermaceae,Cyclea,Cyclea peltata
Cyperauan grass,Plantae,Tracheophyta,Liliopsida,NA,NA,NA,NA
Datura sp.,Plantae,Tracheophyta,Magnoliopsida,Solanales,Solanaceae,Datura,NA
Dichapetalum geloniodies,Plantae,Tracheophyta,Magnoliopsida,Malpighiales,Dichapetalaceae,Dichapetalum,Dichapetalum gelonioides
Duranta sp.,Plantae,Tracheophyta,Magnoliopsida,Lamiales,Verbenaceae,Duranta,Duranta erecta
Elaeagnus.sp,Plantae,Tracheophyta,Magnoliopsida,Rosales,Elaeagnaceae,Elaeagnus,NA
Elatostema sp.,Plantae,Tracheophyta,Magnoliopsida,Rosales,Urticaceae,Elatostema,NA
Elatostema.sp,Plantae,Tracheophyta,Magnoliopsida,Rosales,Urticaceae,Elatostema,NA
Erythropalum scandens,Plantae,Tracheophyta,Magnoliopsida,Santalales,Erythropalaceae,Erythropalum,Erythropalum scandens
eupatorium,Plantae,Tracheophyta,Magnoliopsida,Asterales,Asteraceae,Chromolaena,Chromolaena odorata
Eupatorium odoratum,Plantae,Tracheophyta,Magnoliopsida,Asterales,Asteraceae,Chromolaena,Chromolaena odorata
Eupatorium sp.,Plantae,Tracheophyta,Magnoliopsida,Asterales,Asteraceae,Chromolaena,Chromolaena odorata
fern,Plantae,Tracheophyta,Polypodiopsida,NA,NA,NA,NA
Fern,Plantae,Tracheophyta,Polypodiopsida,NA,NA,NA,NA
ferngra,Plantae,Tracheophyta,Polypodiopsida,NA,NA,NA,NA
Ferns,Plantae,Tracheophyta,Polypodiopsida,NA,NA,NA,NA
Grass,Plantae,Tracheophyta,Liliopsida,Poales,Poaceae,NA,NA
Guava fruit,Plantae,Tracheophyta,Magnoliopsida,Myrtales,Myrtaceae,Psidium,Psidium guajava
Herbs,Plantae,Tracheophyta,NA,NA,NA,NA,NA
Hiptage bengalensis,Plantae,Tracheophyta,Magnoliopsida,Malpighiales,Malpighiaceae,Hiptage,Hiptage benghalensis
Hydrocotyle javanica,Plantae,Tracheophyta,Magnoliopsida,Apiales,Araliaceae,Hydrocotyle,Hydrocotyle javanica
Hypoestes phyllostachya,Plantae,Tracheophyta,Magnoliopsida,Lamiales,Acanthaceae,Hypoestes,Hypoestes phyllostachya
Ipomea climber,Plantae,Tracheophyta,Magnoliopsida,Solanales,Convolvulaceae,Ipomoea,NA
Ipomea sp.,Plantae,Tracheophyta,Magnoliopsida,Solanales,Convolvulaceae,Ipomoea,NA
Jasminum,Plantae,Tracheophyta,Magnoliopsida,Lamiales,Oleaceae,Jasminum,NA
Jasminum climber,Plantae,Tracheophyta,Magnoliopsida,Lamiales,Oleaceae,Jasminum,NA
Jasminum sp.,Plantae,Tracheophyta,Magnoliopsida,Lamiales,Oleaceae,Jasminum,NA
Jodalia sp.,Plantae,Tracheophyta,Magnoliopsida,Sapindales,Rutaceae,Zanthoxylum,NA
Justicia sp.,Plantae,Tracheophyta,Magnoliopsida,Lamiales,Acanthaceae,Justicia,NA
Kunstleria keralensis,Plantae,Tracheophyta,Magnoliopsida,Fabales,Fabaceae,Kunstleria,Kunstleria keralensis
Lasianthus jakianus,Plantae,Tracheophyta,Magnoliopsida,Gentianales,Rubiaceae,Lasianthus,Lasianthus jackianus
Lasianthus sp.,Plantae,Tracheophyta,Magnoliopsida,Gentianales,Rubiaceae,Lasianthus,NA
Memecylon,Plantae,Tracheophyta,Magnoliopsida,Myrtales,Melastomataceae,Memecylon,NA
Mezoneuron cucullatum,Plantae,Tracheophyta,Magnoliopsida,Fabales,Fabaceae,Mezoneuron,Mezoneuron cucullatum
Mezoneuron sp.,Plantae,Tracheophyta,Magnoliopsida,Fabales,Fabaceae,Mezoneuron,Mezoneuron cucullatum
Mikania micrantha,Plantae,Tracheophyta,Magnoliopsida,Asterales,Asteraceae,Mikania,Mikania micrantha
Mimosa pudica,Plantae,Tracheophyta,Magnoliopsida,Fabales,Fabaceae,Mimosa,Mimosa pudica
Montonoa s,Plantae,Tracheophyta,Magnoliopsida,Asterales,Asteraceae,Montanoa,Montanoa hibiscifolia
Montonoa sp.,Plantae,Tracheophyta,Magnoliopsida,Asterales,Asteraceae,Montanoa,Montanoa hibiscifolia
Ochlandra sp.,Plantae,Tracheophyta,Liliopsida,Poales,Poaceae,Ochlandra,NA
Pandarus,Plantae,Tracheophyta,Liliopsida,Pandanales,Pandanaceae,Pandanus,NA
Pellionia,Plantae,Tracheophyta,Magnoliopsida,Rosales,Urticaceae,Elatostema,NA
Pepper,Plantae,Tracheophyta,Magnoliopsida,Piperales,Piperaceae,Piper,NA
Pepper climber,Plantae,Tracheophyta,Magnoliopsida,Piperales,Piperaceae,Piper,NA
Pepper shrub,Plantae,Tracheophyta,Magnoliopsida,Piperales,Piperaceae,Piper,NA
pily,Plantae,NA,NA,NA,NA,NA,NA
piper,Plantae,Tracheophyta,Magnoliopsida,Piperales,Piperaceae,Piper,NA
Piper,Plantae,Tracheophyta,Magnoliopsida,Piperales,Piperaceae,Piper,NA
Piper umbellalum,Plantae,Tracheophyta,Magnoliopsida,Piperales,Piperaceae,Piper,Piper umbellatum
Pogostemon benghalensis,Plantae,Tracheophyta,Magnoliopsida,Lamiales,Lamiaceae,Pogostemon,Pogostemon benghalensis
Pogostemon sp.,Plantae,Tracheophyta,Magnoliopsida,Lamiales,Lamiaceae,Pogostemon,NA
Poleonia sp.,Plantae,Tracheophyta,Magnoliopsida,Lamiales,Paulowniaceae,Paulownia,NA
Polygonum sp.,Plantae,Tracheophyta,Magnoliopsida,Caryophyllales,Polygonaceae,Polygonum,NA
Pseudocapsicum,Plantae,Tracheophyta,Magnoliopsida,Solanales,Solanaceae,Solanum,Solanum pseudocapsicum
Psychotria anamalayana,Plantae,Tracheophyta,Magnoliopsida,Gentianales,Rubiaceae,Psychotria,Psychotria anamallayana
Psychotria nigra,Plantae,Tracheophyta,Magnoliopsida,Gentianales,Rubiaceae,Psychotria,Psychotria nigra
Rauvolfia hyneana,Plantae,Tracheophyta,Magnoliopsida,Gentianales,Apocynaceae,Rauvolfia,NA
Rauvolfia sp.,Plantae,Tracheophyta,Magnoliopsida,Gentianales,Apocynaceae,Rauvolfia,NA
Rubus sp.,Plantae,Tracheophyta,Magnoliopsida,Rosales,Rosaceae,Rubus,NA
Salacia fruticosa,Plantae,Tracheophyta,Magnoliopsida,Celastrales,Celastraceae,Salacia,Salacia fruticosa
Salacia.sp (liana),Plantae,Tracheophyta,Magnoliopsida,Celastrales,Celastraceae,Salacia,NA
Saprosma,Plantae,Tracheophyta,Magnoliopsida,Gentianales,Rubiaceae,Saprosma,NA
Saprosma.sp,Plantae,Tracheophyta,Magnoliopsida,Gentianales,Rubiaceae,Saprosma,NA
Sarcandra chloranthoides,Plantae,Tracheophyta,Magnoliopsida,Chloranthales,Chloranthaceae,Sarcandra,Sarcandra chloranthoides
Sarcandra sp.,Plantae,Tracheophyta,Magnoliopsida,Chloranthales,Chloranthaceae,Sarcandra,Sarcandra chloranthoides
Sarcococca coriacea,Plantae,Tracheophyta,Magnoliopsida,Buxales,Buxaceae,Sarcococca,Sarcococca coriacea
Sarcococca mercurialis,Plantae,Tracheophyta,Magnoliopsida,Malpighiales,Euphorbiaceae,Micrococca,Micrococca mercurialis
Senna tora,Plantae,Tracheophyta,Magnoliopsida,Fabales,Fabaceae,Senna,Senna tora
Shrubs,Plantae,Tracheophyta,NA,NA,NA,NA,NA
Sida,Plantae,Tracheophyta,Magnoliopsida,Malvales,Malvaceae,Sida,NA
Solanum,Plantae,Tracheophyta,Magnoliopsida,Solanales,Solanaceae,Solanum,NA
Solanum nigrum,Plantae,Tracheophyta,Magnoliopsida,Solanales,Solanaceae,Solanum,Solanum nigrum
Solanum pseudocapsicum,Plantae,Tracheophyta,Magnoliopsida,Solanales,Solanaceae,Solanum,Solanum pseudocapsicum
Solanum torvum,Plantae,Tracheophyta,Magnoliopsida,Solanales,Solanaceae,Solanum,Solanum torvum
Stachytarpheta cayennensis,Plantae,Tracheophyta,Magnoliopsida,Lamiales,Verbenaceae,Stachytarpheta,Stachytarpheta cayennensis
Tabernaemontana sp.,Plantae,Tracheophyta,Magnoliopsida,Gentianales,Apocynaceae,Tabernaemontana,NA
Tithonia diversifolia,Plantae,Tracheophyta,Magnoliopsida,Asterales,Asteraceae,Tithonia,Tithonia diversifolia
toddalia,Plantae,Tracheophyta,Magnoliopsida,Sapindales,Rutaceae,Zanthoxylum,NA
Toddalia asiatica,Plantae,Tracheophyta,Magnoliopsida,Sapindales,Rutaceae,Zanthoxylum,Zanthoxylum asiaticum
Toddalia.sp,Plantae,Tracheophyta,Magnoliopsida,Sapindales,Rutaceae,Zanthoxylum,NA
torenia,Plantae,Tracheophyta,Magnoliopsida,Lamiales,Linderniaceae,Torenia,NA
Torenia sp.,Plantae,Tracheophyta,Magnoliopsida,Lamiales,Linderniaceae,Torenia,NA
Torenia.sp,Plantae,Tracheophyta,Magnoliopsida,Lamiales,Linderniaceae,Torenia,NA
Triphala sp.,Plantae,Tracheophyta,Magnoliopsida,Malvales,Malvaceae,Triumfetta,NA
Umbelic,Plantae,Tracheophyta,NA,NA,NA,NA,NA
UN ID,Plantae,Tracheophyta,NA,NA,NA,NA,NA
UNI,Plantae,Tracheophyta,NA,NA,NA,NA,NA
UNID herb,Plantae,Tracheophyta,NA,NA,NA,NA,NA
Urena lobata,Plantae,Tracheophyta,Magnoliopsida,Malvales,Malvaceae,Urena,Urena lobata
Verna sp.,Plantae,Tracheophyta,NA,NA,NA,NA,NA
Wedelia,Plantae,Tracheophyta,Magnoliopsida,Asterales,Asteraceae,Sphagneticola,Sphagneticola trilobata
Zingiberaceae,Plantae,Tracheophyta,Liliopsida,Zingiberales,Zingiberaceae,NA,NA
Ageratina sp,Plantae,Tracheophyta,Magnoliopsida,Asterales,Asteraceae,Ageratina,
grass,Plantae,Tracheophyta,Liliopsida,Poales,Poaceae,,
wedelia,Plantae,Tracheophyta,Magnoliopsida,Asterales,Asteraceae,Sphagneticola,
coffee,Plantae,Tracheophyta,Magnoliopsida,Gentianales,Rubiaceae,Coffea,
