studyChrono,fragment,oldCode,treatment,siteID,lat,lon,dataCollectors,plantingYear,treatment2,species,gbh1,gbh2,gbh3,gbh4,gbh5,gbh6,gbh7,gbh8,gbh9,gbh10,gbh11,height,remarks,canopyCover,rock,soil,litter,grass,wedelia,herbs,coffee,date20x20,soilCores
Excluded,Injiparai,INJ 03 U,EXCLUDE,INJ_EXCL,10.31963,76.93168,"MKS, Murthy, Sunderraj",2003,Unrestored,Cinnamomum malabathrum,21,0,0,0,0,0,0,0,0,0,0,5.5,NA,70,Absent,Low,High,Low,Absent,Low,Absent,2017-05-11,three samples
Excluded,Injiparai,INJ 03 U,EXCLUDE,INJ_EXCL,10.31963,76.93168,"MKS, Murthy, Sunderraj",2003,Unrestored,Actinodaphne malabaricum,31,0,0,0,0,0,0,0,0,0,0,8.5,NA,70,Absent,Low,High,Low,Absent,Low,Absent,2017-05-11,three samples
Excluded,Injiparai,INJ 03 U,EXCLUDE,INJ_EXCL,10.31963,76.93168,"MKS, Murthy, Sunderraj",2003,Unrestored,Symplocos cochinchinensis,39,0,0,0,0,0,0,0,0,0,0,7.5,Leafless. Dry or dead tree,70,Absent,Low,High,Low,Absent,Low,Absent,2017-05-11,three samples
Excluded,Injiparai,INJ 03 U,EXCLUDE,INJ_EXCL,10.31963,76.93168,"MKS, Murthy, Sunderraj",2003,Unrestored,Maesopsis eminii,76,0,0,0,0,0,0,0,0,0,0,10.5,NA,70,Absent,Low,High,Low,Absent,Low,Absent,2017-05-11,three samples
Excluded,Injiparai,INJ 03 U,EXCLUDE,INJ_EXCL,10.31963,76.93168,"MKS, Murthy, Sunderraj",2003,Unrestored,Clerodendrum infortunatum,10,0,0,0,0,0,0,0,0,0,0,4.5,NA,70,Absent,Low,High,Low,Absent,Low,Absent,2017-05-11,three samples
Excluded,Injiparai,INJ 03 U,EXCLUDE,INJ_EXCL,10.31963,76.93168,"MKS, Murthy, Sunderraj",2003,Unrestored,Clerodendrum infortunatum,18,0,0,0,0,0,0,0,0,0,0,5.5,NA,70,Absent,Low,High,Low,Absent,Low,Absent,2017-05-11,three samples
Excluded,Injiparai,INJ 03 U,EXCLUDE,INJ_EXCL,10.31963,76.93168,"MKS, Murthy, Sunderraj",2003,Unrestored,Acronychia pedunculata,41,15,10,0,0,0,0,0,0,0,0,9.5,NA,70,Absent,Low,High,Low,Absent,Low,Absent,2017-05-11,three samples
Excluded,Injiparai,INJ 03 U,EXCLUDE,INJ_EXCL,10.31963,76.93168,"MKS, Murthy, Sunderraj",2003,Unrestored,Eucalyptus sp.,150,180,0,0,0,0,0,0,0,0,0,45,NA,70,Absent,Low,High,Low,Absent,Low,Absent,2017-05-11,three samples
Excluded,Injiparai,INJ 03 U,EXCLUDE,INJ_EXCL,10.31963,76.93168,"MKS, Murthy, Sunderraj",2003,Unrestored,Litsea floribunda,13,0,0,0,0,0,0,0,0,0,0,5.5,NA,70,Absent,Low,High,Low,Absent,Low,Absent,2017-05-11,three samples
Excluded,Injiparai,INJ 03 U,EXCLUDE,INJ_EXCL,10.31963,76.93168,"MKS, Murthy, Sunderraj",2003,Unrestored,Ficus exasperata,32,32,0,0,0,0,0,0,0,0,0,5,NA,70,Absent,Low,High,Low,Absent,Low,Absent,2017-05-11,three samples
Excluded,Injiparai,INJ 03 U,EXCLUDE,INJ_EXCL,10.31963,76.93168,"MKS, Murthy, Sunderraj",2003,Unrestored,Camellia sinensis,15,0,0,0,0,0,0,0,0,0,0,5,NA,70,Absent,Low,High,Low,Absent,Low,Absent,2017-05-11,three samples
Excluded,Injiparai,INJ 03 U,EXCLUDE,INJ_EXCL,10.31963,76.93168,"MKS, Murthy, Sunderraj",2003,Unrestored,Eucalyptus sp.,210,0,0,0,0,0,0,0,0,0,0,44,NA,70,Absent,Low,High,Low,Absent,Low,Absent,2017-05-11,three samples
Excluded,Injiparai,INJ 03 U,EXCLUDE,INJ_EXCL,10.31963,76.93168,"MKS, Murthy, Sunderraj",2003,Unrestored,Maesa indica,16,0,0,0,0,0,0,0,0,0,0,6,NA,70,Absent,Low,High,Low,Absent,Low,Absent,2017-05-11,three samples
Excluded,Injiparai,INJ 03 U,EXCLUDE,INJ_EXCL,10.31963,76.93168,"MKS, Murthy, Sunderraj",2003,Unrestored,Symplocos cochinchinensis,17,14,10,9,0,0,0,0,0,0,0,5,NA,70,Absent,Low,High,Low,Absent,Low,Absent,2017-05-11,three samples
Excluded,Injiparai,INJ 03 U,EXCLUDE,INJ_EXCL,10.31963,76.93168,"MKS, Murthy, Sunderraj",2003,Unrestored,Camellia sinensis,11,0,0,0,0,0,0,0,0,0,0,6.5,NA,70,Absent,Low,High,Low,Absent,Low,Absent,2017-05-11,three samples
Excluded,Injiparai,INJ 03 U,EXCLUDE,INJ_EXCL,10.31963,76.93168,"MKS, Murthy, Sunderraj",2003,Unrestored,Camellia sinensis,10,8,7,0,0,0,0,0,0,0,0,5,NA,70,Absent,Low,High,Low,Absent,Low,Absent,2017-05-11,three samples
Excluded,Injiparai,INJ 03 U,EXCLUDE,INJ_EXCL,10.31963,76.93168,"MKS, Murthy, Sunderraj",2003,Unrestored,Litsea floribunda,36,0,0,0,0,0,0,0,0,0,0,8.5,NA,70,Absent,Low,High,Low,Absent,Low,Absent,2017-05-11,three samples
Excluded,Injiparai,INJ 03 U,EXCLUDE,INJ_EXCL,10.31963,76.93168,"MKS, Murthy, Sunderraj",2003,Unrestored,Actinodaphne malabaricum,16,0,0,0,0,0,0,0,0,0,0,6,NA,70,Absent,Low,High,Low,Absent,Low,Absent,2017-05-11,three samples
Excluded,Injiparai,INJ 03 U,EXCLUDE,INJ_EXCL,10.31963,76.93168,"MKS, Murthy, Sunderraj",2003,Unrestored,Macaranga peltata,21,0,0,0,0,0,0,0,0,0,0,8.5,NA,70,Absent,Low,High,Low,Absent,Low,Absent,2017-05-11,three samples
Excluded,Injiparai,INJ 03 U,EXCLUDE,INJ_EXCL,10.31963,76.93168,"MKS, Murthy, Sunderraj",2003,Unrestored,Symplocos cochinchinensis,11,0,0,0,0,0,0,0,0,0,0,5.5,cut at base,70,Absent,Low,High,Low,Absent,Low,Absent,2017-05-11,three samples
Excluded,Injiparai,INJ 03 U,EXCLUDE,INJ_EXCL,10.31963,76.93168,"MKS, Murthy, Sunderraj",2003,Unrestored,Symplocos cochinchinensis,15,0,0,0,0,0,0,0,0,0,0,5.5,NA,70,Absent,Low,High,Low,Absent,Low,Absent,2017-05-11,three samples
Excluded,Injiparai,INJ 03 U,EXCLUDE,INJ_EXCL,10.31963,76.93168,"MKS, Murthy, Sunderraj",2003,Unrestored,Clerodendrum infortunatum,10,11,0,0,0,0,0,0,0,0,0,5.5,NA,70,Absent,Low,High,Low,Absent,Low,Absent,2017-05-11,three samples
Excluded,Injiparai,INJ 03 U,EXCLUDE,INJ_EXCL,10.31963,76.93168,"MKS, Murthy, Sunderraj",2003,Unrestored,Clerodendrum infortunatum,23,0,0,0,0,0,0,0,0,0,0,5.5,NA,70,Absent,Low,High,Low,Absent,Low,Absent,2017-05-11,three samples
Excluded,Injiparai,INJ 03 U,EXCLUDE,INJ_EXCL,10.31963,76.93168,"MKS, Murthy, Sunderraj",2003,Unrestored,Symplocos cochinchinensis,23,0,0,0,0,0,0,0,0,0,0,7,NA,70,Absent,Low,High,Low,Absent,Low,Absent,2017-05-11,three samples
Excluded,Injiparai,INJ 03 U,EXCLUDE,INJ_EXCL,10.31963,76.93168,"MKS, Murthy, Sunderraj",2003,Unrestored,Clerodendrum infortunatum,11,0,0,0,0,0,0,0,0,0,0,5.5,NA,70,Absent,Low,High,Low,Absent,Low,Absent,2017-05-11,three samples
Excluded,Injiparai,INJ 03 U,EXCLUDE,INJ_EXCL,10.31963,76.93168,"MKS, Murthy, Sunderraj",2003,Unrestored,Clerodendrum infortunatum,11,0,0,0,0,0,0,0,0,0,0,5,NA,70,Absent,Low,High,Low,Absent,Low,Absent,2017-05-11,three samples
Excluded,Injiparai,INJ 03 U,EXCLUDE,INJ_EXCL,10.31963,76.93168,"MKS, Murthy, Sunderraj",2003,Unrestored,Camellia sinensis,12,6,8,0,0,0,0,0,0,0,0,3,NA,70,Absent,Low,High,Low,Absent,Low,Absent,2017-05-11,three samples
Excluded,Injiparai,INJ 03 U,EXCLUDE,INJ_EXCL,10.31963,76.93168,"MKS, Murthy, Sunderraj",2003,Unrestored,Clerodendrum infortunatum,10,0,0,0,0,0,0,0,0,0,0,5,NA,70,Absent,Low,High,Low,Absent,Low,Absent,2017-05-11,three samples
Excluded,Injiparai,INJ 03 U,EXCLUDE,INJ_EXCL,10.31963,76.93168,"MKS, Murthy, Sunderraj",2003,Unrestored,Acronychia pedunculata,45,19,0,0,0,0,0,0,0,0,0,10,NA,70,Absent,Low,High,Low,Absent,Low,Absent,2017-05-11,three samples
Excluded,Injiparai,INJ 03 U,EXCLUDE,INJ_EXCL,10.31963,76.93168,"MKS, Murthy, Sunderraj",2003,Unrestored,Symplocos cochinchinensis,11,0,0,0,0,0,0,0,0,0,0,4.5,NA,70,Absent,Low,High,Low,Absent,Low,Absent,2017-05-11,three samples
Excluded,Injiparai,INJ 03 U,EXCLUDE,INJ_EXCL,10.31963,76.93168,"MKS, Murthy, Sunderraj",2003,Unrestored,Symplocos cochinchinensis,15,10,0,0,0,0,0,0,0,0,0,5,NA,70,Absent,Low,High,Low,Absent,Low,Absent,2017-05-11,three samples
Excluded,Injiparai,INJ 03 U,EXCLUDE,INJ_EXCL,10.31963,76.93168,"MKS, Murthy, Sunderraj",2003,Unrestored,Symplocos cochinchinensis,10,0,0,0,0,0,0,0,0,0,0,4.5,NA,70,Absent,Low,High,Low,Absent,Low,Absent,2017-05-11,three samples
Excluded,Injiparai,INJ 03 U,EXCLUDE,INJ_EXCL,10.31963,76.93168,"MKS, Murthy, Sunderraj",2003,Unrestored,Acronychia pedunculata,48,0,0,0,0,0,0,0,0,0,0,10.5,NA,70,Absent,Low,High,Low,Absent,Low,Absent,2017-05-11,three samples
Excluded,Injiparai,INJ 03 U,EXCLUDE,INJ_EXCL,10.31963,76.93168,"MKS, Murthy, Sunderraj",2003,Unrestored,Ficus exasperata,27,12,0,0,0,0,0,0,0,0,0,4.5,NA,70,Absent,Low,High,Low,Absent,Low,Absent,2017-05-11,three samples
Excluded,Injiparai,INJ 03 U,EXCLUDE,INJ_EXCL,10.31963,76.93168,"MKS, Murthy, Sunderraj",2003,Unrestored,Eucalyptus sp.,93,0,0,0,0,0,0,0,0,0,0,30,NA,70,Absent,Low,High,Low,Absent,Low,Absent,2017-05-11,three samples
Excluded,Injiparai,INJ 03 U,EXCLUDE,INJ_EXCL,10.31963,76.93168,"MKS, Murthy, Sunderraj",2003,Unrestored,Symplocos cochinchinensis,27,0,0,0,0,0,0,0,0,0,0,8,NA,70,Absent,Low,High,Low,Absent,Low,Absent,2017-05-11,three samples
Excluded,Injiparai,INJ 03 U,EXCLUDE,INJ_EXCL,10.31963,76.93168,"MKS, Murthy, Sunderraj",2003,Unrestored,Clerodendrum infortunatum,19,0,0,0,0,0,0,0,0,0,0,8.5,NA,70,Absent,Low,High,Low,Absent,Low,Absent,2017-05-11,three samples
Excluded,Injiparai,INJ 03 U,EXCLUDE,INJ_EXCL,10.31963,76.93168,"MKS, Murthy, Sunderraj",2003,Unrestored,Symplocos cochinchinensis,19,0,0,0,0,0,0,0,0,0,0,8,NA,70,Absent,Low,High,Low,Absent,Low,Absent,2017-05-11,three samples
Excluded,Injiparai,INJ 03 U,EXCLUDE,INJ_EXCL,10.31963,76.93168,"MKS, Murthy, Sunderraj",2003,Unrestored,Symplocos cochinchinensis,28,0,0,0,0,0,0,0,0,0,0,8,NA,70,Absent,Low,High,Low,Absent,Low,Absent,2017-05-11,three samples
Excluded,Injiparai,INJ 03 U,EXCLUDE,INJ_EXCL,10.31963,76.93168,"MKS, Murthy, Sunderraj",2003,Unrestored,Camellia sinensis,7,12,12,17,8,0,0,0,0,0,0,5.5,NA,70,Absent,Low,High,Low,Absent,Low,Absent,2017-05-11,three samples
Excluded,Injiparai,INJ 03 U,EXCLUDE,INJ_EXCL,10.31963,76.93168,"MKS, Murthy, Sunderraj",2003,Unrestored,Actinodaphne malabaricum,28,0,0,0,0,0,0,0,0,0,0,12,drying,70,Absent,Low,High,Low,Absent,Low,Absent,2017-05-11,three samples
Excluded,Injiparai,INJ 03 U,EXCLUDE,INJ_EXCL,10.31963,76.93168,"MKS, Murthy, Sunderraj",2003,Unrestored,Eucalyptus sp.,100,180,0,0,0,0,0,0,0,0,0,42,NA,70,Absent,Low,High,Low,Absent,Low,Absent,2017-05-11,three samples
Excluded,Injiparai,INJ 03 U,EXCLUDE,INJ_EXCL,10.31963,76.93168,"MKS, Murthy, Sunderraj",2003,Unrestored,Persea macarantha,53,46,0,0,0,0,0,0,0,0,0,11.5,NA,70,Absent,Low,High,Low,Absent,Low,Absent,2017-05-11,three samples
Excluded,Injiparai,INJ 03 U,EXCLUDE,INJ_EXCL,10.31963,76.93168,"MKS, Murthy, Sunderraj",2003,Unrestored,Rauvolfia sp.,10,0,0,0,0,0,0,0,0,0,0,3.5,white sap,70,Absent,Low,High,Low,Absent,Low,Absent,2017-05-11,three samples
Excluded,Injiparai,INJ 03 U,EXCLUDE,INJ_EXCL,10.31963,76.93168,"MKS, Murthy, Sunderraj",2003,Unrestored,Symplocos cochinchinensis,27,8,9,0,0,0,0,0,0,0,0,9,NA,70,Absent,Low,High,Low,Absent,Low,Absent,2017-05-11,three samples
Excluded,Injiparai,INJ 03 U,EXCLUDE,INJ_EXCL,10.31963,76.93168,"MKS, Murthy, Sunderraj",2003,Unrestored,Rauvolfia sp.,7,7,16,9,8,0,0,0,0,0,0,5,white sap,70,Absent,Low,High,Low,Absent,Low,Absent,2017-05-11,three samples
Excluded,Injiparai,INJ 03 U,EXCLUDE,INJ_EXCL,10.31963,76.93168,"MKS, Murthy, Sunderraj",2003,Unrestored,Rauvolfia sp.,13,5,6,6,4,3,0,0,0,0,0,3.5,white sap,70,Absent,Low,High,Low,Absent,Low,Absent,2017-05-11,three samples
Excluded,Injiparai,INJ 03 U,EXCLUDE,INJ_EXCL,10.31963,76.93168,"MKS, Murthy, Sunderraj",2003,Unrestored,Gomphandra coriacea,29,10,8,0,0,0,0,0,0,0,0,7.5,NA,70,Absent,Low,High,Low,Absent,Low,Absent,2017-05-11,three samples
Excluded,Injiparai,INJ 03 U,EXCLUDE,INJ_EXCL,10.31963,76.93168,"MKS, Murthy, Sunderraj",2003,Unrestored,Symplocos cochinchinensis,24,9,5,4,0,0,0,0,0,0,0,3,cut at 1m,70,Absent,Low,High,Low,Absent,Low,Absent,2017-05-11,three samples
Excluded,Injiparai,INJ 03 U,EXCLUDE,INJ_EXCL,10.31963,76.93168,"MKS, Murthy, Sunderraj",2003,Unrestored,Cinnamomum malabathrum,11,0,0,0,0,0,0,0,0,0,0,6.5,NA,70,Absent,Low,High,Low,Absent,Low,Absent,2017-05-11,three samples
Excluded,Injiparai,INJ 03 U,EXCLUDE,INJ_EXCL,10.31963,76.93168,"MKS, Murthy, Sunderraj",2003,Unrestored,Symplocos cochinchinensis,14,5,0,0,0,0,0,0,0,0,0,5,NA,70,Absent,Low,High,Low,Absent,Low,Absent,2017-05-11,three samples
Excluded,Injiparai,INJ 03 U,EXCLUDE,INJ_EXCL,10.31963,76.93168,"MKS, Murthy, Sunderraj",2003,Unrestored,Antidesma menausa,15,15,0,0,0,0,0,0,0,0,0,8,NA,70,Absent,Low,High,Low,Absent,Low,Absent,2017-05-11,three samples
Excluded,Injiparai,INJ 03 U,EXCLUDE,INJ_EXCL,10.31963,76.93168,"MKS, Murthy, Sunderraj",2003,Unrestored,Clerodendrum infortunatum,21,0,0,0,0,0,0,0,0,0,0,8,NA,70,Absent,Low,High,Low,Absent,Low,Absent,2017-05-11,three samples
Excluded,Injiparai,INJ 03 U,EXCLUDE,INJ_EXCL,10.31963,76.93168,"MKS, Murthy, Sunderraj",2003,Unrestored,Eucalyptus sp.,91,0,0,0,0,0,0,0,0,0,0,25,NA,70,Absent,Low,High,Low,Absent,Low,Absent,2017-05-11,three samples
Excluded,Injiparai,INJ 03 U,EXCLUDE,INJ_EXCL,10.31963,76.93168,"MKS, Murthy, Sunderraj",2003,Unrestored,Clerodendrum infortunatum,23,18,0,0,0,0,0,0,0,0,0,6.5,NA,70,Absent,Low,High,Low,Absent,Low,Absent,2017-05-11,three samples
Excluded,Injiparai,INJ 03 U,EXCLUDE,INJ_EXCL,10.31963,76.93168,"MKS, Murthy, Sunderraj",2003,Unrestored,Clerodendrum infortunatum,14,0,0,0,0,0,0,0,0,0,0,5.5,NA,70,Absent,Low,High,Low,Absent,Low,Absent,2017-05-11,three samples
Excluded,Injiparai,INJ 03 U,EXCLUDE,INJ_EXCL,10.31963,76.93168,"MKS, Murthy, Sunderraj",2003,Unrestored,Symplocos cochinchinensis,25,0,0,0,0,0,0,0,0,0,0,7,NA,70,Absent,Low,High,Low,Absent,Low,Absent,2017-05-11,three samples
Excluded,Injiparai,INJ 03 U,EXCLUDE,INJ_EXCL,10.31963,76.93168,"MKS, Murthy, Sunderraj",2003,Unrestored,Litsea floribunda,11,0,0,0,0,0,0,0,0,0,0,5,NA,70,Absent,Low,High,Low,Absent,Low,Absent,2017-05-11,three samples
Excluded,Injiparai,INJ 03 U,EXCLUDE,INJ_EXCL,10.31963,76.93168,"MKS, Murthy, Sunderraj",2003,Unrestored,Litsea floribunda,11,0,0,0,0,0,0,0,0,0,0,4,NA,70,Absent,Low,High,Low,Absent,Low,Absent,2017-05-11,three samples
Excluded,Injiparai,INJ 03 U,EXCLUDE,INJ_EXCL,10.31963,76.93168,"MKS, Murthy, Sunderraj",2003,Unrestored,Spathodea campanulata,113,120,0,0,0,0,0,0,0,0,0,13,NA,70,Absent,Low,High,Low,Absent,Low,Absent,2017-05-11,three samples
Excluded,Injiparai,INJ 03 U,EXCLUDE,INJ_EXCL,10.31963,76.93168,"MKS, Murthy, Sunderraj",2003,Unrestored,Symplocos cochinchinensis,25,7,12,0,0,0,0,0,0,0,0,4.5,NA,70,Absent,Low,High,Low,Absent,Low,Absent,2017-05-11,three samples
Excluded,Injiparai,INJ 03 U,EXCLUDE,INJ_EXCL,10.31963,76.93168,"MKS, Murthy, Sunderraj",2003,Unrestored,Syzygium cuminii,15,0,0,0,0,0,0,0,0,0,0,4.5,NA,70,Absent,Low,High,Low,Absent,Low,Absent,2017-05-11,three samples
Excluded,Injiparai,INJ 03 U,EXCLUDE,INJ_EXCL,10.31963,76.93168,"MKS, Murthy, Sunderraj",2003,Unrestored,Acronychia pedunculata,11,0,0,0,0,0,0,0,0,0,0,4,NA,70,Absent,Low,High,Low,Absent,Low,Absent,2017-05-11,three samples
Excluded,Injiparai,INJ 03 U,EXCLUDE,INJ_EXCL,10.31963,76.93168,"MKS, Murthy, Sunderraj",NA,NA,NA,NA,NA,NA,NA,NA,NA,NA,NA,NA,NA,NA,NA,NA,70,Absent,Low,High,Low,Absent,Low,Absent,2017-05-11,three samples
