file,slug,scientific_name,inat_obs_id,inat_photo_id,license,photographer,obs_url,observed_on,place
neem_obs_402451928_00.jpg,neem,Azadirachta indica,402451928,738816706,cc-by-nc,"(c) Jahnavi, some rights reserved (CC BY-NC)",https://www.inaturalist.org/observations/402451928,2026-09-22,"Yamaganipalle, Andhra Pradesh, India"
neem_obs_402642561_00.jpg,neem,Azadirachta indica,402642561,739186705,cc-by-nc,"(c) Bobbe ram yadav, some rights reserved (CC BY-NC)",https://www.inaturalist.org/observations/402642561,2026-09-22,"Yamaganipalle, Andhra Pradesh, India"
neem_obs_402077902_00.jpg,neem,Azadirachta indica,402077902,738078807,cc-by-nc,"(c) Sharan G, some rights reserved (CC BY-NC)",https://www.inaturalist.org/observations/402077902,2026-09-21,"Irumborai, Tamil Nadu, India"
neem_obs_401407396_00.jpg,neem,Azadirachta indica,401407396,736748049,cc-by-nc,"(c) premilicc, some rights reserved (CC BY-NC)",https://www.inaturalist.org/observations/401407396,2026-09-19,"Chennai, Tamil Nadu, IN"
neem_obs_400688731_00.jpg,neem,Azadirachta indica,400688731,735335328,cc-by-nc,"(c) Srinivas podili, some rights reserved (CC BY-NC)",https://www.inaturalist.org/observations/400688731,2026-09-16,"Agaram X, Agaram, Andhra Pradesh 517426, India"
neem_obs_386830140_01.jpg,neem,Azadirachta indica,386830140,708299478,cc-by-nc,"(c) Mohamed Kasim, some rights reserved (CC BY-NC)",https://www.inaturalist.org/observations/386830140,2026-07-31,"Viluppuram, IN-AP, IN"
neem_obs_386830140_02.jpg,neem,Azadirachta indica,386830140,708299516,cc-by-nc,"(c) Mohamed Kasim, some rights reserved (CC BY-NC)",https://www.inaturalist.org/observations/386830140,2026-07-31,"Viluppuram, IN-AP, IN"
neem_obs_386830140_03.jpg,neem,Azadirachta indica,386830140,708299548,cc-by-nc,"(c) Mohamed Kasim, some rights reserved (CC BY-NC)",https://www.inaturalist.org/observations/386830140,2026-07-31,"Viluppuram, IN-AP, IN"
neem_obs_386635185_00.jpg,neem,Azadirachta indica,386635185,707925967,cc-by-nc,"(c) pavelkornev, some rights reserved (CC BY-NC)",https://www.inaturalist.org/observations/386635185,2026-07-30,"17/53, Sallimaliai, Rameswaram, Tamil Nadu 623526, India"
neem_obs_386635185_01.jpg,neem,Azadirachta indica,386635185,707926065,cc-by-nc,"(c) pavelkornev, some rights reserved (CC BY-NC)",https://www.inaturalist.org/observations/386635185,2026-07-30,"17/53, Sallimaliai, Rameswaram, Tamil Nadu 623526, India"
neem_obs_385911346_00.jpg,neem,Azadirachta indica,385911346,706542401,cc-by-nc,"(c) Premdas S, some rights reserved (CC BY-NC)",https://www.inaturalist.org/observations/385911346,2026-07-28,"Palakkad, Kerala, IN"
neem_obs_383963402_00.jpg,neem,Azadirachta indica,383963402,702803511,cc-by-nc,"(c) prameena, some rights reserved (CC BY-NC)",https://www.inaturalist.org/observations/383963402,2026-07-22,"Nagercoil, Tamil Nadu, IN"
neem_obs_383654446_00.jpg,neem,Azadirachta indica,383654446,702210494,cc-by-nc,"(c) Drithi Diwakar, some rights reserved (CC BY-NC)",https://www.inaturalist.org/observations/383654446,2026-07-21,"Balaji Nagar Main Road, Chennai, Tamil Nadu, IN"
neem_obs_383654446_01.jpg,neem,Azadirachta indica,383654446,702210481,cc-by-nc,"(c) Drithi Diwakar, some rights reserved (CC BY-NC)",https://www.inaturalist.org/observations/383654446,2026-07-21,"Balaji Nagar Main Road, Chennai, Tamil Nadu, IN"
neem_obs_383654446_02.jpg,neem,Azadirachta indica,383654446,702210479,cc-by-nc,"(c) Drithi Diwakar, some rights reserved (CC BY-NC)",https://www.inaturalist.org/observations/383654446,2026-07-21,"Balaji Nagar Main Road, Chennai, Tamil Nadu, IN"
neem_obs_382824373_00.jpg,neem,Azadirachta indica,382824373,700615625,cc-by-nc,"(c) Vijay Anand Ismavel, some rights reserved (CC BY-NC)",https://www.inaturalist.org/observations/382824373,2026-07-19,"Nadar Bazaar Road, Kamuthi, Tamil Nadu, IN"
neem_obs_381981157_00.jpg,neem,Azadirachta indica,381981157,698996367,cc-by,"(c) Ashrith GS, some rights reserved (CC BY)",https://www.inaturalist.org/observations/381981157,2026-07-16,"3JQ6+M7 Jakkur Lake Bird Watching Area, Agrahara, Bengaluru, Karnataka 560064, India"
neem_obs_380352047_00.jpg,neem,Azadirachta indica,380352047,695838561,cc-by-nc,"(c) Elavarasan M, some rights reserved (CC BY-NC)",https://www.inaturalist.org/observations/380352047,2026-07-11,"HRCM+F7, Devannagoundanur, Idappadi, Tamil Nadu 637101, India"
neem_obs_380592727_00.jpg,neem,Azadirachta indica,380592727,696305676,cc-by-nc,"(c) Aishwarya, some rights reserved (CC BY-NC)",https://www.inaturalist.org/observations/380592727,2026-07-10,"Sriram Nagar, Nolambur, Ambattur Industrial Estate, Chennai, Tamil Nadu 600095, India"
neem_obs_379949358_00.jpg,neem,Azadirachta indica,379949358,695060461,cc-by-nc,"(c) janagan, some rights reserved (CC BY-NC)",https://www.inaturalist.org/observations/379949358,2026-07-10,"SRPC Main Block, Sri Ramakrishna Campus, Vattamalaipalayam, Idigarai, Tamil Nadu 641022, India"
neem_obs_379949160_00.jpg,neem,Azadirachta indica,379949160,695059995,cc-by-nc,"(c) prithiviraj, some rights reserved (CC BY-NC)",https://www.inaturalist.org/observations/379949160,2026-07-10,"4X37+3XM, Sri Ramakrishna Campus, Vattamalaipalayam, Idigarai, Tamil Nadu 641022, India"
neem_obs_383004258_00.jpg,neem,Azadirachta indica,383004258,700954228,cc-by-nc,"(c) Duraiswamy Navaneetham, some rights reserved (CC BY-NC)",https://www.inaturalist.org/observations/383004258,2026-07-07,"Vattakkottai, Tamil Nadu, India"
neem_obs_383003702_00.jpg,neem,Azadirachta indica,383003702,700952023,cc-by-nc,"(c) Duraiswamy Navaneetham, some rights reserved (CC BY-NC)",https://www.inaturalist.org/observations/383003702,2026-07-07,"Vattakkottai, Tamil Nadu, India"
neem_obs_382287003_00.jpg,neem,Azadirachta indica,382287003,699584144,cc-by-nc,"(c) Duraiswamy Navaneetham, some rights reserved (CC BY-NC)",https://www.inaturalist.org/observations/382287003,2026-07-06,"Srirangam, Tiruchirappalli, Tamil Nadu, India"
neem_obs_382279601_00.jpg,neem,Azadirachta indica,382279601,699569780,cc-by-nc,"(c) Duraiswamy Navaneetham, some rights reserved (CC BY-NC)",https://www.inaturalist.org/observations/382279601,2026-07-06,"Kallanai, Tamil Nadu 620013, India"
pungam_obs_401440484_00.jpg,pungam,Pongamia pinnata,401440484,736814948,cc-by-nc,"(c) Elavarasan M, some rights reserved (CC BY-NC)",https://www.inaturalist.org/observations/401440484,2026-09-19,"P55R+MP8, Kannankurichi, Tamil Nadu 636008, India"
pungam_obs_401491783_00.jpg,pungam,Pongamia pinnata,401491783,736863391,cc-by,"(c) Aparna, some rights reserved (CC BY)",https://www.inaturalist.org/observations/401491783,2026-09-19,India
pungam_obs_399450501_00.jpg,pungam,Pongamia pinnata,399450501,732874239,cc-by-nc,"(c) kiruba shallini, some rights reserved (CC BY-NC)",https://www.inaturalist.org/observations/399450501,2026-09-08,Government Arts College
pungam_obs_399450501_01.jpg,pungam,Pongamia pinnata,399450501,732874289,cc-by-nc,"(c) kiruba shallini, some rights reserved (CC BY-NC)",https://www.inaturalist.org/observations/399450501,2026-09-08,Government Arts College
pungam_obs_399450501_02.jpg,pungam,Pongamia pinnata,399450501,732874346,cc-by-nc,"(c) kiruba shallini, some rights reserved (CC BY-NC)",https://www.inaturalist.org/observations/399450501,2026-09-08,Government Arts College
pungam_obs_397367067_00.jpg,pungam,Pongamia pinnata,397367067,728810746,cc-by-nc,"(c) Sneha Shiny, some rights reserved (CC BY-NC)",https://www.inaturalist.org/observations/397367067,2026-09-05,"Q8W4+56R, Yamaganipalle, Andhra Pradesh 517426, India"
pungam_obs_397366118_00.jpg,pungam,Pongamia pinnata,397366118,728809091,cc-by-nc,"(c) Sharath Ss, some rights reserved (CC BY-NC)",https://www.inaturalist.org/observations/397366118,2026-09-05,"Q8W4+56R, Yamaganipalle, Andhra Pradesh 517426, India"
pungam_obs_397366103_00.jpg,pungam,Pongamia pinnata,397366103,728809056,cc-by-nc,"(c) Ganesh Gone, some rights reserved (CC BY-NC)",https://www.inaturalist.org/observations/397366103,2026-09-05,"Q8W4+65H, Yamaganipalle, Andhra Pradesh 517426, India"
pungam_obs_397363363_00.jpg,pungam,Pongamia pinnata,397363363,728803392,cc-by-nc,"(c) Sharath Ss, some rights reserved (CC BY-NC)",https://www.inaturalist.org/observations/397363363,2026-09-05,"Chittoor, IN-AP, IN"
pungam_obs_397379853_00.jpg,pungam,Pongamia pinnata,397379853,728826275,cc-by-nc,"(c) Deepa Mohan, some rights reserved (CC BY-NC)",https://www.inaturalist.org/observations/397379853,2026-09-05,"Begur Lake, Begur, Bengaluru, Karnataka 560114"
pungam_obs_397379850_00.jpg,pungam,Pongamia pinnata,397379850,728826276,cc-by-nc,"(c) Deepa Mohan, some rights reserved (CC BY-NC)",https://www.inaturalist.org/observations/397379850,2026-09-05,"Begur Lake, Begur, Bengaluru, Karnataka 560114"
pungam_obs_395501520_00.jpg,pungam,Pongamia pinnata,395501520,725200913,cc-by-nc,"(c) vaibhs, some rights reserved (CC BY-NC)",https://www.inaturalist.org/observations/395501520,2026-08-29,"Bengaluru, Karnataka, IN"
pungam_obs_395501047_00.jpg,pungam,Pongamia pinnata,395501047,725200008,cc-by-nc,"(c) vaibhs, some rights reserved (CC BY-NC)",https://www.inaturalist.org/observations/395501047,2026-08-29,"Bengaluru, Karnataka, IN"
pungam_obs_387106741_00.jpg,pungam,Pongamia pinnata,387106741,708822081,cc-by-nc,"(c) kaushiksk, some rights reserved (CC BY-NC)",https://www.inaturalist.org/observations/387106741,2026-08-01,"Badamanavarathekaval, Karnataka, India"
pungam_obs_387106741_01.jpg,pungam,Pongamia pinnata,387106741,708822128,cc-by-nc,"(c) kaushiksk, some rights reserved (CC BY-NC)",https://www.inaturalist.org/observations/387106741,2026-08-01,"Badamanavarathekaval, Karnataka, India"
pungam_obs_387106741_02.jpg,pungam,Pongamia pinnata,387106741,708822129,cc-by-nc,"(c) kaushiksk, some rights reserved (CC BY-NC)",https://www.inaturalist.org/observations/387106741,2026-08-01,"Badamanavarathekaval, Karnataka, India"
pungam_obs_384743061_00.jpg,pungam,Pongamia pinnata,384743061,704313144,cc-by-nc,"(c) Sujay G, some rights reserved (CC BY-NC)",https://www.inaturalist.org/observations/384743061,2026-07-21,"Melur Slope R.F., Tamil Nadu, India"
pungam_obs_381666020_00.jpg,pungam,Pongamia pinnata,381666020,698373083,cc-by,"(c) Aparna, some rights reserved (CC BY)",https://www.inaturalist.org/observations/381666020,2026-07-15,India
pungam_obs_377339156_00.jpg,pungam,Pongamia pinnata,377339156,690019012,cc-by-nc,"(c) Baranidharan S, some rights reserved (CC BY-NC)",https://www.inaturalist.org/observations/377339156,2026-07-02,"3, meerambika garden, Periyamudaliyar Chavadi, Kottakuppam, Tamil Nadu 605104, India"
pungam_obs_377339156_01.jpg,pungam,Pongamia pinnata,377339156,690019048,cc-by-nc,"(c) Baranidharan S, some rights reserved (CC BY-NC)",https://www.inaturalist.org/observations/377339156,2026-07-02,"3, meerambika garden, Periyamudaliyar Chavadi, Kottakuppam, Tamil Nadu 605104, India"
pungam_obs_374655633_00.jpg,pungam,Pongamia pinnata,374655633,684819418,cc-by-nc,"(c) Prakash Narnolia, some rights reserved (CC BY-NC)",https://www.inaturalist.org/observations/374655633,2026-06-23,"WM58+HJP, Haralur, Eastwood Twp, Bengaluru, Karnataka 560102, India"
pungam_obs_373824267_00.jpg,pungam,Pongamia pinnata,373824267,683214662,cc-by-nc,"(c) Harry B, some rights reserved (CC BY-NC)",https://www.inaturalist.org/observations/373824267,2026-06-21,Chennai
pungam_obs_373477520_00.jpg,pungam,Pongamia pinnata,373477520,682554596,cc-by-nc,"(c) Prakash Narnolia, some rights reserved (CC BY-NC)",https://www.inaturalist.org/observations/373477520,2026-06-20,"Shree Sai Dham Apartments, near 14th main, 1st Avenue, Shubh Enclave, Bangalore, Haralur, Eastwood Twp, Bengaluru, Karna"
pungam_obs_373477520_01.jpg,pungam,Pongamia pinnata,373477520,684821419,cc-by-nc,"(c) Prakash Narnolia, some rights reserved (CC BY-NC)",https://www.inaturalist.org/observations/373477520,2026-06-20,"Shree Sai Dham Apartments, near 14th main, 1st Avenue, Shubh Enclave, Bangalore, Haralur, Eastwood Twp, Bengaluru, Karna"
pungam_obs_368873941_00.jpg,pungam,Pongamia pinnata,368873941,673769486,cc-by-nc,"(c) vasensuli, some rights reserved (CC BY-NC)",https://www.inaturalist.org/observations/368873941,2026-06-06,"Kumar house, 124/12, opposite Pattakaran block, needhipuram, Lakkampatti, Tamil Nadu 636303, India"
pungam_obs_366634360_00.jpg,pungam,Pongamia pinnata,366634360,669481310,cc-by-nc,"(c) Arpita Dash, some rights reserved (CC BY-NC)",https://www.inaturalist.org/observations/366634360,2026-05-29,"Mysore Road Satellite Bus Station, Byatarayanapura, Banashankari 1st Stage, Banashankari, Bengaluru, Karnataka 560026, I"
pungam_obs_365096443_00.jpg,pungam,Pongamia pinnata,365096443,666548973,cc-by,"(c) Aparna, some rights reserved (CC BY)",https://www.inaturalist.org/observations/365096443,2026-05-24,India
pungam_obs_365096443_01.jpg,pungam,Pongamia pinnata,365096443,666549356,cc-by,"(c) Aparna, some rights reserved (CC BY)",https://www.inaturalist.org/observations/365096443,2026-05-24,India
pungam_obs_367971521_00.jpg,pungam,Pongamia pinnata,367971521,672044443,cc-by-nc,"(c) Selvaganesh K, some rights reserved (CC BY-NC)",https://www.inaturalist.org/observations/367971521,2026-05-22,"Sarcarsamakulam, Tamil Nadu, IN"
pungam_obs_363022973_00.jpg,pungam,Pongamia pinnata,363022973,662630919,cc-by,"(c) Dr. Chinchu C., some rights reserved (CC BY)",https://www.inaturalist.org/observations/363022973,2026-05-19,"J628+GG4, Mulagunnathukavu, Killannur, Kerala 680581, India"
pungam_obs_363022973_01.jpg,pungam,Pongamia pinnata,363022973,662631347,cc-by,"(c) Dr. Chinchu C., some rights reserved (CC BY)",https://www.inaturalist.org/observations/363022973,2026-05-19,"J628+GG4, Mulagunnathukavu, Killannur, Kerala 680581, India"
pungam_obs_363022973_02.jpg,pungam,Pongamia pinnata,363022973,662746407,cc-by,"(c) Dr. Chinchu C., some rights reserved (CC BY)",https://www.inaturalist.org/observations/363022973,2026-05-19,"J628+GG4, Mulagunnathukavu, Killannur, Kerala 680581, India"
pungam_obs_362971162_00.jpg,pungam,Pongamia pinnata,362971162,662576175,cc-by-nc,"(c) Sharan G, some rights reserved (CC BY-NC)",https://www.inaturalist.org/observations/362971162,2026-05-19,"Coimbatore, IN-AP, IN"
pungam_obs_363066114_00.jpg,pungam,Pongamia pinnata,363066114,662710169,cc-by-nc,"(c) Arpita Dash, some rights reserved (CC BY-NC)",https://www.inaturalist.org/observations/363066114,2026-05-13,"Banana Mandi, Anjanappa Gardens, Cottonpete, Bengaluru, Karnataka 560018, India"
pungam_obs_363066114_01.jpg,pungam,Pongamia pinnata,363066114,662710228,cc-by-nc,"(c) Arpita Dash, some rights reserved (CC BY-NC)",https://www.inaturalist.org/observations/363066114,2026-05-13,"Banana Mandi, Anjanappa Gardens, Cottonpete, Bengaluru, Karnataka 560018, India"
pungam_obs_361053297_00.jpg,pungam,Pongamia pinnata,361053297,658892247,cc-by-nc,"(c) Elavarasan M, some rights reserved (CC BY-NC)",https://www.inaturalist.org/observations/361053297,2026-05-13,"M5PG+83J, Salem, Tamil Nadu 636008, India"
pungam_obs_361041618_00.jpg,pungam,Pongamia pinnata,361041618,658868958,cc-by-nc,"(c) Elavarasan M, some rights reserved (CC BY-NC)",https://www.inaturalist.org/observations/361041618,2026-05-12,Puthu eari
pungam_obs_360915691_00.jpg,pungam,Pongamia pinnata,360915691,658618224,cc-by-nc,"(c) Duraiswamy Navaneetham, some rights reserved (CC BY-NC)",https://www.inaturalist.org/observations/360915691,2026-05-12,"Kolathur, Chennai, Tamil Nadu, India"
pungam_obs_360915691_01.jpg,pungam,Pongamia pinnata,360915691,658620660,cc-by-nc,"(c) Duraiswamy Navaneetham, some rights reserved (CC BY-NC)",https://www.inaturalist.org/observations/360915691,2026-05-12,"Kolathur, Chennai, Tamil Nadu, India"
pungam_obs_358692321_00.jpg,pungam,Pongamia pinnata,358692321,654250978,cc-by-nc,"(c) gayathree, some rights reserved (CC BY-NC)",https://www.inaturalist.org/observations/358692321,2026-04-27,"Tholkapia poonga, Raja Annamalaipuram, Chennai, Tamil Nadu 600028, India"
pungam_obs_355924149_00.jpg,pungam,Pongamia pinnata,355924149,649070634,cc-by-nc,"(c) vasensuli, some rights reserved (CC BY-NC)",https://www.inaturalist.org/observations/355924149,2026-04-27,"needhipuram, lake"
pungam_obs_355077835_00.jpg,pungam,Pongamia pinnata,355077835,647686779,cc-by-nc,"(c) Selvaganesh K, some rights reserved (CC BY-NC)",https://www.inaturalist.org/observations/355077835,2026-04-27,"Coimbatore, IN-AP, IN"
pungam_obs_355537376_00.jpg,pungam,Pongamia pinnata,355537376,648388755,cc-by,"(c) Paulmathi Vinod, some rights reserved (CC BY)",https://www.inaturalist.org/observations/355537376,2026-04-27,"8FG3+96X, Kanyakumari, Tamil Nadu 629851, India"
pungam_obs_354055266_00.jpg,pungam,Pongamia pinnata,354055266,645947098,cc-by-nc,"(c) vasensuli, some rights reserved (CC BY-NC)",https://www.inaturalist.org/observations/354055266,2026-04-26,"MXQH+94R, சேலம், தமிழ் நாடு 636502, India"
pungam_obs_353508324_00.jpg,pungam,Pongamia pinnata,353508324,645002785,cc-by-nc,"(c) NARENDHRAN S R, some rights reserved (CC BY-NC)",https://www.inaturalist.org/observations/353508324,2026-04-25,"231, Ponnagaram, Pudupalaiyam, Rajapalayam, Tamil Nadu 626117, India"
pungam_obs_353508324_01.jpg,pungam,Pongamia pinnata,353508324,645002884,cc-by-nc,"(c) NARENDHRAN S R, some rights reserved (CC BY-NC)",https://www.inaturalist.org/observations/353508324,2026-04-25,"231, Ponnagaram, Pudupalaiyam, Rajapalayam, Tamil Nadu 626117, India"
pungam_obs_353508324_02.jpg,pungam,Pongamia pinnata,353508324,645002967,cc-by-nc,"(c) NARENDHRAN S R, some rights reserved (CC BY-NC)",https://www.inaturalist.org/observations/353508324,2026-04-25,"231, Ponnagaram, Pudupalaiyam, Rajapalayam, Tamil Nadu 626117, India"
pungam_obs_353508324_03.jpg,pungam,Pongamia pinnata,353508324,645003064,cc-by-nc,"(c) NARENDHRAN S R, some rights reserved (CC BY-NC)",https://www.inaturalist.org/observations/353508324,2026-04-25,"231, Ponnagaram, Pudupalaiyam, Rajapalayam, Tamil Nadu 626117, India"
pungam_obs_353275423_00.jpg,pungam,Pongamia pinnata,353275423,644632379,cc-by-nc,"(c) vasensuli, some rights reserved (CC BY-NC)",https://www.inaturalist.org/observations/353275423,2026-04-25,"M2C2+H3P, Salem, Tamil Nadu 636502, India"
pungam_obs_353228551_00.jpg,pungam,Pongamia pinnata,353228551,644552968,cc-by-nc,"(c) ram_tejas126, some rights reserved (CC BY-NC)",https://www.inaturalist.org/observations/353228551,2026-04-25,"FGFR+4PX, Thendral Nagar, Rajapalayam, Tamil Nadu 626117, India"
pungam_obs_353228551_01.jpg,pungam,Pongamia pinnata,353228551,644553119,cc-by-nc,"(c) ram_tejas126, some rights reserved (CC BY-NC)",https://www.inaturalist.org/observations/353228551,2026-04-25,"FGFR+4PX, Thendral Nagar, Rajapalayam, Tamil Nadu 626117, India"
pungam_obs_353239607_00.jpg,pungam,Pongamia pinnata,353239607,644569659,cc-by-nc,"(c) prakrti_prashanth25, some rights reserved (CC BY-NC)",https://www.inaturalist.org/observations/353239607,2026-04-25,"Chennai, Tamil Nadu, IN"
pungam_obs_353239352_00.jpg,pungam,Pongamia pinnata,353239352,644569186,cc-by-nc,"(c) prakrti_prashanth25, some rights reserved (CC BY-NC)",https://www.inaturalist.org/observations/353239352,2026-04-25,"Chennai, Tamil Nadu, IN"
pungam_obs_356124615_00.jpg,pungam,Pongamia pinnata,356124615,649430721,cc-by-nc,"(c) vipin wilfred, some rights reserved (CC BY-NC)",https://www.inaturalist.org/observations/356124615,2026-04-25,"H2CG+R5W, Vembanoor, Perumkulam, Aruvikkara, Kerala 695564, India"
pungam_obs_349935476_00.jpg,pungam,Pongamia pinnata,349935476,638416096,cc-by-nc,"(c) Elavarasan M, some rights reserved (CC BY-NC)",https://www.inaturalist.org/observations/349935476,2026-04-15,"M5RC+4VC, Ezhlil Nagar, Padaiyachi Nagar, Salem, Tamil Nadu 636008, India"
pungam_obs_349935294_00.jpg,pungam,Pongamia pinnata,349935294,638415658,cc-by-nc,"(c) Elavarasan M, some rights reserved (CC BY-NC)",https://www.inaturalist.org/observations/349935294,2026-04-15,"M5QC+V47, Syndicate Bank Colony, Padaiyachi Nagar, Periyakollappatty, Salem, Tamil Nadu 636008, India"
pungam_obs_349707842_00.jpg,pungam,Pongamia pinnata,349707842,637978440,cc-by-nc,"(c) Elavarasan M, some rights reserved (CC BY-NC)",https://www.inaturalist.org/observations/349707842,2026-04-14,"P55R+MP8, M.Palapatti, Tamil Nadu 636008, India"
pungam_obs_349402706_00.jpg,pungam,Pongamia pinnata,349402706,637371164,cc-by-nc,"(c) Bijoy Venugopal, some rights reserved (CC BY-NC)",https://www.inaturalist.org/observations/349402706,2026-04-12,"Bengaluru, Karnataka, IN"
pungam_obs_349248734_00.jpg,pungam,Pongamia pinnata,349248734,637070897,cc-by-nc,"(c) SUHANA SHAFIQUE, some rights reserved (CC BY-NC)",https://www.inaturalist.org/observations/349248734,2026-04-12,"RQWG+CH2, Anekal, Karnataka 562125, India"
pungam_obs_349248734_01.jpg,pungam,Pongamia pinnata,349248734,637070973,cc-by-nc,"(c) SUHANA SHAFIQUE, some rights reserved (CC BY-NC)",https://www.inaturalist.org/observations/349248734,2026-04-12,"RQWG+CH2, Anekal, Karnataka 562125, India"
mango_obs_398029800_00.jpg,mango,Mangifera indica,398029800,730111178,cc-by-nc,"(c) Jorly Joseph, some rights reserved (CC BY-NC)",https://www.inaturalist.org/observations/398029800,2026-09-07,"Administrative Block, St. Berchmans College Autonomous, Changanassery, Kerala 686101, India"
mango_obs_384925615_00.jpg,mango,Mangifera indica,384925615,704653262,cc-by-nc,"(c) Vidhya Swaminathan, some rights reserved (CC BY-NC)",https://www.inaturalist.org/observations/384925615,2026-07-25,Stella Maris College
mango_obs_382245355_00.jpg,mango,Mangifera indica,382245355,699506524,cc-by-nc,"(c) prameena, some rights reserved (CC BY-NC)",https://www.inaturalist.org/observations/382245355,2026-07-16,"Agnes Avenue, Nagercoil, Tamil Nadu, IN"
mango_obs_378411328_00.jpg,mango,Mangifera indica,378411328,692084549,cc-by-nc,"(c) Arpita Dash, some rights reserved (CC BY-NC)",https://www.inaturalist.org/observations/378411328,2026-07-05,"1004, Amber A, BRIGADE LAKEFRONT, 1004, Hoodi, Doddanakundi Industrial Area 2, Seetharampalya, Mahadevapura, Bengaluru, "
mango_obs_373445777_00.jpg,mango,Mangifera indica,373445777,682491096,cc-by,"(c) Kesava G., some rights reserved (CC BY)",https://www.inaturalist.org/observations/373445777,2026-06-19,"Chamrajnagar, IN-KA, IN"
mango_obs_370589858_00.jpg,mango,Mangifera indica,370589858,677025922,cc-by-nc,"(c) SOURAB KURVE, some rights reserved (CC BY-NC)",https://www.inaturalist.org/observations/370589858,2026-06-11,"Bengaluru, Karnataka, IN"
mango_obs_369281425_00.jpg,mango,Mangifera indica,369281425,674535580,cc-by-nc,"(c) ashishkumar1708, some rights reserved (CC BY-NC)",https://www.inaturalist.org/observations/369281425,2026-06-07,"Kumari Oakville, Bengaluru, Karnataka, IN"
mango_obs_369236320_00.jpg,mango,Mangifera indica,369236320,674452178,cc-by-nc,"(c) hifzaf, some rights reserved (CC BY-NC)",https://www.inaturalist.org/observations/369236320,2026-06-06,"Surf School, Sea View Road, next to Covelong, Kovalam, Tamil Nadu 603112, India"
mango_obs_369363962_00.jpg,mango,Mangifera indica,369363962,674687923,cc-by-nc,"(c) Duraiswamy Navaneetham, some rights reserved (CC BY-NC)",https://www.inaturalist.org/observations/369363962,2026-06-05,"Kudumiyamalai, Tamil Nadu 622104, India"
mango_obs_365717248_00.jpg,mango,Mangifera indica,365717248,667732679,cc-by,"(c) Dr. Chinchu C., some rights reserved (CC BY)",https://www.inaturalist.org/observations/365717248,2026-05-27,"Elavumthitta, Kerala 689625, India"
mango_obs_365424531_00.jpg,mango,Mangifera indica,365424531,667174420,cc-by-nc,"(c) Duraiswamy Navaneetham, some rights reserved (CC BY-NC)",https://www.inaturalist.org/observations/365424531,2026-05-24,"DakshinaChitra, Muthukadu, Tamil Nadu, India"
mango_obs_366690508_00.jpg,mango,Mangifera indica,366690508,669583441,cc-by-nc,"(c) shajanshaki, some rights reserved (CC BY-NC)",https://www.inaturalist.org/observations/366690508,2026-05-23,"Salem, Tamil Nadu, IN"
mango_obs_366690508_01.jpg,mango,Mangifera indica,366690508,669583443,cc-by-nc,"(c) shajanshaki, some rights reserved (CC BY-NC)",https://www.inaturalist.org/observations/366690508,2026-05-23,"Salem, Tamil Nadu, IN"
mango_obs_363279229_00.jpg,mango,Mangifera indica,363279229,663123702,cc-by-nc,"(c) Duraiswamy Navaneetham, some rights reserved (CC BY-NC)",https://www.inaturalist.org/observations/363279229,2026-05-19,"Jawahar Nagar, Perambur, Chennai, Tamil Nadu, India"
mango_obs_361961583_00.jpg,mango,Mangifera indica,361961583,660615677,cc-by-nc,"(c) pritika_m, some rights reserved (CC BY-NC)",https://www.inaturalist.org/observations/361961583,2026-05-16,"2/103C, Cholamandal Artists Village, Injambakkam, Chennai, Tamil Nadu 600115, India"
mango_obs_361961583_01.jpg,mango,Mangifera indica,361961583,660615721,cc-by-nc,"(c) pritika_m, some rights reserved (CC BY-NC)",https://www.inaturalist.org/observations/361961583,2026-05-16,"2/103C, Cholamandal Artists Village, Injambakkam, Chennai, Tamil Nadu 600115, India"
mango_obs_361696012_00.jpg,mango,Mangifera indica,361696012,660118751,cc-by-nc,"(c) Duraiswamy Navaneetham, some rights reserved (CC BY-NC)",https://www.inaturalist.org/observations/361696012,2026-05-15,"SRP Colony, Kolathur, Chennai, Tamil Nadu, India"
mango_obs_361696012_01.jpg,mango,Mangifera indica,361696012,660119172,cc-by-nc,"(c) Duraiswamy Navaneetham, some rights reserved (CC BY-NC)",https://www.inaturalist.org/observations/361696012,2026-05-15,"SRP Colony, Kolathur, Chennai, Tamil Nadu, India"
mango_obs_363065865_00.jpg,mango,Mangifera indica,363065865,662709742,cc-by-nc,"(c) Arpita Dash, some rights reserved (CC BY-NC)",https://www.inaturalist.org/observations/363065865,2026-05-13,"Bangalore, IN-KA, IN"
mango_obs_361117151_00.jpg,mango,Mangifera indica,361117151,659016930,cc-by-nc,"(c) Arpita Dash, some rights reserved (CC BY-NC)",https://www.inaturalist.org/observations/361117151,2026-05-13,"Banana Mandi, Anjanappa Gardens, Cottonpete, Bengaluru, Karnataka 560018, India"
mango_obs_361155237_00.jpg,mango,Mangifera indica,361155237,659088226,cc-by-nc,"(c) shrinivi, some rights reserved (CC BY-NC)",https://www.inaturalist.org/observations/361155237,2026-05-13,"2W7J+JGC, Tamil Nadu Agricultural University, P N Pudur, Coimbatore, Tamil Nadu 641003, India"
mango_obs_360917529_00.jpg,mango,Mangifera indica,360917529,658623159,cc-by-nc,"(c) Duraiswamy Navaneetham, some rights reserved (CC BY-NC)",https://www.inaturalist.org/observations/360917529,2026-05-12,"Anjugam Nagar, Bhuvaneshwary Nagar, Chennai, Tamil Nadu, India"
mango_obs_360484909_00.jpg,mango,Mangifera indica,360484909,657788286,cc-by,"(c) Dr. Chinchu C., some rights reserved (CC BY)",https://www.inaturalist.org/observations/360484909,2026-05-11,"7P76+5R6, Elavumthitta, Kerala 689625, India"
mango_obs_360467756_00.jpg,mango,Mangifera indica,360467756,657759109,cc-by-nc,"(c) 🪶🐾☘️Nandan Sreejith🦌🍄🌍, some rights reserved (CC BY-NC)",https://www.inaturalist.org/observations/360467756,2026-05-09,"Ambalappady, Ambalappady, Kerala 683565, India"
mango_obs_359166367_00.jpg,mango,Mangifera indica,359166367,655281675,cc-by-nc,"(c) bomby_garu, some rights reserved (CC BY-NC)",https://www.inaturalist.org/observations/359166367,2026-05-07,"East Coast Road, Chengalpattu, Tamil Nadu, IN"
mango_obs_355451074_00.jpg,mango,Mangifera indica,355451074,648249531,cc-by-nc,"(c) ᴀʀᴄʜᴀ ʙᴀʙᴜʀᴀᴊ ʀ, some rights reserved (CC BY-NC)",https://www.inaturalist.org/observations/355451074,2026-04-27,"WPJP+WQ, Kudavattoor, Kerala 691509, India"
mango_obs_355284150_00.jpg,mango,Mangifera indica,355284150,647994043,cc-by-nc,"(c) 26TNSIAG2AS191 THENMOZHI P, some rights reserved (CC BY-NC)",https://www.inaturalist.org/observations/355284150,2026-04-27,"P4R7+26Q, Mungilpadi, Tamil Nadu 636012, India"
mango_obs_356015813_00.jpg,mango,Mangifera indica,356015813,649237509,cc-by-nc,"(c) Loga Nathan, some rights reserved (CC BY-NC)",https://www.inaturalist.org/observations/356015813,2026-04-27,"2WMP+W68, Manjeeshwary Colony, Giri Nagar, K K Pudur, Coimbatore, Tamil Nadu 641030, India"
mango_obs_355276189_00.jpg,mango,Mangifera indica,355276189,647982184,cc-by-nc,"(c) snehankathiravan, some rights reserved (CC BY-NC)",https://www.inaturalist.org/observations/355276189,2026-04-27,"460/1, Indira Nagar, Jayanthi Nagar, Koundampalayam, Coimbatore, Tamil Nadu 641030, India"
mango_obs_355988139_00.jpg,mango,Mangifera indica,355988139,649188452,cc-by-nc,"(c) priyanka_7, some rights reserved (CC BY-NC)",https://www.inaturalist.org/observations/355988139,2026-04-27,Semmozhi Poonga
mango_obs_355926363_00.jpg,mango,Mangifera indica,355926363,649073780,cc-by-nc,"(c) vasensuli, some rights reserved (CC BY-NC)",https://www.inaturalist.org/observations/355926363,2026-04-27,"needhipuram, lake"
mango_obs_355927651_00.jpg,mango,Mangifera indica,355927651,649075035,cc-by-nc,"(c) vasensuli, some rights reserved (CC BY-NC)",https://www.inaturalist.org/observations/355927651,2026-04-27,"needhipuram, lake"
mango_obs_355913911_00.jpg,mango,Mangifera indica,355913911,649051211,cc-by-nc,"(c) vasensuli, some rights reserved (CC BY-NC)",https://www.inaturalist.org/observations/355913911,2026-04-27,"needhipuram, lake"
mango_obs_355117887_00.jpg,mango,Mangifera indica,355117887,647747288,cc-by-nc,"(c) deekshasree, some rights reserved (CC BY-NC)",https://www.inaturalist.org/observations/355117887,2026-04-27,"M2F3+43F, MDR439, Tamil Nadu 636502, India"
mango_obs_355117887_01.jpg,mango,Mangifera indica,355117887,647747413,cc-by-nc,"(c) deekshasree, some rights reserved (CC BY-NC)",https://www.inaturalist.org/observations/355117887,2026-04-27,"M2F3+43F, MDR439, Tamil Nadu 636502, India"
mango_obs_355154080_00.jpg,mango,Mangifera indica,355154080,647800130,cc-by-nc,"(c) Sneha Elango, some rights reserved (CC BY-NC)",https://www.inaturalist.org/observations/355154080,2026-04-27,"GXPM+RXQ, Salem, Tamil Nadu 637103, India"
mango_obs_355043865_00.jpg,mango,Mangifera indica,355043865,647630200,cc-by-nc,"(c) vasensuli, some rights reserved (CC BY-NC)",https://www.inaturalist.org/observations/355043865,2026-04-27,"RV2J+56M, Salem, Tamil Nadu 636453, India"
mango_obs_355039988_00.jpg,mango,Mangifera indica,355039988,647627942,cc-by,"(c) Dr. Chinchu C., some rights reserved (CC BY)",https://www.inaturalist.org/observations/355039988,2026-04-27,"J626+RV, Mulagunnathukavu, Killannur, Kerala 680581, India"
mango_obs_355076330_00.jpg,mango,Mangifera indica,355076330,647684539,cc-by-nc,"(c) Selvaganesh K, some rights reserved (CC BY-NC)",https://www.inaturalist.org/observations/355076330,2026-04-27,"Anantha Nagar, Coimbatore, Tamil Nadu, IN"
mango_obs_354928922_00.jpg,mango,Mangifera indica,354928922,647421811,cc-by-nc,"(c) balaji chari, some rights reserved (CC BY-NC)",https://www.inaturalist.org/observations/354928922,2026-04-27,"2/7, Lenin Nagar, Vinayagapuram, Ambattur, Chennai, Tamil Nadu 600053, India"
mango_obs_354381322_00.jpg,mango,Mangifera indica,354381322,646489416,cc-by-nc,"(c) Seema Suman, some rights reserved (CC BY-NC)",https://www.inaturalist.org/observations/354381322,2026-04-26,"PV9Q+8RP, Vamanapuram, Kerala 695606, India"
mango_obs_354404154_00.jpg,mango,Mangifera indica,354404154,646525634,cc-by-nc,"(c) jayasoorya, some rights reserved (CC BY-NC)",https://www.inaturalist.org/observations/354404154,2026-04-26,"Bhavanisagar, Tamil Nadu 638451, India"
mango_obs_354404154_01.jpg,mango,Mangifera indica,354404154,646525802,cc-by-nc,"(c) jayasoorya, some rights reserved (CC BY-NC)",https://www.inaturalist.org/observations/354404154,2026-04-26,"Bhavanisagar, Tamil Nadu 638451, India"
mango_obs_354303187_00.jpg,mango,Mangifera indica,354303187,646361952,cc-by-nc,"(c) Mariyairuthayakani Mariyairuthayakani, some rights reserved (CC BY-NC)",https://www.inaturalist.org/observations/354303187,2026-04-26,"M2F3+PR3, Salem, Tamil Nadu 636502, India"
mango_obs_354303187_01.jpg,mango,Mangifera indica,354303187,646362084,cc-by-nc,"(c) Mariyairuthayakani Mariyairuthayakani, some rights reserved (CC BY-NC)",https://www.inaturalist.org/observations/354303187,2026-04-26,"M2F3+PR3, Salem, Tamil Nadu 636502, India"
mango_obs_354303074_00.jpg,mango,Mangifera indica,354303074,646361799,cc-by-nc,"(c) Sagaya, some rights reserved (CC BY-NC)",https://www.inaturalist.org/observations/354303074,2026-04-26,"M2G3+3RV, K.R. Thoppur, Tamil Nadu 636502, India"
mango_obs_354303074_01.jpg,mango,Mangifera indica,354303074,646361922,cc-by-nc,"(c) Sagaya, some rights reserved (CC BY-NC)",https://www.inaturalist.org/observations/354303074,2026-04-26,"M2G3+3RV, K.R. Thoppur, Tamil Nadu 636502, India"
mango_obs_354324805_00.jpg,mango,Mangifera indica,354324805,646396432,cc-by-nc,"(c) gayathree, some rights reserved (CC BY-NC)",https://www.inaturalist.org/observations/354324805,2026-04-26,"7th Avenue, Chennai, Tamil Nadu, IN"
mango_obs_354225478_00.jpg,mango,Mangifera indica,354225478,646238739,cc-by-nc,"(c) aadhee, some rights reserved (CC BY-NC)",https://www.inaturalist.org/observations/354225478,2026-04-25,"Thiruvananthapuram, IN-KL, IN"
mango_obs_353470751_00.jpg,mango,Mangifera indica,353470751,644942557,cc-by-nc,"(c) aadhee, some rights reserved (CC BY-NC)",https://www.inaturalist.org/observations/353470751,2026-04-25,"Vamanapuram Kalamachal Road, Thiruvananthapuram, Kerala, IN"
mango_obs_352672345_00.jpg,mango,Mangifera indica,352672345,643620929,cc-by-nc,"(c) Afrin KP, some rights reserved (CC BY-NC)",https://www.inaturalist.org/observations/352672345,2026-04-24,"SAFNU STORES, FX2X+C2R, Market Junction, Santhivila, Kurumi, Kerala 695020, India"
mango_obs_352506641_00.jpg,mango,Mangifera indica,352506641,643389194,cc-by-nc,"(c) Selvaganesh K, some rights reserved (CC BY-NC)",https://www.inaturalist.org/observations/352506641,2026-04-24,"Coimbatore, IN-AP, IN"
mango_obs_352506663_00.jpg,mango,Mangifera indica,352506663,643389232,cc-by-nc,"(c) Selvaganesh K, some rights reserved (CC BY-NC)",https://www.inaturalist.org/observations/352506663,2026-04-24,"Coimbatore, IN-AP, IN"
mango_obs_356808666_00.jpg,mango,Mangifera indica,356808666,650705386,cc-by-nc,"(c) Roshanth, some rights reserved (CC BY-NC)",https://www.inaturalist.org/observations/356808666,2026-04-23,"Urapakkam, Tamil Nadu, India"
mango_obs_356808666_01.jpg,mango,Mangifera indica,356808666,650705409,cc-by-nc,"(c) Roshanth, some rights reserved (CC BY-NC)",https://www.inaturalist.org/observations/356808666,2026-04-23,"Urapakkam, Tamil Nadu, India"
mango_obs_356808666_02.jpg,mango,Mangifera indica,356808666,650705414,cc-by-nc,"(c) Roshanth, some rights reserved (CC BY-NC)",https://www.inaturalist.org/observations/356808666,2026-04-23,"Urapakkam, Tamil Nadu, India"
mango_obs_351914376_00.jpg,mango,Mangifera indica,351914376,642266324,cc-by-nc,"(c) timotto96, some rights reserved (CC BY-NC)",https://www.inaturalist.org/observations/351914376,2026-04-22,Chikkaballapur
mango_obs_350726968_00.jpg,mango,Mangifera indica,350726968,639969242,cc-by-nc,"(c) Poornima Menon, some rights reserved (CC BY-NC)",https://www.inaturalist.org/observations/350726968,2026-04-18,"WM7P+PQ2 Wipro Corporate Office Block-1, WIpro Corporate Office, Kaikondrahalli, Bengaluru, Karnataka 560035, India"
mango_obs_350725761_00.jpg,mango,Mangifera indica,350725761,639967018,cc-by-nc,"(c) ved parkash sharma, some rights reserved (CC BY-NC)",https://www.inaturalist.org/observations/350725761,2026-04-18,"WIpro Corporate Office, Kaikondrahalli, Bengaluru, Karnataka 560035, India"
mango_obs_347310243_00.jpg,mango,Mangifera indica,347310243,633233808,cc-by-nc,"(c) Santhi Keralassery, some rights reserved (CC BY-NC)",https://www.inaturalist.org/observations/347310243,2026-04-04,"Palakkad, IN-KL, IN"
tamarind_obs_402397656_00.jpg,tamarind,Tamarindus indica,402397656,738710521,cc-by-nc,"(c) Dharna, some rights reserved (CC BY-NC)",https://www.inaturalist.org/observations/402397656,2026-09-22,"23WX+MJ Wayakaad Farm House, MuthugoundanPudur, Tamil Nadu 641402, India"
tamarind_obs_402397656_01.jpg,tamarind,Tamarindus indica,402397656,738710545,cc-by-nc,"(c) Dharna, some rights reserved (CC BY-NC)",https://www.inaturalist.org/observations/402397656,2026-09-22,"23WX+MJ Wayakaad Farm House, MuthugoundanPudur, Tamil Nadu 641402, India"
tamarind_obs_402397656_02.jpg,tamarind,Tamarindus indica,402397656,738710565,cc-by-nc,"(c) Dharna, some rights reserved (CC BY-NC)",https://www.inaturalist.org/observations/402397656,2026-09-22,"23WX+MJ Wayakaad Farm House, MuthugoundanPudur, Tamil Nadu 641402, India"
tamarind_obs_402397656_03.jpg,tamarind,Tamarindus indica,402397656,738710596,cc-by-nc,"(c) Dharna, some rights reserved (CC BY-NC)",https://www.inaturalist.org/observations/402397656,2026-09-22,"23WX+MJ Wayakaad Farm House, MuthugoundanPudur, Tamil Nadu 641402, India"
tamarind_obs_398761255_00.jpg,tamarind,Tamarindus indica,398761255,731532916,cc-by-nc,"(c) Divine Rose Sebastian, some rights reserved (CC BY-NC)",https://www.inaturalist.org/observations/398761255,2026-09-09,"S.N. College Cherthala, Kanjikuzhy, Kanichukulangara, Kerala 688523, India"
tamarind_obs_398761255_01.jpg,tamarind,Tamarindus indica,398761255,731533163,cc-by-nc,"(c) Divine Rose Sebastian, some rights reserved (CC BY-NC)",https://www.inaturalist.org/observations/398761255,2026-09-09,"S.N. College Cherthala, Kanjikuzhy, Kanichukulangara, Kerala 688523, India"
tamarind_obs_389920323_00.jpg,tamarind,Tamarindus indica,389920323,714289272,cc-by-nc,"(c) Julie George OFFICE OF ACADEMIC SUPPORT, some rights reserved (CC BY-NC)",https://www.inaturalist.org/observations/389920323,2026-08-05,"VC6Q+WMR, K.G.Kanaminake, Karnataka 560074, India"
tamarind_obs_384925613_00.jpg,tamarind,Tamarindus indica,384925613,704653252,cc-by-nc,"(c) Vidhya Swaminathan, some rights reserved (CC BY-NC)",https://www.inaturalist.org/observations/384925613,2026-07-25,Stella Maris College
tamarind_obs_383336935_00.jpg,tamarind,Tamarindus indica,383336935,701567104,cc-by-nc,"(c) Vidhya Swaminathan, some rights reserved (CC BY-NC)",https://www.inaturalist.org/observations/383336935,2026-07-20,Stella Maris College
tamarind_obs_382845075_00.jpg,tamarind,Tamarindus indica,382845075,700655252,cc-by-nc,"(c) Vijay Anand Ismavel, some rights reserved (CC BY-NC)",https://www.inaturalist.org/observations/382845075,2026-07-19,"Nadar Bazaar Road, Kamuthi, Tamil Nadu, IN"
tamarind_obs_382845075_01.jpg,tamarind,Tamarindus indica,382845075,700655330,cc-by-nc,"(c) Vijay Anand Ismavel, some rights reserved (CC BY-NC)",https://www.inaturalist.org/observations/382845075,2026-07-19,"Nadar Bazaar Road, Kamuthi, Tamil Nadu, IN"
tamarind_obs_384753927_00.jpg,tamarind,Tamarindus indica,384753927,704332772,cc-by-nc,"(c) Duraiswamy Navaneetham, some rights reserved (CC BY-NC)",https://www.inaturalist.org/observations/384753927,2026-07-18,"Ponnavarayankottai Ukkadai, Tamil Nadu, India"
tamarind_obs_382246016_00.jpg,tamarind,Tamarindus indica,382246016,699507540,cc-by-nc,"(c) prameena, some rights reserved (CC BY-NC)",https://www.inaturalist.org/observations/382246016,2026-07-15,"Kanniyakumari, Tamil Nadu, IN"
tamarind_obs_376720193_00.jpg,tamarind,Tamarindus indica,376720193,688821868,cc-by-nc,"(c) George Augustian, some rights reserved (CC BY-NC)",https://www.inaturalist.org/observations/376720193,2026-06-30,"Melakottaiyur, Chennai, Tamil Nadu, IN"
tamarind_obs_376720193_01.jpg,tamarind,Tamarindus indica,376720193,688821924,cc-by-nc,"(c) George Augustian, some rights reserved (CC BY-NC)",https://www.inaturalist.org/observations/376720193,2026-06-30,"Melakottaiyur, Chennai, Tamil Nadu, IN"
tamarind_obs_376720193_02.jpg,tamarind,Tamarindus indica,376720193,688821959,cc-by-nc,"(c) George Augustian, some rights reserved (CC BY-NC)",https://www.inaturalist.org/observations/376720193,2026-06-30,"Melakottaiyur, Chennai, Tamil Nadu, IN"
tamarind_obs_376720193_03.jpg,tamarind,Tamarindus indica,376720193,688822005,cc-by-nc,"(c) George Augustian, some rights reserved (CC BY-NC)",https://www.inaturalist.org/observations/376720193,2026-06-30,"Melakottaiyur, Chennai, Tamil Nadu, IN"
tamarind_obs_376720193_04.jpg,tamarind,Tamarindus indica,376720193,688822048,cc-by-nc,"(c) George Augustian, some rights reserved (CC BY-NC)",https://www.inaturalist.org/observations/376720193,2026-06-30,"Melakottaiyur, Chennai, Tamil Nadu, IN"
tamarind_obs_377176426_00.jpg,tamarind,Tamarindus indica,377176426,689692922,cc-by-nc,"(c) Vidhya Swaminathan, some rights reserved (CC BY-NC)",https://www.inaturalist.org/observations/377176426,2026-06-24,Stella Maris College
tamarind_obs_377176425_00.jpg,tamarind,Tamarindus indica,377176425,689692631,cc-by-nc,"(c) Vidhya Swaminathan, some rights reserved (CC BY-NC)",https://www.inaturalist.org/observations/377176425,2026-06-24,Stella Maris College
tamarind_obs_377176425_01.jpg,tamarind,Tamarindus indica,377176425,689692924,cc-by-nc,"(c) Vidhya Swaminathan, some rights reserved (CC BY-NC)",https://www.inaturalist.org/observations/377176425,2026-06-24,Stella Maris College
tamarind_obs_371525025_00.jpg,tamarind,Tamarindus indica,371525025,678813244,cc-by-nc,"(c) shivaprakash, some rights reserved (CC BY-NC)",https://www.inaturalist.org/observations/371525025,2026-06-14,"Huyilalu, Mysuru Dt"
tamarind_obs_372144259_00.jpg,tamarind,Tamarindus indica,372144259,680003239,cc-by-nc,"(c) Elavarasan M, some rights reserved (CC BY-NC)",https://www.inaturalist.org/observations/372144259,2026-06-13,"M5WX+95C, Mannarpalayam, Kannankurichi, Salem, Tamil Nadu 636008, India"
tamarind_obs_372481125_00.jpg,tamarind,Tamarindus indica,372481125,680647923,cc-by-nc,"(c) K P Akilan, some rights reserved (CC BY-NC)",https://www.inaturalist.org/observations/372481125,2026-06-12,"Ottapparai, Tamil Nadu 638051, India"
