scientific_name,valparai_anamalai,anam_trees,barkvisionai,plantclef,total_images,license_status,training_ready
Acalypha spiciflora,TRUE,TRUE,FALSE,FALSE,0,CC-BY-4.0,FALSE
Acrocarpus fraxinifolius,FALSE,TRUE,FALSE,FALSE,0,CC-BY-4.0,FALSE
Acronychia pedunculata,TRUE,TRUE,FALSE,FALSE,0,CC-BY-4.0,FALSE
Actephila excelsa,FALSE,TRUE,FALSE,FALSE,0,CC-BY-4.0,FALSE
Actinodaphne,FALSE,TRUE,FALSE,FALSE,0,CC-BY-4.0,FALSE
Actinodaphne angustifolia,FALSE,TRUE,FALSE,FALSE,0,CC-BY-4.0,FALSE
Actinodaphne bourdillonii,TRUE,TRUE,FALSE,FALSE,0,CC-BY-4.0,FALSE
Actinodaphne tadulingamii,TRUE,TRUE,FALSE,FALSE,0,CC-BY-4.0,FALSE
Actinodaphne wightiana,TRUE,TRUE,FALSE,FALSE,0,CC-BY-4.0,FALSE
Aesculus indica,FALSE,FALSE,TRUE,FALSE,3000,CC-BY-4.0,FALSE
Ageratina sp,TRUE,FALSE,FALSE,FALSE,0,CC-BY-4.0,FALSE
Ageratum conyzoides,TRUE,TRUE,FALSE,FALSE,0,CC-BY-4.0,FALSE
Aglaia,FALSE,TRUE,FALSE,FALSE,0,CC-BY-4.0,FALSE
Aglaia elaeagnoidea,TRUE,TRUE,FALSE,FALSE,0,CC-BY-4.0,FALSE
Aglaia exstipulata,TRUE,TRUE,FALSE,FALSE,0,CC-BY-4.0,FALSE
Aglaia lawii,TRUE,TRUE,FALSE,FALSE,0,CC-BY-4.0,FALSE
Aglaia simplicifolia,TRUE,TRUE,FALSE,FALSE,0,CC-BY-4.0,FALSE
Aglaia tomentosa,TRUE,TRUE,FALSE,FALSE,0,CC-BY-4.0,FALSE
Agrostistachys borneensis,TRUE,TRUE,FALSE,FALSE,0,CC-BY-4.0,FALSE
Agrostistachys indica,TRUE,TRUE,FALSE,FALSE,0,CC-BY-4.0,FALSE
Ailanthus triphysa,TRUE,FALSE,FALSE,FALSE,0,CC-BY-4.0,FALSE
Alangium salviifolium,FALSE,TRUE,FALSE,FALSE,0,CC-BY-4.0,FALSE
Albizia,FALSE,TRUE,FALSE,FALSE,0,CC-BY-4.0,FALSE
Albizia odoratissima,FALSE,TRUE,FALSE,FALSE,0,CC-BY-4.0,FALSE
Allophylus,FALSE,TRUE,FALSE,FALSE,0,CC-BY-4.0,FALSE
Allophylus cobbe,TRUE,TRUE,FALSE,FALSE,0,CC-BY-4.0,FALSE
Allophylus serratus,FALSE,TRUE,FALSE,FALSE,0,CC-BY-4.0,FALSE
Alseodaphne semecarpifolia,FALSE,TRUE,FALSE,FALSE,0,CC-BY-4.0,FALSE
Alstonia scholaris,TRUE,TRUE,FALSE,FALSE,0,CC-BY-4.0,FALSE
Anacolosa densiflora,TRUE,TRUE,FALSE,FALSE,0,CC-BY-4.0,FALSE
Anamirta cocculus,FALSE,TRUE,FALSE,FALSE,0,CC-BY-4.0,FALSE
Ancistrocladus heyneanus,TRUE,TRUE,FALSE,FALSE,0,CC-BY-4.0,FALSE
Angiopteris evecta,FALSE,TRUE,FALSE,FALSE,0,CC-BY-4.0,FALSE
Anodendron parviflorum,FALSE,TRUE,FALSE,FALSE,0,CC-BY-4.0,FALSE
Antiaris toxicaria,FALSE,TRUE,FALSE,FALSE,0,CC-BY-4.0,FALSE
Antidesma acidum,FALSE,TRUE,FALSE,FALSE,0,CC-BY-4.0,FALSE
Antidesma alexiteria,FALSE,TRUE,FALSE,FALSE,0,CC-BY-4.0,FALSE
Antidesma montanum,TRUE,TRUE,FALSE,FALSE,0,CC-BY-4.0,FALSE
Antistrophe serratifolia,FALSE,TRUE,FALSE,FALSE,0,CC-BY-4.0,FALSE
Aphanamixis polystachya,TRUE,TRUE,FALSE,FALSE,0,CC-BY-4.0,FALSE
Apodytes dimidiata,FALSE,TRUE,FALSE,FALSE,0,CC-BY-4.0,FALSE
Apollonias arnottii,TRUE,TRUE,FALSE,FALSE,0,CC-BY-4.0,FALSE
Aporosa,FALSE,TRUE,FALSE,FALSE,0,CC-BY-4.0,FALSE
Aporosa cardiosperma,TRUE,TRUE,FALSE,FALSE,0,CC-BY-4.0,FALSE
Aporosa fusiformis,FALSE,TRUE,FALSE,FALSE,0,CC-BY-4.0,FALSE
Aporosa indoacuminata,TRUE,TRUE,FALSE,FALSE,0,CC-BY-4.0,FALSE
Archidendron bigeminum,TRUE,TRUE,FALSE,FALSE,0,CC-BY-4.0,FALSE
Archidendron clypearia,FALSE,TRUE,FALSE,FALSE,0,CC-BY-4.0,FALSE
Ardisia humilis,FALSE,TRUE,FALSE,FALSE,0,CC-BY-4.0,FALSE
Ardisia pauciflora,TRUE,TRUE,FALSE,FALSE,0,CC-BY-4.0,FALSE
Ardisia sonchifolia,TRUE,FALSE,FALSE,FALSE,0,CC-BY-4.0,FALSE
Arenga wightii,FALSE,TRUE,FALSE,FALSE,0,CC-BY-4.0,FALSE
Aristolochia acuminata,FALSE,TRUE,FALSE,FALSE,0,CC-BY-4.0,FALSE
Artabotrys zeylanicus,FALSE,TRUE,FALSE,FALSE,0,CC-BY-4.0,FALSE
Artemisia vulgaris,FALSE,TRUE,FALSE,FALSE,0,CC-BY-4.0,FALSE
Artocarpus,FALSE,TRUE,FALSE,FALSE,0,CC-BY-4.0,FALSE
Artocarpus gomezianus,FALSE,TRUE,FALSE,FALSE,0,CC-BY-4.0,FALSE
Artocarpus heterophyllus,TRUE,TRUE,FALSE,FALSE,0,CC-BY-4.0,FALSE
Artocarpus hirsutus,TRUE,TRUE,FALSE,FALSE,0,CC-BY-4.0,FALSE
Atalantia racemosa,TRUE,TRUE,FALSE,FALSE,0,CC-BY-4.0,FALSE
Atalantia wightii,TRUE,TRUE,FALSE,FALSE,0,CC-BY-4.0,FALSE
Baccaurea courtallensis,TRUE,TRUE,FALSE,FALSE,0,CC-BY-4.0,FALSE
Bambusa,FALSE,TRUE,FALSE,FALSE,0,CC-BY-4.0,FALSE
Barleria courtallica,FALSE,TRUE,FALSE,FALSE,0,CC-BY-4.0,FALSE
Barringtonia acutangula,FALSE,TRUE,FALSE,FALSE,0,CC-BY-4.0,FALSE
Bauhinia phoenicea,FALSE,TRUE,FALSE,FALSE,0,CC-BY-4.0,FALSE
Begonia,FALSE,TRUE,FALSE,FALSE,0,CC-BY-4.0,FALSE
Beilschmiedia dalzellii,TRUE,TRUE,FALSE,FALSE,0,CC-BY-4.0,FALSE
Beilschmiedia wightii,TRUE,TRUE,FALSE,FALSE,0,CC-BY-4.0,FALSE
Bhesa indica,TRUE,TRUE,FALSE,FALSE,0,CC-BY-4.0,FALSE
Bischofia javanica,TRUE,TRUE,FALSE,FALSE,0,CC-BY-4.0,FALSE
Blachia umbellata,FALSE,TRUE,FALSE,FALSE,0,CC-BY-4.0,FALSE
Boehmeria depauperata,FALSE,TRUE,FALSE,FALSE,0,CC-BY-4.0,FALSE
Bombax ceiba,TRUE,TRUE,FALSE,FALSE,0,CC-BY-4.0,FALSE
Bougainvillea,FALSE,TRUE,FALSE,FALSE,0,CC-BY-4.0,FALSE
Breynia,FALSE,TRUE,FALSE,FALSE,0,CC-BY-4.0,FALSE
Breynia vitis-idaea,TRUE,TRUE,FALSE,FALSE,0,CC-BY-4.0,FALSE
Bridelia stipularis,FALSE,TRUE,FALSE,FALSE,0,CC-BY-4.0,FALSE
Buchanania lanzan,FALSE,FALSE,TRUE,FALSE,3000,CC-BY-4.0,FALSE
Calamus,FALSE,TRUE,FALSE,FALSE,0,CC-BY-4.0,FALSE
Callicarpa candicans,FALSE,TRUE,FALSE,FALSE,0,CC-BY-4.0,FALSE
Callicarpa tomentosa,TRUE,TRUE,FALSE,FALSE,0,CC-BY-4.0,FALSE
Calophyllum apetalum,FALSE,TRUE,FALSE,FALSE,0,CC-BY-4.0,FALSE
Calophyllum austroindicum,TRUE,TRUE,FALSE,FALSE,0,CC-BY-4.0,FALSE
Calophyllum polyanthum,TRUE,TRUE,FALSE,FALSE,0,CC-BY-4.0,FALSE
Camellia sinensis,TRUE,FALSE,FALSE,FALSE,0,CC-BY-4.0,FALSE
Canarium strictum,TRUE,TRUE,FALSE,FALSE,0,CC-BY-4.0,FALSE
Cansjera rheedei,FALSE,TRUE,FALSE,FALSE,0,CC-BY-4.0,FALSE
Canthium rheedei,FALSE,TRUE,FALSE,FALSE,0,CC-BY-4.0,FALSE
Canthium travancoricum,FALSE,TRUE,FALSE,FALSE,0,CC-BY-4.0,FALSE
Capparis moonii,FALSE,TRUE,FALSE,FALSE,0,CC-BY-4.0,FALSE
Carallia brachiata,FALSE,TRUE,FALSE,FALSE,0,CC-BY-4.0,FALSE
Carissa,FALSE,TRUE,FALSE,FALSE,0,CC-BY-4.0,FALSE
Carissa spinarum,FALSE,TRUE,FALSE,FALSE,0,CC-BY-4.0,FALSE
Caryota urens,TRUE,TRUE,FALSE,FALSE,0,CC-BY-4.0,FALSE
Casearia championii,FALSE,TRUE,FALSE,FALSE,0,CC-BY-4.0,FALSE
Casearia graveolens,FALSE,TRUE,FALSE,FALSE,0,CC-BY-4.0,FALSE
Casearia rubescens,TRUE,TRUE,FALSE,FALSE,0,CC-BY-4.0,FALSE
Casearia zeylanica,FALSE,TRUE,FALSE,FALSE,0,CC-BY-4.0,FALSE
Cassia fistula,FALSE,TRUE,FALSE,FALSE,0,CC-BY-4.0,FALSE
Casuarina equisetifolia,TRUE,FALSE,FALSE,FALSE,0,CC-BY-4.0,FALSE
Catunaregam spinosa,FALSE,TRUE,FALSE,FALSE,0,CC-BY-4.0,FALSE
Cedrus deodara,FALSE,FALSE,TRUE,FALSE,3000,CC-BY-4.0,FALSE
Celtis,FALSE,TRUE,FALSE,FALSE,0,CC-BY-4.0,FALSE
Celtis timorensis,FALSE,TRUE,FALSE,FALSE,0,CC-BY-4.0,FALSE
Chassalia curviflora,FALSE,TRUE,FALSE,FALSE,0,CC-BY-4.0,FALSE
Chilocarpus denudatus,FALSE,TRUE,FALSE,FALSE,0,CC-BY-4.0,FALSE
Chionanthus,FALSE,TRUE,FALSE,FALSE,0,CC-BY-4.0,FALSE
Chionanthus courtallensis,TRUE,FALSE,FALSE,FALSE,0,CC-BY-4.0,FALSE
Chionanthus mala-elengi,TRUE,TRUE,FALSE,FALSE,0,CC-BY-4.0,FALSE
Chionanthus malabaricus,FALSE,TRUE,FALSE,FALSE,0,CC-BY-4.0,FALSE
Chionanthus ramiflorus,TRUE,TRUE,FALSE,FALSE,0,CC-BY-4.0,FALSE
Chromolaena odorata,TRUE,FALSE,FALSE,FALSE,0,CC-BY-4.0,FALSE
Chukrasia tabularis,TRUE,TRUE,FALSE,FALSE,0,CC-BY-4.0,FALSE
Cinnamomum,FALSE,TRUE,FALSE,FALSE,0,CC-BY-4.0,FALSE
Cinnamomum heyneanum,FALSE,TRUE,FALSE,FALSE,0,CC-BY-4.0,FALSE
Cinnamomum macrocarpum,FALSE,TRUE,FALSE,FALSE,0,CC-BY-4.0,FALSE
Cinnamomum malabatrum,TRUE,TRUE,FALSE,FALSE,0,CC-BY-4.0,FALSE
Cinnamomum sulphuratum,FALSE,TRUE,FALSE,FALSE,0,CC-BY-4.0,FALSE
Cinnamomum verum,TRUE,TRUE,FALSE,FALSE,0,CC-BY-4.0,FALSE
Cinnamomum wightii,FALSE,TRUE,FALSE,FALSE,0,CC-BY-4.0,FALSE
Cipadessa baccifera,FALSE,TRUE,FALSE,FALSE,0,CC-BY-4.0,FALSE
Citrus,FALSE,TRUE,FALSE,FALSE,0,CC-BY-4.0,FALSE
Clausena,FALSE,TRUE,FALSE,FALSE,0,CC-BY-4.0,FALSE
Clausena anisata,TRUE,TRUE,FALSE,FALSE,0,CC-BY-4.0,FALSE
Clausena indica,TRUE,TRUE,FALSE,FALSE,0,CC-BY-4.0,FALSE
Clematis smilacifolia,FALSE,TRUE,FALSE,FALSE,0,CC-BY-4.0,FALSE
Clerodendrum infortunatum,TRUE,TRUE,FALSE,FALSE,0,CC-BY-4.0,FALSE
Coffea arabica,TRUE,FALSE,FALSE,FALSE,0,CC-BY-4.0,FALSE
Coffea canephora,TRUE,TRUE,FALSE,FALSE,0,CC-BY-4.0,FALSE
Colebrookea oppositifolia,TRUE,TRUE,FALSE,FALSE,0,CC-BY-4.0,FALSE
Combretum latifolium,FALSE,TRUE,FALSE,FALSE,0,CC-BY-4.0,FALSE
Connarus,FALSE,TRUE,FALSE,FALSE,0,CC-BY-4.0,FALSE
Cordia,FALSE,TRUE,FALSE,FALSE,0,CC-BY-4.0,FALSE
Cordia dichotoma,FALSE,TRUE,FALSE,FALSE,0,CC-BY-4.0,FALSE
Croton,FALSE,TRUE,FALSE,FALSE,0,CC-BY-4.0,FALSE
Croton aromaticus,TRUE,TRUE,FALSE,FALSE,0,CC-BY-4.0,FALSE
Croton caudatus,FALSE,TRUE,FALSE,FALSE,0,CC-BY-4.0,FALSE
Croton malabaricus,TRUE,TRUE,FALSE,FALSE,0,CC-BY-4.0,FALSE
Croton zeylanicus,TRUE,TRUE,FALSE,FALSE,0,CC-BY-4.0,FALSE
Cryptocarya,FALSE,TRUE,FALSE,FALSE,0,CC-BY-4.0,FALSE
Cryptocarya anamalayana,TRUE,TRUE,FALSE,FALSE,0,CC-BY-4.0,FALSE
Cryptocarya lawsonii,TRUE,TRUE,FALSE,FALSE,0,CC-BY-4.0,FALSE
Cryptocarya wightiana,TRUE,TRUE,FALSE,FALSE,0,CC-BY-4.0,FALSE
Cullenia exarillata,TRUE,TRUE,FALSE,FALSE,0,CC-BY-4.0,FALSE
Cyathocalyx zeylanicus,FALSE,TRUE,FALSE,FALSE,0,CC-BY-4.0,FALSE
Cyclea peltata,TRUE,FALSE,FALSE,FALSE,0,CC-BY-4.0,FALSE
Dalbergia,FALSE,TRUE,FALSE,FALSE,0,CC-BY-4.0,FALSE
Dalbergia latifolia,FALSE,TRUE,FALSE,FALSE,0,CC-BY-4.0,FALSE
Daphniphyllum neilgherrense,FALSE,TRUE,FALSE,FALSE,0,CC-BY-4.0,FALSE
Debregeasia longifolia,TRUE,TRUE,FALSE,FALSE,0,CC-BY-4.0,FALSE
Dendrocnide sinuata,TRUE,TRUE,FALSE,FALSE,0,CC-BY-4.0,FALSE
Derris,FALSE,TRUE,FALSE,FALSE,0,CC-BY-4.0,FALSE
Desmos chinensis,FALSE,TRUE,FALSE,FALSE,0,CC-BY-4.0,FALSE
Dichapetalum gelonioides,TRUE,TRUE,FALSE,FALSE,0,CC-BY-4.0,FALSE
Dillenia pentagyna,FALSE,TRUE,FALSE,FALSE,0,CC-BY-4.0,FALSE
Dimocarpus longan,TRUE,TRUE,FALSE,FALSE,0,CC-BY-4.0,FALSE
Diospyros bourdillonii,FALSE,TRUE,FALSE,FALSE,0,CC-BY-4.0,FALSE
Diospyros buxifolia,FALSE,TRUE,FALSE,FALSE,0,CC-BY-4.0,FALSE
Diospyros ebenum,FALSE,TRUE,FALSE,FALSE,0,CC-BY-4.0,FALSE
Diospyros ghatensis,TRUE,TRUE,FALSE,FALSE,0,CC-BY-4.0,FALSE
Diospyros montana,FALSE,TRUE,FALSE,FALSE,0,CC-BY-4.0,FALSE
Diospyros nilagirica,TRUE,TRUE,FALSE,FALSE,0,CC-BY-4.0,FALSE
Diospyros ovalifolia,FALSE,TRUE,FALSE,FALSE,0,CC-BY-4.0,FALSE
Diospyros paniculata,TRUE,TRUE,FALSE,FALSE,0,CC-BY-4.0,FALSE
Diospyros sylvatica,TRUE,TRUE,FALSE,FALSE,0,CC-BY-4.0,FALSE
Diploclisia glaucescens,FALSE,TRUE,FALSE,FALSE,0,CC-BY-4.0,FALSE
Dipterocarpus bourdillonii,FALSE,TRUE,FALSE,FALSE,0,CC-BY-4.0,FALSE
Dipterocarpus indicus,FALSE,TRUE,FALSE,FALSE,0,CC-BY-4.0,FALSE
Discospermum apiocarpum,TRUE,TRUE,FALSE,FALSE,0,CC-BY-4.0,FALSE
Discospermum sphaerocarpum,FALSE,TRUE,FALSE,FALSE,0,CC-BY-4.0,FALSE
Donella lanceolata,TRUE,TRUE,FALSE,FALSE,0,CC-BY-4.0,FALSE
Drypetes confertiflora,TRUE,TRUE,FALSE,FALSE,0,CC-BY-4.0,FALSE
Drypetes malabarica,TRUE,TRUE,FALSE,FALSE,0,CC-BY-4.0,FALSE
Drypetes oblongifolia,TRUE,TRUE,FALSE,FALSE,0,CC-BY-4.0,FALSE
Drypetes wightii,TRUE,TRUE,FALSE,FALSE,0,CC-BY-4.0,FALSE
Duabanga grandiflora,FALSE,TRUE,FALSE,FALSE,0,CC-BY-4.0,FALSE
Duranta erecta,TRUE,FALSE,FALSE,FALSE,0,CC-BY-4.0,FALSE
Dysoxylum ficiforme,FALSE,TRUE,FALSE,FALSE,0,CC-BY-4.0,FALSE
Dysoxylum gotadhora,TRUE,TRUE,FALSE,FALSE,0,CC-BY-4.0,FALSE
Dysoxylum malabaricum,TRUE,TRUE,FALSE,FALSE,0,CC-BY-4.0,FALSE
Ehretia aspera,FALSE,TRUE,FALSE,FALSE,0,CC-BY-4.0,FALSE
Elaeagnus,FALSE,TRUE,FALSE,FALSE,0,CC-BY-4.0,FALSE
Elaeagnus conferta,FALSE,TRUE,FALSE,FALSE,0,CC-BY-4.0,FALSE
Elaeagnus latifolia,FALSE,TRUE,FALSE,FALSE,0,CC-BY-4.0,FALSE
Elaeocarpus munroii,TRUE,TRUE,FALSE,FALSE,0,CC-BY-4.0,FALSE
Elaeocarpus serratus,TRUE,TRUE,FALSE,FALSE,0,CC-BY-4.0,FALSE
Elaeocarpus tuberculatus,TRUE,TRUE,FALSE,FALSE,0,CC-BY-4.0,FALSE
Elaeocarpus weibelii,FALSE,TRUE,FALSE,FALSE,0,CC-BY-4.0,FALSE
Elaeodendron glaucum,FALSE,TRUE,FALSE,FALSE,0,CC-BY-4.0,FALSE
Elaeodendron paniculatum,FALSE,TRUE,FALSE,FALSE,0,CC-BY-4.0,FALSE
Embelia ribes,FALSE,TRUE,FALSE,FALSE,0,CC-BY-4.0,FALSE
Emblica anamalayanus,TRUE,FALSE,FALSE,FALSE,0,CC-BY-4.0,FALSE
Entada phaseoloides,FALSE,TRUE,FALSE,FALSE,0,CC-BY-4.0,FALSE
Epiprinus mallotiformis,TRUE,TRUE,FALSE,FALSE,0,CC-BY-4.0,FALSE
Erycibe paniculata,FALSE,TRUE,FALSE,FALSE,0,CC-BY-4.0,FALSE
Erythrina,FALSE,TRUE,FALSE,FALSE,0,CC-BY-4.0,FALSE
Erythrina stricta,FALSE,TRUE,FALSE,FALSE,0,CC-BY-4.0,FALSE
Erythrina subumbrans,TRUE,TRUE,FALSE,FALSE,0,CC-BY-4.0,FALSE
Erythrina variegata,TRUE,TRUE,FALSE,FALSE,0,CC-BY-4.0,FALSE
Erythropalum scandens,TRUE,TRUE,FALSE,FALSE,0,CC-BY-4.0,FALSE
Erythroxylum,FALSE,TRUE,FALSE,FALSE,0,CC-BY-4.0,FALSE
Erythroxylum moonii,FALSE,TRUE,FALSE,FALSE,0,CC-BY-4.0,FALSE
Eucalyptus,FALSE,TRUE,FALSE,FALSE,0,CC-BY-4.0,FALSE
Eucalyptus globulus,FALSE,FALSE,TRUE,FALSE,3000,CC-BY-4.0,TRUE
Eugenia,FALSE,TRUE,FALSE,FALSE,0,CC-BY-4.0,FALSE
Eugenia thwaitesii,FALSE,TRUE,FALSE,FALSE,0,CC-BY-4.0,FALSE
Euonymus crenulatus,FALSE,TRUE,FALSE,FALSE,0,CC-BY-4.0,FALSE
Excoecaria oppositifolia,TRUE,TRUE,FALSE,FALSE,0,CC-BY-4.0,FALSE
Fagraea ceilanica,FALSE,TRUE,FALSE,FALSE,0,CC-BY-4.0,FALSE
Falcataria falcata,FALSE,TRUE,FALSE,FALSE,0,CC-BY-4.0,FALSE
Falconeria insignis,FALSE,TRUE,FALSE,FALSE,0,CC-BY-4.0,FALSE
Ficus,FALSE,TRUE,FALSE,FALSE,0,CC-BY-4.0,FALSE
Ficus amplissima,TRUE,TRUE,FALSE,FALSE,0,CC-BY-4.0,FALSE
Ficus beddomei,TRUE,TRUE,FALSE,FALSE,0,CC-BY-4.0,FALSE
Ficus callosa,TRUE,TRUE,FALSE,FALSE,0,CC-BY-4.0,FALSE
Ficus drupacea,FALSE,TRUE,FALSE,FALSE,0,CC-BY-4.0,FALSE
Ficus exasperata,TRUE,TRUE,FALSE,FALSE,0,CC-BY-4.0,FALSE
Ficus hispida,TRUE,TRUE,FALSE,FALSE,0,CC-BY-4.0,FALSE
Ficus microcarpa,TRUE,TRUE,FALSE,FALSE,0,CC-BY-4.0,FALSE
Ficus nervosa,TRUE,TRUE,FALSE,FALSE,0,CC-BY-4.0,FALSE
Ficus racemosa,TRUE,TRUE,FALSE,FALSE,0,CC-BY-4.0,FALSE
Ficus superba,FALSE,TRUE,FALSE,FALSE,0,CC-BY-4.0,FALSE
Ficus tinctoria,TRUE,TRUE,FALSE,FALSE,0,CC-BY-4.0,FALSE
Ficus travancorica,FALSE,TRUE,FALSE,FALSE,0,CC-BY-4.0,FALSE
Ficus tsjakela,TRUE,TRUE,FALSE,FALSE,0,CC-BY-4.0,FALSE
Ficus virens,TRUE,TRUE,FALSE,FALSE,0,CC-BY-4.0,FALSE
Filicium decipiens,FALSE,TRUE,FALSE,FALSE,0,CC-BY-4.0,FALSE
Firmiana colorata,FALSE,TRUE,FALSE,FALSE,0,CC-BY-4.0,FALSE
Flacourtia montana,TRUE,TRUE,FALSE,FALSE,0,CC-BY-4.0,FALSE
Garcinia gummi-gutta,TRUE,TRUE,FALSE,FALSE,0,CC-BY-4.0,FALSE
Garcinia morella,TRUE,TRUE,FALSE,FALSE,0,CC-BY-4.0,FALSE
Garcinia pushpangadaniana,TRUE,TRUE,FALSE,FALSE,0,CC-BY-4.0,FALSE
Garcinia talbotii,FALSE,TRUE,FALSE,FALSE,0,CC-BY-4.0,FALSE
Gardneria ovata,FALSE,TRUE,FALSE,FALSE,0,CC-BY-4.0,FALSE
Gliricidia sepium,TRUE,TRUE,FALSE,FALSE,0,CC-BY-4.0,FALSE
Glochidion,FALSE,TRUE,FALSE,FALSE,0,CC-BY-4.0,FALSE
Glochidion bourdillonii,FALSE,TRUE,FALSE,FALSE,0,CC-BY-4.0,FALSE
Glochidion ellipticum,TRUE,TRUE,FALSE,FALSE,0,CC-BY-4.0,FALSE
Glochidion hohenackeri,FALSE,TRUE,FALSE,FALSE,0,CC-BY-4.0,FALSE
Glochidion zeylanicum,TRUE,TRUE,FALSE,FALSE,0,CC-BY-4.0,FALSE
Glycosmis,FALSE,TRUE,FALSE,FALSE,0,CC-BY-4.0,FALSE
Glycosmis macrocarpa,FALSE,TRUE,FALSE,FALSE,0,CC-BY-4.0,FALSE
Glycosmis pentaphylla,FALSE,TRUE,FALSE,FALSE,0,CC-BY-4.0,FALSE
Gmelina arborea,TRUE,FALSE,FALSE,FALSE,0,CC-BY-4.0,FALSE
Gnetum edule,FALSE,TRUE,FALSE,FALSE,0,CC-BY-4.0,FALSE
Gnidia glauca,FALSE,TRUE,FALSE,FALSE,0,CC-BY-4.0,FALSE
Gomphandra coriacea,TRUE,TRUE,FALSE,FALSE,0,CC-BY-4.0,FALSE
Goniothalamus rhynchantherus,FALSE,TRUE,FALSE,FALSE,0,CC-BY-4.0,FALSE
Goniothalamus wightii,FALSE,TRUE,FALSE,FALSE,0,CC-BY-4.0,FALSE
Grevillea robusta,TRUE,TRUE,FALSE,FALSE,0,CC-BY-4.0,FALSE
Grewia tiliifolia,FALSE,TRUE,FALSE,FALSE,0,CC-BY-4.0,FALSE
Grewia umbellata,FALSE,TRUE,FALSE,FALSE,0,CC-BY-4.0,FALSE
Gymnema,FALSE,TRUE,FALSE,FALSE,0,CC-BY-4.0,FALSE
Harpullia arborea,TRUE,TRUE,FALSE,FALSE,0,CC-BY-4.0,FALSE
Helicanthes elastica,FALSE,TRUE,FALSE,FALSE,0,CC-BY-4.0,FALSE
Helicia nilagirica,FALSE,TRUE,FALSE,FALSE,0,CC-BY-4.0,FALSE
Helicteres isora,FALSE,TRUE,FALSE,FALSE,0,CC-BY-4.0,FALSE
Heptapleurum macranthum,TRUE,TRUE,FALSE,FALSE,0,CC-BY-4.0,FALSE
Heptapleurum venulosum,FALSE,TRUE,FALSE,FALSE,0,CC-BY-4.0,FALSE
Heptapleurum wallichianum,FALSE,TRUE,FALSE,FALSE,0,CC-BY-4.0,FALSE
Heritiera papilio,TRUE,TRUE,FALSE,FALSE,0,CC-BY-4.0,FALSE
Hevea brasiliensis,FALSE,TRUE,FALSE,FALSE,0,CC-BY-4.0,FALSE
Heynea trijuga,TRUE,TRUE,FALSE,FALSE,0,CC-BY-4.0,FALSE
Hiptage benghalensis,TRUE,TRUE,FALSE,FALSE,0,CC-BY-4.0,FALSE
Holigarna arnottiana,FALSE,TRUE,FALSE,FALSE,0,CC-BY-4.0,FALSE
Holigarna grahamii,FALSE,TRUE,FALSE,FALSE,0,CC-BY-4.0,FALSE
Holigarna nigra,TRUE,TRUE,FALSE,FALSE,0,CC-BY-4.0,FALSE
Homonoia riparia,FALSE,TRUE,FALSE,FALSE,0,CC-BY-4.0,FALSE
Hopea parviflora,FALSE,TRUE,FALSE,FALSE,0,CC-BY-4.0,FALSE
Hydnocarpus alpinus,TRUE,TRUE,FALSE,FALSE,0,CC-BY-4.0,FALSE
Hydnocarpus pentandrus,TRUE,TRUE,FALSE,FALSE,0,CC-BY-4.0,FALSE
Hydrocotyle javanica,TRUE,FALSE,FALSE,FALSE,0,CC-BY-4.0,FALSE
Hypoestes phyllostachya,TRUE,FALSE,FALSE,FALSE,0,CC-BY-4.0,FALSE
Indianthus virgatus,FALSE,TRUE,FALSE,FALSE,0,CC-BY-4.0,FALSE
Isonandra,FALSE,TRUE,FALSE,FALSE,0,CC-BY-4.0,FALSE
Isonandra lanceolata,TRUE,TRUE,FALSE,FALSE,0,CC-BY-4.0,FALSE
Ixora,FALSE,TRUE,FALSE,FALSE,0,CC-BY-4.0,FALSE
Ixora brachiata,FALSE,TRUE,FALSE,FALSE,0,CC-BY-4.0,FALSE
Ixora nigricans,TRUE,TRUE,FALSE,FALSE,0,CC-BY-4.0,FALSE
Jasminum coarctatum,FALSE,TRUE,FALSE,FALSE,0,CC-BY-4.0,FALSE
Justicia,FALSE,TRUE,FALSE,FALSE,0,CC-BY-4.0,FALSE
Knema attenuata,TRUE,TRUE,FALSE,FALSE,0,CC-BY-4.0,FALSE
Kunstleria keralensis,TRUE,TRUE,FALSE,FALSE,0,CC-BY-4.0,FALSE
Lagerstroemia macrocarpa,FALSE,TRUE,FALSE,FALSE,0,CC-BY-4.0,FALSE
Lagerstroemia microcarpa,TRUE,TRUE,FALSE,FALSE,0,CC-BY-4.0,FALSE
Lagerstroemia parviflora,FALSE,TRUE,FALSE,FALSE,0,CC-BY-4.0,FALSE
Lantana camara,TRUE,TRUE,FALSE,FALSE,0,CC-BY-4.0,FALSE
Lasianthus,FALSE,TRUE,FALSE,FALSE,0,CC-BY-4.0,FALSE
Lasianthus hirsutus,FALSE,TRUE,FALSE,FALSE,0,CC-BY-4.0,FALSE
Lasianthus jackianus,TRUE,FALSE,FALSE,FALSE,0,CC-BY-4.0,FALSE
Leea indica,TRUE,TRUE,FALSE,FALSE,0,CC-BY-4.0,FALSE
Lepisanthes erecta,TRUE,TRUE,FALSE,FALSE,0,CC-BY-4.0,FALSE
Lepisanthes tetraphylla,TRUE,TRUE,FALSE,FALSE,0,CC-BY-4.0,FALSE
Ligustrum robustum,TRUE,TRUE,FALSE,FALSE,0,CC-BY-4.0,FALSE
Litsea,FALSE,TRUE,FALSE,FALSE,0,CC-BY-4.0,FALSE
Litsea bourdillonii,TRUE,TRUE,FALSE,FALSE,0,CC-BY-4.0,FALSE
Litsea coriacea,TRUE,TRUE,FALSE,FALSE,0,CC-BY-4.0,FALSE
Litsea floribunda,TRUE,TRUE,FALSE,FALSE,0,CC-BY-4.0,FALSE
Litsea ghatica,FALSE,TRUE,FALSE,FALSE,0,CC-BY-4.0,FALSE
Litsea insignis,FALSE,TRUE,FALSE,FALSE,0,CC-BY-4.0,FALSE
Litsea keralana,TRUE,FALSE,FALSE,FALSE,0,CC-BY-4.0,FALSE
Litsea laevigata,TRUE,FALSE,FALSE,FALSE,0,CC-BY-4.0,FALSE
Litsea ligustrina,TRUE,TRUE,FALSE,FALSE,0,CC-BY-4.0,FALSE
Litsea nigrescens,TRUE,TRUE,FALSE,FALSE,0,CC-BY-4.0,FALSE
Litsea oleoides,TRUE,TRUE,FALSE,FALSE,0,CC-BY-4.0,FALSE
Litsea stocksii,TRUE,TRUE,FALSE,FALSE,0,CC-BY-4.0,FALSE
Litsea udayanii,TRUE,TRUE,FALSE,FALSE,0,CC-BY-4.0,FALSE
Litsea wightiana,FALSE,TRUE,FALSE,FALSE,0,CC-BY-4.0,FALSE
Loeseneriella africana,FALSE,TRUE,FALSE,FALSE,0,CC-BY-4.0,FALSE
Lophopetalum wightianum,FALSE,TRUE,FALSE,FALSE,0,CC-BY-4.0,FALSE
Ludwigia octovalvis,FALSE,TRUE,FALSE,FALSE,0,CC-BY-4.0,FALSE
Luvunga sarmentosa,FALSE,TRUE,FALSE,FALSE,0,CC-BY-4.0,FALSE
Macaranga indica,TRUE,TRUE,FALSE,FALSE,0,CC-BY-4.0,FALSE
Macaranga peltata,TRUE,TRUE,FALSE,FALSE,0,CC-BY-4.0,FALSE
Machilus glaucescens,TRUE,TRUE,FALSE,FALSE,0,CC-BY-4.0,FALSE
Macrosolen capitellatus,FALSE,TRUE,FALSE,FALSE,0,CC-BY-4.0,FALSE
Macrosolen parasiticus,FALSE,TRUE,FALSE,FALSE,0,CC-BY-4.0,FALSE
Macrosolen trigonus,FALSE,TRUE,FALSE,FALSE,0,CC-BY-4.0,FALSE
Madhuca longifolia,FALSE,FALSE,TRUE,FALSE,3000,CC-BY-4.0,FALSE
Madhuca neriifolia,TRUE,TRUE,FALSE,FALSE,0,CC-BY-4.0,FALSE
Maesa indica,TRUE,TRUE,FALSE,FALSE,0,CC-BY-4.0,FALSE
Maesopsis eminii,TRUE,TRUE,FALSE,FALSE,0,CC-BY-4.0,FALSE
Magnolia champaca,TRUE,TRUE,FALSE,FALSE,0,CC-BY-4.0,FALSE
Magnolia nilagirica,FALSE,TRUE,FALSE,FALSE,0,CC-BY-4.0,FALSE
Mallotus,FALSE,TRUE,FALSE,FALSE,0,CC-BY-4.0,FALSE
Mallotus aureopunctatus,TRUE,FALSE,FALSE,FALSE,0,CC-BY-4.0,FALSE
Mallotus philippensis,TRUE,TRUE,FALSE,FALSE,0,CC-BY-4.0,FALSE
Mallotus resinosus,TRUE,TRUE,FALSE,FALSE,0,CC-BY-4.0,FALSE
Mallotus tetracoccus,TRUE,TRUE,FALSE,FALSE,0,CC-BY-4.0,FALSE
Mangifera indica,TRUE,TRUE,FALSE,FALSE,0,CC-BY-4.0,FALSE
Mangifera sylvatica,FALSE,FALSE,TRUE,FALSE,3000,CC-BY-4.0,FALSE
Margaritaria indica,TRUE,TRUE,FALSE,FALSE,0,CC-BY-4.0,FALSE
Mastixia arborea,TRUE,TRUE,FALSE,FALSE,0,CC-BY-4.0,FALSE
Meiogyne pannosa,TRUE,TRUE,FALSE,FALSE,0,CC-BY-4.0,FALSE
Melia dubia,FALSE,TRUE,FALSE,FALSE,0,CC-BY-4.0,FALSE
Melicope lunu-ankenda,TRUE,TRUE,FALSE,FALSE,0,CC-BY-4.0,FALSE
Meliosma pinnata,TRUE,TRUE,FALSE,FALSE,0,CC-BY-4.0,FALSE
Meliosma simplicifolia,TRUE,TRUE,FALSE,FALSE,0,CC-BY-4.0,FALSE
Memecylon,FALSE,TRUE,FALSE,FALSE,0,CC-BY-4.0,FALSE
Memecylon lawsonii,FALSE,TRUE,FALSE,FALSE,0,CC-BY-4.0,FALSE
Memecylon sessile,FALSE,TRUE,FALSE,FALSE,0,CC-BY-4.0,FALSE
Memecylon sisparense,FALSE,TRUE,FALSE,FALSE,0,CC-BY-4.0,FALSE
Memecylon talbotianum,FALSE,TRUE,FALSE,FALSE,0,CC-BY-4.0,FALSE
Memecylon umbellatum,TRUE,FALSE,FALSE,FALSE,0,CC-BY-4.0,FALSE
Memecylon wightii,FALSE,TRUE,FALSE,FALSE,0,CC-BY-4.0,FALSE
Mesua ferrea,TRUE,TRUE,FALSE,FALSE,0,CC-BY-4.0,FALSE
Meyna laxiflora,FALSE,TRUE,FALSE,FALSE,0,CC-BY-4.0,FALSE
Mezoneuron cucullatum,TRUE,TRUE,FALSE,FALSE,0,CC-BY-4.0,FALSE
Micrococca mercurialis,TRUE,TRUE,FALSE,FALSE,0,CC-BY-4.0,FALSE
Microtropis latifolia,FALSE,TRUE,FALSE,FALSE,0,CC-BY-4.0,FALSE
Microtropis wallichiana,TRUE,TRUE,FALSE,FALSE,0,CC-BY-4.0,FALSE
Mikania micrantha,TRUE,FALSE,FALSE,FALSE,0,CC-BY-4.0,FALSE
Miliusa montana,FALSE,TRUE,FALSE,FALSE,0,CC-BY-4.0,FALSE
Millettia,FALSE,TRUE,FALSE,FALSE,0,CC-BY-4.0,FALSE
Millettia rubiginosa,FALSE,TRUE,FALSE,FALSE,0,CC-BY-4.0,FALSE
Mimosa pudica,TRUE,FALSE,FALSE,FALSE,0,CC-BY-4.0,FALSE
Mimusops elengi,FALSE,TRUE,FALSE,FALSE,0,CC-BY-4.0,FALSE
Mitragyna tubulosa,FALSE,TRUE,FALSE,FALSE,0,CC-BY-4.0,FALSE
Monoon coffeoides,FALSE,TRUE,FALSE,FALSE,0,CC-BY-4.0,FALSE
Monoon fragrans,TRUE,FALSE,FALSE,FALSE,0,CC-BY-4.0,FALSE
Montanoa hibiscifolia,TRUE,TRUE,FALSE,FALSE,0,CC-BY-4.0,FALSE
Murraya koenigii,TRUE,FALSE,FALSE,FALSE,0,CC-BY-4.0,FALSE
Murraya paniculata,TRUE,TRUE,FALSE,FALSE,0,CC-BY-4.0,FALSE
Mussaenda glabrata,FALSE,TRUE,FALSE,FALSE,0,CC-BY-4.0,FALSE
Myristica beddomei,TRUE,TRUE,FALSE,FALSE,0,CC-BY-4.0,FALSE
Myrsine wightiana,FALSE,TRUE,FALSE,FALSE,0,CC-BY-4.0,FALSE
Myxopyrum smilacifolium,FALSE,TRUE,FALSE,FALSE,0,CC-BY-4.0,FALSE
NA,TRUE,FALSE,FALSE,FALSE,0,CC-BY-4.0,FALSE
Nageia wallichiana,TRUE,TRUE,FALSE,FALSE,0,CC-BY-4.0,FALSE
Neolamarckia cadamba,FALSE,TRUE,FALSE,FALSE,0,CC-BY-4.0,FALSE
Neolitsea,FALSE,TRUE,FALSE,FALSE,0,CC-BY-4.0,FALSE
Neolitsea foliosa,TRUE,TRUE,FALSE,FALSE,0,CC-BY-4.0,FALSE
Neolitsea zeylanica,TRUE,FALSE,FALSE,FALSE,0,CC-BY-4.0,FALSE
Nothapodytes nimmoniana,TRUE,TRUE,FALSE,FALSE,0,CC-BY-4.0,FALSE
Nothopegia,FALSE,TRUE,FALSE,FALSE,0,CC-BY-4.0,FALSE
Nothopegia beddomei,TRUE,TRUE,FALSE,FALSE,0,CC-BY-4.0,FALSE
Nothopegia castaneifolia,TRUE,TRUE,FALSE,FALSE,0,CC-BY-4.0,FALSE
Nymphaea,FALSE,TRUE,FALSE,FALSE,0,CC-BY-4.0,FALSE
Ochlandra,FALSE,TRUE,FALSE,FALSE,0,CC-BY-4.0,FALSE
Olax psittacorum,FALSE,TRUE,FALSE,FALSE,0,CC-BY-4.0,FALSE
Olea paniculata,FALSE,TRUE,FALSE,FALSE,0,CC-BY-4.0,FALSE
Oreocnide integrifolia,TRUE,TRUE,FALSE,FALSE,0,CC-BY-4.0,FALSE
Ormosia travancorica,TRUE,TRUE,FALSE,FALSE,0,CC-BY-4.0,FALSE
Orophea erythrocarpa,TRUE,TRUE,FALSE,FALSE,0,CC-BY-4.0,FALSE
Orophea thomsonii,TRUE,TRUE,FALSE,FALSE,0,CC-BY-4.0,FALSE
Orophea zeylanica,TRUE,FALSE,FALSE,FALSE,0,CC-BY-4.0,FALSE
Otonephelium stipulaceum,TRUE,TRUE,FALSE,FALSE,0,CC-BY-4.0,FALSE
Oxyceros rugulosus,FALSE,TRUE,FALSE,FALSE,0,CC-BY-4.0,FALSE
Pajanelia longifolia,FALSE,TRUE,FALSE,FALSE,0,CC-BY-4.0,FALSE
Palaquium ellipticum,TRUE,TRUE,FALSE,FALSE,0,CC-BY-4.0,FALSE
Palaquium ravii,TRUE,TRUE,FALSE,FALSE,0,CC-BY-4.0,FALSE
Pandanus,FALSE,TRUE,FALSE,FALSE,0,CC-BY-4.0,FALSE
Paracroton pendulus,TRUE,TRUE,FALSE,FALSE,0,CC-BY-4.0,FALSE
Pavetta indica,FALSE,TRUE,FALSE,FALSE,0,CC-BY-4.0,FALSE
Peltophorum pterocarpum,TRUE,FALSE,FALSE,FALSE,0,CC-BY-4.0,FALSE
Phoebe arnottii,TRUE,FALSE,FALSE,FALSE,0,CC-BY-4.0,FALSE
Phoebe lanceolata,TRUE,TRUE,FALSE,FALSE,0,CC-BY-4.0,FALSE
Phoebe wightii,TRUE,TRUE,FALSE,FALSE,0,CC-BY-4.0,FALSE
Phyllanthus,FALSE,TRUE,FALSE,FALSE,0,CC-BY-4.0,FALSE
Phyllanthus anamalayanus,FALSE,TRUE,FALSE,FALSE,0,CC-BY-4.0,FALSE
Phyllanthus emblica,FALSE,TRUE,TRUE,FALSE,3000,CC-BY-4.0,TRUE
Pinus roxburghii,FALSE,FALSE,TRUE,FALSE,3000,CC-BY-4.0,FALSE
Piper barberi,FALSE,TRUE,FALSE,FALSE,0,CC-BY-4.0,FALSE
Piper umbellatum,TRUE,TRUE,FALSE,FALSE,0,CC-BY-4.0,FALSE
Poeciloneuron indicum,TRUE,TRUE,FALSE,FALSE,0,CC-BY-4.0,FALSE
Pogostemon benghalensis,TRUE,TRUE,FALSE,FALSE,0,CC-BY-4.0,FALSE
Polyalthia fragrans,TRUE,TRUE,FALSE,FALSE,0,CC-BY-4.0,FALSE
Polygala arillata,FALSE,TRUE,FALSE,FALSE,0,CC-BY-4.0,FALSE
Polyspora obtusa,FALSE,TRUE,FALSE,FALSE,0,CC-BY-4.0,FALSE
Pothos scandens,FALSE,TRUE,FALSE,FALSE,0,CC-BY-4.0,FALSE
Premna coriacea,FALSE,TRUE,FALSE,FALSE,0,CC-BY-4.0,FALSE
Prioria pinnata,FALSE,TRUE,FALSE,FALSE,0,CC-BY-4.0,FALSE
Prismatomeris tetrandra,FALSE,TRUE,FALSE,FALSE,0,CC-BY-4.0,FALSE
Prunus ceylanica,TRUE,TRUE,FALSE,FALSE,0,CC-BY-4.0,FALSE
Psidium guajava,TRUE,TRUE,FALSE,FALSE,0,CC-BY-4.0,FALSE
Psychotria,FALSE,TRUE,FALSE,FALSE,0,CC-BY-4.0,FALSE
Psychotria anamallayana,TRUE,TRUE,FALSE,FALSE,0,CC-BY-4.0,FALSE
Psychotria barberi,FALSE,TRUE,FALSE,FALSE,0,CC-BY-4.0,FALSE
Psychotria elongata,FALSE,TRUE,FALSE,FALSE,0,CC-BY-4.0,FALSE
Psychotria nigra,TRUE,TRUE,FALSE,FALSE,0,CC-BY-4.0,FALSE
Psydrax dicoccos,FALSE,TRUE,FALSE,FALSE,0,CC-BY-4.0,FALSE
Psydrax umbellatus,FALSE,TRUE,FALSE,FALSE,0,CC-BY-4.0,FALSE
Pterospermum reticulatum,FALSE,TRUE,FALSE,FALSE,0,CC-BY-4.0,FALSE
Pterospermum rubiginosum,FALSE,TRUE,FALSE,FALSE,0,CC-BY-4.0,FALSE
Pterygota alata,FALSE,TRUE,FALSE,FALSE,0,CC-BY-4.0,FALSE
Quercus leucotrichophora,FALSE,FALSE,TRUE,FALSE,3000,CC-BY-4.0,FALSE
Radermachera xylocarpa,FALSE,TRUE,FALSE,FALSE,0,CC-BY-4.0,FALSE
Rauvolfia verticillata,TRUE,TRUE,FALSE,FALSE,0,CC-BY-4.0,FALSE
Reinwardtiodendron anamalaiense,TRUE,TRUE,FALSE,FALSE,0,CC-BY-4.0,FALSE
Rhaphidophora pertusa,FALSE,TRUE,FALSE,FALSE,0,CC-BY-4.0,FALSE
Rhododendron arboreum,FALSE,FALSE,TRUE,FALSE,3000,CC-BY-4.0,FALSE
Rourea minor,FALSE,TRUE,FALSE,FALSE,0,CC-BY-4.0,FALSE
Rubus,FALSE,TRUE,FALSE,FALSE,0,CC-BY-4.0,FALSE
Sabia,FALSE,TRUE,FALSE,FALSE,0,CC-BY-4.0,FALSE
Sageraea thwaitesii,FALSE,TRUE,FALSE,FALSE,0,CC-BY-4.0,FALSE
Salacia fruticosa,TRUE,TRUE,FALSE,FALSE,0,CC-BY-4.0,FALSE
Salix tetrasperma,FALSE,TRUE,FALSE,FALSE,0,CC-BY-4.0,FALSE
Samanea saman,FALSE,TRUE,FALSE,FALSE,0,CC-BY-4.0,FALSE
Sapindus,FALSE,TRUE,FALSE,FALSE,0,CC-BY-4.0,FALSE
Sapindus trifoliatus,FALSE,TRUE,FALSE,FALSE,0,CC-BY-4.0,FALSE
Saprosma glomerata,FALSE,TRUE,FALSE,FALSE,0,CC-BY-4.0,FALSE
Sarcandra chloranthoides,TRUE,TRUE,FALSE,FALSE,0,CC-BY-4.0,FALSE
Sarcococca,FALSE,TRUE,FALSE,FALSE,0,CC-BY-4.0,FALSE
Sarcococca coriacea,TRUE,FALSE,FALSE,FALSE,0,CC-BY-4.0,FALSE
Sarcostigma kleinii,FALSE,TRUE,FALSE,FALSE,0,CC-BY-4.0,FALSE
Schefflera,FALSE,TRUE,FALSE,FALSE,0,CC-BY-4.0,FALSE
Schleichera oleosa,FALSE,TRUE,FALSE,FALSE,0,CC-BY-4.0,FALSE
Scolopia crenata,TRUE,TRUE,FALSE,FALSE,0,CC-BY-4.0,FALSE
Semecarpus travancoricus,TRUE,TRUE,FALSE,FALSE,0,CC-BY-4.0,FALSE
Senegalia catechu,FALSE,FALSE,TRUE,FALSE,3000,CC-BY-4.0,FALSE
Senegalia pennata,FALSE,TRUE,FALSE,FALSE,0,CC-BY-4.0,FALSE
Senna spectabilis,FALSE,TRUE,FALSE,FALSE,0,CC-BY-4.0,FALSE
Senna tora,TRUE,FALSE,FALSE,FALSE,0,CC-BY-4.0,FALSE
Shorea robusta,FALSE,FALSE,TRUE,FALSE,3000,CC-BY-4.0,FALSE
Smilax,FALSE,TRUE,FALSE,FALSE,0,CC-BY-4.0,FALSE
Smythea bombaiensis,FALSE,TRUE,FALSE,FALSE,0,CC-BY-4.0,FALSE
Solanum,FALSE,TRUE,FALSE,FALSE,0,CC-BY-4.0,FALSE
Solanum nigrum,TRUE,FALSE,FALSE,FALSE,0,CC-BY-4.0,FALSE
Solanum pseudocapsicum,TRUE,FALSE,FALSE,FALSE,0,CC-BY-4.0,FALSE
Solanum torvum,TRUE,FALSE,FALSE,FALSE,0,CC-BY-4.0,FALSE
Spathodea campanulata,TRUE,TRUE,FALSE,FALSE,0,CC-BY-4.0,FALSE
Spatholobus purpureus,FALSE,TRUE,FALSE,FALSE,0,CC-BY-4.0,FALSE
Sphagneticola trilobata,TRUE,FALSE,FALSE,FALSE,0,CC-BY-4.0,FALSE
Spondias pinnata,TRUE,TRUE,FALSE,FALSE,0,CC-BY-4.0,FALSE
Stachytarpheta cayennensis,TRUE,FALSE,FALSE,FALSE,0,CC-BY-4.0,FALSE
Stephanotis volubilis,FALSE,TRUE,FALSE,FALSE,0,CC-BY-4.0,FALSE
Sterculia guttata,TRUE,TRUE,FALSE,FALSE,0,CC-BY-4.0,FALSE
Stereospermum colais,FALSE,TRUE,FALSE,FALSE,0,CC-BY-4.0,FALSE
Strobilanthes,FALSE,TRUE,FALSE,FALSE,0,CC-BY-4.0,FALSE
Strobilanthes barbata,FALSE,TRUE,FALSE,FALSE,0,CC-BY-4.0,FALSE
Strobocalyx arborea,TRUE,TRUE,FALSE,FALSE,0,CC-BY-4.0,FALSE
Strombosia ceylanica,TRUE,TRUE,FALSE,FALSE,0,CC-BY-4.0,FALSE
Strychnos,FALSE,TRUE,FALSE,FALSE,0,CC-BY-4.0,FALSE
Swietenia,FALSE,TRUE,FALSE,FALSE,0,CC-BY-4.0,FALSE
Symplocos,FALSE,TRUE,FALSE,FALSE,0,CC-BY-4.0,FALSE
Symplocos cochinchinensis,TRUE,TRUE,FALSE,FALSE,0,CC-BY-4.0,FALSE
Symplocos macrophylla,TRUE,TRUE,FALSE,FALSE,0,CC-BY-4.0,FALSE
Symplocos racemosa,TRUE,TRUE,FALSE,FALSE,0,CC-BY-4.0,FALSE
Syzygium,FALSE,TRUE,FALSE,FALSE,0,CC-BY-4.0,FALSE
Syzygium caryophyllatum,FALSE,TRUE,FALSE,FALSE,0,CC-BY-4.0,FALSE
Syzygium cumini,TRUE,TRUE,FALSE,FALSE,0,CC-BY-4.0,FALSE
Syzygium densiflorum,TRUE,TRUE,FALSE,FALSE,0,CC-BY-4.0,FALSE
Syzygium gardneri,TRUE,TRUE,FALSE,FALSE,0,CC-BY-4.0,FALSE
Syzygium hemisphericum,TRUE,TRUE,FALSE,FALSE,0,CC-BY-4.0,FALSE
Syzygium jambos,TRUE,TRUE,FALSE,FALSE,0,CC-BY-4.0,FALSE
Syzygium laetum,TRUE,TRUE,FALSE,FALSE,0,CC-BY-4.0,FALSE
Syzygium lanceolatum,TRUE,TRUE,FALSE,FALSE,0,CC-BY-4.0,FALSE
Syzygium mundagam,TRUE,FALSE,FALSE,FALSE,0,CC-BY-4.0,FALSE
Syzygium munroi,TRUE,FALSE,FALSE,FALSE,0,CC-BY-4.0,FALSE
Syzygium munronii,TRUE,TRUE,FALSE,FALSE,0,CC-BY-4.0,FALSE
Syzygium rubicundum,TRUE,TRUE,FALSE,FALSE,0,CC-BY-4.0,FALSE
Syzygium zeylanicum,FALSE,TRUE,FALSE,FALSE,0,CC-BY-4.0,FALSE
Tabernaemontana alternifolia,TRUE,TRUE,FALSE,FALSE,0,CC-BY-4.0,FALSE
Tabernaemontana gamblei,FALSE,TRUE,FALSE,FALSE,0,CC-BY-4.0,FALSE
Tarenna asiatica,FALSE,TRUE,FALSE,FALSE,0,CC-BY-4.0,FALSE
Taxillus tomentosus,FALSE,TRUE,FALSE,FALSE,0,CC-BY-4.0,FALSE
Taxus baccata,FALSE,FALSE,TRUE,FALSE,3000,CC-BY-4.0,FALSE
Terminalia bellirica,TRUE,TRUE,FALSE,FALSE,0,CC-BY-4.0,FALSE
Terminalia paniculata,TRUE,TRUE,FALSE,FALSE,0,CC-BY-4.0,FALSE
Ternstroemia gymnanthera,FALSE,TRUE,FALSE,FALSE,0,CC-BY-4.0,FALSE
Tetrameles nudiflora,TRUE,TRUE,FALSE,FALSE,0,CC-BY-4.0,FALSE
Tetrapilus dioicus,TRUE,TRUE,FALSE,FALSE,0,CC-BY-4.0,FALSE
Thottea,FALSE,TRUE,FALSE,FALSE,0,CC-BY-4.0,FALSE
Thottea siliquosa,TRUE,TRUE,FALSE,FALSE,0,CC-BY-4.0,FALSE
Thottea sivarajanii,FALSE,TRUE,FALSE,FALSE,0,CC-BY-4.0,FALSE
Tithonia diversifolia,TRUE,FALSE,FALSE,FALSE,0,CC-BY-4.0,FALSE
Toona ciliata,TRUE,TRUE,FALSE,FALSE,0,CC-BY-4.0,FALSE
Toona sinensis,TRUE,FALSE,FALSE,FALSE,0,CC-BY-4.0,FALSE
Tournefortia,FALSE,TRUE,FALSE,FALSE,0,CC-BY-4.0,FALSE
Tracheophyta,FALSE,TRUE,FALSE,FALSE,0,CC-BY-4.0,FALSE
Trema orientale,TRUE,TRUE,FALSE,FALSE,0,CC-BY-4.0,FALSE
Tritaxis,FALSE,TRUE,FALSE,FALSE,0,CC-BY-4.0,FALSE
Tritaxis beddomei,TRUE,TRUE,FALSE,FALSE,0,CC-BY-4.0,FALSE
Tritaxis glabella,FALSE,TRUE,FALSE,FALSE,0,CC-BY-4.0,FALSE
Turpinia cochinchinensis,FALSE,TRUE,FALSE,FALSE,0,CC-BY-4.0,FALSE
Turpinia malabarica,TRUE,TRUE,FALSE,FALSE,0,CC-BY-4.0,FALSE
Turraea pubescens,FALSE,TRUE,FALSE,FALSE,0,CC-BY-4.0,FALSE
Urena lobata,TRUE,FALSE,FALSE,FALSE,0,CC-BY-4.0,FALSE
Uvaria narum,FALSE,TRUE,FALSE,FALSE,0,CC-BY-4.0,FALSE
Vateria indica,TRUE,TRUE,FALSE,FALSE,0,CC-BY-4.0,FALSE
Ventilago,FALSE,TRUE,FALSE,FALSE,0,CC-BY-4.0,FALSE
Vepris bilocularis,TRUE,TRUE,FALSE,FALSE,0,CC-BY-4.0,FALSE
Viburnum punctatum,TRUE,TRUE,FALSE,FALSE,0,CC-BY-4.0,FALSE
Vitex altissima,TRUE,TRUE,FALSE,FALSE,0,CC-BY-4.0,FALSE
Wrightia arborea,TRUE,FALSE,FALSE,FALSE,0,CC-BY-4.0,FALSE
Xanthophyllum flavescens,TRUE,TRUE,FALSE,FALSE,0,CC-BY-4.0,FALSE
Zanthoxylum asiaticum,TRUE,TRUE,FALSE,FALSE,0,CC-BY-4.0,FALSE
Zanthoxylum ovalifolium,FALSE,TRUE,FALSE,FALSE,0,CC-BY-4.0,FALSE
Zanthoxylum rhetsa,TRUE,TRUE,FALSE,FALSE,0,CC-BY-4.0,FALSE
Zingiberaceae,FALSE,TRUE,FALSE,FALSE,0,CC-BY-4.0,FALSE
Ziziphus oenopolia,FALSE,TRUE,FALSE,FALSE,0,CC-BY-4.0,FALSE
Ziziphus rugosa,FALSE,TRUE,FALSE,FALSE,0,CC-BY-4.0,FALSE
coffee,TRUE,FALSE,FALSE,FALSE,0,CC-BY-4.0,FALSE
grass,TRUE,FALSE,FALSE,FALSE,0,CC-BY-4.0,FALSE
wedelia,TRUE,FALSE,FALSE,FALSE,0,CC-BY-4.0,FALSE
